/*
Navicat MySQL Data Transfer

Source Server         : scott
Source Server Version : 50624
Source Host           : 127.0.0.1:3306
Source Database       : jkdb

Target Server Type    : MYSQL
Target Server Version : 50624
File Encoding         : 65001

Date: 2017-07-26 17:00:32
*/

SET FOREIGN_KEY_CHECKS=0;

-- ----------------------------
-- Table structure for access_log_p
-- ----------------------------
DROP TABLE IF EXISTS `access_log_p`;
CREATE TABLE `access_log_p` (
  `ACCESS_LOG_ID` varchar(40) NOT NULL,
  `DEPT_NAME` varchar(100) DEFAULT NULL,
  `USER_NAME` varchar(40) DEFAULT NULL,
  `MODULE_NAME` varchar(200) DEFAULT NULL,
  `CURL` varchar(400) DEFAULT NULL,
  `CREATE_BY` varchar(40) DEFAULT NULL,
  `CREATE_TIME` datetime DEFAULT NULL,
  PRIMARY KEY (`ACCESS_LOG_ID`)
) ENGINE=InnoDB DEFAULT CHARSET=utf8;

-- ----------------------------
-- Records of access_log_p
-- ----------------------------

-- ----------------------------
-- Table structure for act_evt_log
-- ----------------------------
DROP TABLE IF EXISTS `act_evt_log`;
CREATE TABLE `act_evt_log` (
  `LOG_NR_` bigint(20) NOT NULL AUTO_INCREMENT,
  `TYPE_` varchar(64) COLLATE utf8_bin DEFAULT NULL,
  `PROC_DEF_ID_` varchar(64) COLLATE utf8_bin DEFAULT NULL,
  `PROC_INST_ID_` varchar(64) COLLATE utf8_bin DEFAULT NULL,
  `EXECUTION_ID_` varchar(64) COLLATE utf8_bin DEFAULT NULL,
  `TASK_ID_` varchar(64) COLLATE utf8_bin DEFAULT NULL,
  `TIME_STAMP_` timestamp NOT NULL DEFAULT CURRENT_TIMESTAMP ON UPDATE CURRENT_TIMESTAMP,
  `USER_ID_` varchar(255) COLLATE utf8_bin DEFAULT NULL,
  `DATA_` longblob,
  `LOCK_OWNER_` varchar(255) COLLATE utf8_bin DEFAULT NULL,
  `LOCK_TIME_` timestamp NULL DEFAULT NULL,
  `IS_PROCESSED_` tinyint(4) DEFAULT '0',
  PRIMARY KEY (`LOG_NR_`)
) ENGINE=InnoDB DEFAULT CHARSET=utf8 COLLATE=utf8_bin;

-- ----------------------------
-- Records of act_evt_log
-- ----------------------------

-- ----------------------------
-- Table structure for act_ge_bytearray
-- ----------------------------
DROP TABLE IF EXISTS `act_ge_bytearray`;
CREATE TABLE `act_ge_bytearray` (
  `ID_` varchar(64) COLLATE utf8_bin NOT NULL DEFAULT '',
  `REV_` int(11) DEFAULT NULL,
  `NAME_` varchar(255) COLLATE utf8_bin DEFAULT NULL,
  `DEPLOYMENT_ID_` varchar(64) COLLATE utf8_bin DEFAULT NULL,
  `BYTES_` longblob,
  `GENERATED_` tinyint(4) DEFAULT NULL,
  PRIMARY KEY (`ID_`),
  KEY `ACT_FK_BYTEARR_DEPL` (`DEPLOYMENT_ID_`),
  CONSTRAINT `ACT_FK_BYTEARR_DEPL` FOREIGN KEY (`DEPLOYMENT_ID_`) REFERENCES `act_re_deployment` (`ID_`)
) ENGINE=InnoDB DEFAULT CHARSET=utf8 COLLATE=utf8_bin;

-- ----------------------------
-- Records of act_ge_bytearray
-- ----------------------------
INSERT INTO `act_ge_bytearray` VALUES ('45002', '1', 'cargo.bpmn', '45001', 0x3C3F786D6C2076657273696F6E3D22312E302220656E636F64696E673D225554462D38223F3E0A3C646566696E6974696F6E7320786D6C6E733D22687474703A2F2F7777772E6F6D672E6F72672F737065632F42504D4E2F32303130303532342F4D4F44454C2220786D6C6E733A7873693D22687474703A2F2F7777772E77332E6F72672F323030312F584D4C536368656D612D696E7374616E63652220786D6C6E733A7873643D22687474703A2F2F7777772E77332E6F72672F323030312F584D4C536368656D612220786D6C6E733A61637469766974693D22687474703A2F2F61637469766974692E6F72672F62706D6E2220786D6C6E733A62706D6E64693D22687474703A2F2F7777772E6F6D672E6F72672F737065632F42504D4E2F32303130303532342F44492220786D6C6E733A6F6D6764633D22687474703A2F2F7777772E6F6D672E6F72672F737065632F44442F32303130303532342F44432220786D6C6E733A6F6D6764693D22687474703A2F2F7777772E6F6D672E6F72672F737065632F44442F32303130303532342F44492220747970654C616E67756167653D22687474703A2F2F7777772E77332E6F72672F323030312F584D4C536368656D61222065787072657373696F6E4C616E67756167653D22687474703A2F2F7777772E77332E6F72672F313939392F585061746822207461726765744E616D6573706163653D22687474703A2F2F7777772E61637469766974692E6F72672F74657374223E0A20203C70726F636573732069643D22636172676F22206E616D653D22636172676F2220697345786563757461626C653D2274727565223E0A202020203C73746172744576656E742069643D2273746172746576656E743122206E616D653D225374617274223E3C2F73746172744576656E743E0A202020203C757365725461736B2069643D22757365727461736B3122206E616D653D22E8B4ADE99480E59088E5908C222061637469766974693A61737369676E65653D22247B7573657249647D222061637469766974693A666F726D4B65793D222F636172676F2F636F6E7472616374223E3C2F757365725461736B3E0A202020203C73657175656E6365466C6F772069643D22666C6F77312220736F757263655265663D2273746172746576656E743122207461726765745265663D22757365727461736B31223E3C2F73657175656E6365466C6F773E0A202020203C757365725461736B2069643D22757365727461736B3222206E616D653D22E587BAE58FA3E68AA5E8BF90222061637469766974693A61737369676E65653D22247B7573657249647D222061637469766974693A666F726D4B65793D222F636172676F2F6578706F7274223E3C2F757365725461736B3E0A202020203C73657175656E6365466C6F772069643D22666C6F773222206E616D653D22E794B3E8AFB72220736F757263655265663D22757365727461736B3122207461726765745265663D22757365727461736B32223E0A2020202020203C636F6E646974696F6E45787072657373696F6E207873693A747970653D2274466F726D616C45787072657373696F6E223E3C215B43444154415B247B6F7574636F6D653D3D27E794B3E8AFB7277D5D5D3E3C2F636F6E646974696F6E45787072657373696F6E3E0A202020203C2F73657175656E6365466C6F773E0A202020203C757365725461736B2069643D22757365727461736B3322206E616D653D22E8A385E7AEB1222061637469766974693A61737369676E65653D22247B7573657249647D222061637469766974693A666F726D4B65793D222F636172676F2F7061636B696E676C697374223E3C2F757365725461736B3E0A202020203C73657175656E6365466C6F772069643D22666C6F773322206E616D653D22E689B9E587862220736F757263655265663D22757365727461736B3222207461726765745265663D22757365727461736B33223E0A2020202020203C636F6E646974696F6E45787072657373696F6E207873693A747970653D2274466F726D616C45787072657373696F6E223E3C215B43444154415B247B6F7574636F6D653D3D27E689B9E58786277D5D5D3E3C2F636F6E646974696F6E45787072657373696F6E3E0A202020203C2F73657175656E6365466C6F773E0A202020203C757365725461736B2069643D22757365727461736B3422206E616D653D22E5A794E68998222061637469766974693A61737369676E65653D22247B7573657249647D223E3C2F757365725461736B3E0A202020203C73657175656E6365466C6F772069643D22666C6F773422206E616D653D22E689B9E587862220736F757263655265663D22757365727461736B3322207461726765745265663D22757365727461736B34223E0A2020202020203C636F6E646974696F6E45787072657373696F6E207873693A747970653D2274466F726D616C45787072657373696F6E223E3C215B43444154415B247B6F7574636F6D653D3D27E689B9E58786277D5D5D3E3C2F636F6E646974696F6E45787072657373696F6E3E0A202020203C2F73657175656E6365466C6F773E0A202020203C757365725461736B2069643D22757365727461736B3522206E616D653D22E58F91E7A5A8222061637469766974693A61737369676E65653D22247B7573657249647D223E3C2F757365725461736B3E0A202020203C73657175656E6365466C6F772069643D22666C6F773522206E616D653D22E689B9E587862220736F757263655265663D22757365727461736B3422207461726765745265663D22757365727461736B35223E0A2020202020203C636F6E646974696F6E45787072657373696F6E207873693A747970653D2274466F726D616C45787072657373696F6E223E3C215B43444154415B247B6F7574636F6D653D3D27E689B9E58786277D5D5D3E3C2F636F6E646974696F6E45787072657373696F6E3E0A202020203C2F73657175656E6365466C6F773E0A202020203C757365725461736B2069643D22757365727461736B3622206E616D653D22E8B4A2E58AA1222061637469766974693A61737369676E65653D22247B7573657249647D223E3C2F757365725461736B3E0A202020203C73657175656E6365466C6F772069643D22666C6F773622206E616D653D22E689B9E587862220736F757263655265663D22757365727461736B3522207461726765745265663D22757365727461736B36223E0A2020202020203C636F6E646974696F6E45787072657373696F6E207873693A747970653D2274466F726D616C45787072657373696F6E223E3C215B43444154415B247B6F7574636F6D653D3D27E689B9E58786277D5D5D3E3C2F636F6E646974696F6E45787072657373696F6E3E0A202020203C2F73657175656E6365466C6F773E0A202020203C656E644576656E742069643D22656E646576656E743122206E616D653D22456E64223E3C2F656E644576656E743E0A202020203C73657175656E6365466C6F772069643D22666C6F77372220736F757263655265663D22757365727461736B3622207461726765745265663D22656E646576656E7431223E3C2F73657175656E6365466C6F773E0A202020203C73657175656E6365466C6F772069643D22666C6F773822206E616D653D22E9A9B3E59B9E2220736F757263655265663D22757365727461736B3222207461726765745265663D22757365727461736B31223E0A2020202020203C636F6E646974696F6E45787072657373696F6E207873693A747970653D2274466F726D616C45787072657373696F6E223E3C215B43444154415B247B6F7574636F6D653D3D27E9A9B3E59B9E277D5D5D3E3C2F636F6E646974696F6E45787072657373696F6E3E0A202020203C2F73657175656E6365466C6F773E0A202020203C73657175656E6365466C6F772069643D22666C6F773922206E616D653D22E9A9B3E59B9E2220736F757263655265663D22757365727461736B3322207461726765745265663D22757365727461736B32223E0A2020202020203C636F6E646974696F6E45787072657373696F6E207873693A747970653D2274466F726D616C45787072657373696F6E223E3C215B43444154415B247B6F7574636F6D653D3D27E9A9B3E59B9E277D5D5D3E3C2F636F6E646974696F6E45787072657373696F6E3E0A202020203C2F73657175656E6365466C6F773E0A202020203C73657175656E6365466C6F772069643D22666C6F77313022206E616D653D22E9A9B3E59B9E2220736F757263655265663D22757365727461736B3422207461726765745265663D22757365727461736B33223E0A2020202020203C636F6E646974696F6E45787072657373696F6E207873693A747970653D2274466F726D616C45787072657373696F6E223E3C215B43444154415B247B6F7574636F6D653D3D27E9A9B3E59B9E277D5D5D3E3C2F636F6E646974696F6E45787072657373696F6E3E0A202020203C2F73657175656E6365466C6F773E0A202020203C73657175656E6365466C6F772069643D22666C6F77313122206E616D653D22E9A9B3E59B9E2220736F757263655265663D22757365727461736B3522207461726765745265663D22757365727461736B34223E0A2020202020203C636F6E646974696F6E45787072657373696F6E207873693A747970653D2274466F726D616C45787072657373696F6E223E3C215B43444154415B247B6F7574636F6D653D3D27E9A9B3E59B9E277D5D5D3E3C2F636F6E646974696F6E45787072657373696F6E3E0A202020203C2F73657175656E6365466C6F773E0A202020203C73657175656E6365466C6F772069643D22666C6F77313222206E616D653D22E9A9B3E59B9E2220736F757263655265663D22757365727461736B3622207461726765745265663D22757365727461736B35223E0A2020202020203C636F6E646974696F6E45787072657373696F6E207873693A747970653D2274466F726D616C45787072657373696F6E223E3C215B43444154415B247B6F7574636F6D653D3D27E9A9B3E59B9E277D5D5D3E3C2F636F6E646974696F6E45787072657373696F6E3E0A202020203C2F73657175656E6365466C6F773E0A20203C2F70726F636573733E0A20203C62706D6E64693A42504D4E4469616772616D2069643D2242504D4E4469616772616D5F636172676F223E0A202020203C62706D6E64693A42504D4E506C616E652062706D6E456C656D656E743D22636172676F222069643D2242504D4E506C616E655F636172676F223E0A2020202020203C62706D6E64693A42504D4E53686170652062706D6E456C656D656E743D2273746172746576656E7431222069643D2242504D4E53686170655F73746172746576656E7431223E0A20202020202020203C6F6D6764633A426F756E6473206865696768743D2233352E30222077696474683D2233352E302220783D223430352E302220793D2231372E30223E3C2F6F6D6764633A426F756E64733E0A2020202020203C2F62706D6E64693A42504D4E53686170653E0A2020202020203C62706D6E64693A42504D4E53686170652062706D6E456C656D656E743D22757365727461736B31222069643D2242504D4E53686170655F757365727461736B31223E0A20202020202020203C6F6D6764633A426F756E6473206865696768743D2235352E30222077696474683D223130352E302220783D223337302E302220793D2239302E30223E3C2F6F6D6764633A426F756E64733E0A2020202020203C2F62706D6E64693A42504D4E53686170653E0A2020202020203C62706D6E64693A42504D4E53686170652062706D6E456C656D656E743D22757365727461736B32222069643D2242504D4E53686170655F757365727461736B32223E0A20202020202020203C6F6D6764633A426F756E6473206865696768743D2235352E30222077696474683D223130352E302220783D223337302E302220793D223138302E30223E3C2F6F6D6764633A426F756E64733E0A2020202020203C2F62706D6E64693A42504D4E53686170653E0A2020202020203C62706D6E64693A42504D4E53686170652062706D6E456C656D656E743D22757365727461736B33222069643D2242504D4E53686170655F757365727461736B33223E0A20202020202020203C6F6D6764633A426F756E6473206865696768743D2235352E30222077696474683D223130352E302220783D223337302E302220793D223237312E30223E3C2F6F6D6764633A426F756E64733E0A2020202020203C2F62706D6E64693A42504D4E53686170653E0A2020202020203C62706D6E64693A42504D4E53686170652062706D6E456C656D656E743D22757365727461736B34222069643D2242504D4E53686170655F757365727461736B34223E0A20202020202020203C6F6D6764633A426F756E6473206865696768743D2235352E30222077696474683D223130352E302220783D223337302E302220793D223336312E30223E3C2F6F6D6764633A426F756E64733E0A2020202020203C2F62706D6E64693A42504D4E53686170653E0A2020202020203C62706D6E64693A42504D4E53686170652062706D6E456C656D656E743D22757365727461736B35222069643D2242504D4E53686170655F757365727461736B35223E0A20202020202020203C6F6D6764633A426F756E6473206865696768743D2235352E30222077696474683D223130352E302220783D223337302E302220793D223435302E30223E3C2F6F6D6764633A426F756E64733E0A2020202020203C2F62706D6E64693A42504D4E53686170653E0A2020202020203C62706D6E64693A42504D4E53686170652062706D6E456C656D656E743D22757365727461736B36222069643D2242504D4E53686170655F757365727461736B36223E0A20202020202020203C6F6D6764633A426F756E6473206865696768743D2235352E30222077696474683D223130352E302220783D223337302E302220793D223533372E30223E3C2F6F6D6764633A426F756E64733E0A2020202020203C2F62706D6E64693A42504D4E53686170653E0A2020202020203C62706D6E64693A42504D4E53686170652062706D6E456C656D656E743D22656E646576656E7431222069643D2242504D4E53686170655F656E646576656E7431223E0A20202020202020203C6F6D6764633A426F756E6473206865696768743D2233352E30222077696474683D2233352E302220783D223430352E302220793D223633302E30223E3C2F6F6D6764633A426F756E64733E0A2020202020203C2F62706D6E64693A42504D4E53686170653E0A2020202020203C62706D6E64693A42504D4E456467652062706D6E456C656D656E743D22666C6F7731222069643D2242504D4E456467655F666C6F7731223E0A20202020202020203C6F6D6764693A776179706F696E7420783D223432322E302220793D2235322E30223E3C2F6F6D6764693A776179706F696E743E0A20202020202020203C6F6D6764693A776179706F696E7420783D223432322E302220793D2239302E30223E3C2F6F6D6764693A776179706F696E743E0A2020202020203C2F62706D6E64693A42504D4E456467653E0A2020202020203C62706D6E64693A42504D4E456467652062706D6E456C656D656E743D22666C6F7732222069643D2242504D4E456467655F666C6F7732223E0A20202020202020203C6F6D6764693A776179706F696E7420783D223432322E302220793D223134352E30223E3C2F6F6D6764693A776179706F696E743E0A20202020202020203C6F6D6764693A776179706F696E7420783D223432322E302220793D223138302E30223E3C2F6F6D6764693A776179706F696E743E0A20202020202020203C62706D6E64693A42504D4E4C6162656C3E0A202020202020202020203C6F6D6764633A426F756E6473206865696768743D2231342E30222077696474683D2232342E302220783D223432352E302220793D223134352E30223E3C2F6F6D6764633A426F756E64733E0A20202020202020203C2F62706D6E64693A42504D4E4C6162656C3E0A2020202020203C2F62706D6E64693A42504D4E456467653E0A2020202020203C62706D6E64693A42504D4E456467652062706D6E456C656D656E743D22666C6F7733222069643D2242504D4E456467655F666C6F7733223E0A20202020202020203C6F6D6764693A776179706F696E7420783D223432322E302220793D223233352E30223E3C2F6F6D6764693A776179706F696E743E0A20202020202020203C6F6D6764693A776179706F696E7420783D223432322E302220793D223237312E30223E3C2F6F6D6764693A776179706F696E743E0A20202020202020203C62706D6E64693A42504D4E4C6162656C3E0A202020202020202020203C6F6D6764633A426F756E6473206865696768743D2231342E30222077696474683D2232342E302220783D223433322E302220793D223233352E30223E3C2F6F6D6764633A426F756E64733E0A20202020202020203C2F62706D6E64693A42504D4E4C6162656C3E0A2020202020203C2F62706D6E64693A42504D4E456467653E0A2020202020203C62706D6E64693A42504D4E456467652062706D6E456C656D656E743D22666C6F7734222069643D2242504D4E456467655F666C6F7734223E0A20202020202020203C6F6D6764693A776179706F696E7420783D223432322E302220793D223332362E30223E3C2F6F6D6764693A776179706F696E743E0A20202020202020203C6F6D6764693A776179706F696E7420783D223432322E302220793D223336312E30223E3C2F6F6D6764693A776179706F696E743E0A20202020202020203C62706D6E64693A42504D4E4C6162656C3E0A202020202020202020203C6F6D6764633A426F756E6473206865696768743D2231342E30222077696474683D2232342E302220783D223433322E302220793D223332362E30223E3C2F6F6D6764633A426F756E64733E0A20202020202020203C2F62706D6E64693A42504D4E4C6162656C3E0A2020202020203C2F62706D6E64693A42504D4E456467653E0A2020202020203C62706D6E64693A42504D4E456467652062706D6E456C656D656E743D22666C6F7735222069643D2242504D4E456467655F666C6F7735223E0A20202020202020203C6F6D6764693A776179706F696E7420783D223432322E302220793D223431362E30223E3C2F6F6D6764693A776179706F696E743E0A20202020202020203C6F6D6764693A776179706F696E7420783D223432322E302220793D223435302E30223E3C2F6F6D6764693A776179706F696E743E0A20202020202020203C62706D6E64693A42504D4E4C6162656C3E0A202020202020202020203C6F6D6764633A426F756E6473206865696768743D2231342E30222077696474683D2232342E302220783D223433322E302220793D223431362E30223E3C2F6F6D6764633A426F756E64733E0A20202020202020203C2F62706D6E64693A42504D4E4C6162656C3E0A2020202020203C2F62706D6E64693A42504D4E456467653E0A2020202020203C62706D6E64693A42504D4E456467652062706D6E456C656D656E743D22666C6F7736222069643D2242504D4E456467655F666C6F7736223E0A20202020202020203C6F6D6764693A776179706F696E7420783D223432322E302220793D223530352E30223E3C2F6F6D6764693A776179706F696E743E0A20202020202020203C6F6D6764693A776179706F696E7420783D223432322E302220793D223533372E30223E3C2F6F6D6764693A776179706F696E743E0A20202020202020203C62706D6E64693A42504D4E4C6162656C3E0A202020202020202020203C6F6D6764633A426F756E6473206865696768743D2231342E30222077696474683D2232342E302220783D223433322E302220793D223530352E30223E3C2F6F6D6764633A426F756E64733E0A20202020202020203C2F62706D6E64693A42504D4E4C6162656C3E0A2020202020203C2F62706D6E64693A42504D4E456467653E0A2020202020203C62706D6E64693A42504D4E456467652062706D6E456C656D656E743D22666C6F7737222069643D2242504D4E456467655F666C6F7737223E0A20202020202020203C6F6D6764693A776179706F696E7420783D223432322E302220793D223539322E30223E3C2F6F6D6764693A776179706F696E743E0A20202020202020203C6F6D6764693A776179706F696E7420783D223432322E302220793D223633302E30223E3C2F6F6D6764693A776179706F696E743E0A2020202020203C2F62706D6E64693A42504D4E456467653E0A2020202020203C62706D6E64693A42504D4E456467652062706D6E456C656D656E743D22666C6F7738222069643D2242504D4E456467655F666C6F7738223E0A20202020202020203C6F6D6764693A776179706F696E7420783D223437352E302220793D223230372E30223E3C2F6F6D6764693A776179706F696E743E0A20202020202020203C6F6D6764693A776179706F696E7420783D223532382E302220793D223232372E30223E3C2F6F6D6764693A776179706F696E743E0A20202020202020203C6F6D6764693A776179706F696E7420783D223532382E302220793D223133312E30223E3C2F6F6D6764693A776179706F696E743E0A20202020202020203C6F6D6764693A776179706F696E7420783D223437352E302220793D223131372E30223E3C2F6F6D6764693A776179706F696E743E0A20202020202020203C62706D6E64693A42504D4E4C6162656C3E0A202020202020202020203C6F6D6764633A426F756E6473206865696768743D2231342E30222077696474683D2232342E302220783D223534342E302220793D223135312E30223E3C2F6F6D6764633A426F756E64733E0A20202020202020203C2F62706D6E64693A42504D4E4C6162656C3E0A2020202020203C2F62706D6E64693A42504D4E456467653E0A2020202020203C62706D6E64693A42504D4E456467652062706D6E456C656D656E743D22666C6F7739222069643D2242504D4E456467655F666C6F7739223E0A20202020202020203C6F6D6764693A776179706F696E7420783D223432322E302220793D223332362E30223E3C2F6F6D6764693A776179706F696E743E0A20202020202020203C6F6D6764693A776179706F696E7420783D223331332E302220793D223333322E30223E3C2F6F6D6764693A776179706F696E743E0A20202020202020203C6F6D6764693A776179706F696E7420783D223331332E302220793D223232372E30223E3C2F6F6D6764693A776179706F696E743E0A20202020202020203C6F6D6764693A776179706F696E7420783D223337302E302220793D223230372E30223E3C2F6F6D6764693A776179706F696E743E0A20202020202020203C62706D6E64693A42504D4E4C6162656C3E0A202020202020202020203C6F6D6764633A426F756E6473206865696768743D2231342E30222077696474683D2232342E302220783D223333382E302220793D223236352E30223E3C2F6F6D6764633A426F756E64733E0A20202020202020203C2F62706D6E64693A42504D4E4C6162656C3E0A2020202020203C2F62706D6E64693A42504D4E456467653E0A2020202020203C62706D6E64693A42504D4E456467652062706D6E456C656D656E743D22666C6F773130222069643D2242504D4E456467655F666C6F773130223E0A20202020202020203C6F6D6764693A776179706F696E7420783D223437352E302220793D223338382E30223E3C2F6F6D6764693A776179706F696E743E0A20202020202020203C6F6D6764693A776179706F696E7420783D223533352E302220793D223431382E30223E3C2F6F6D6764693A776179706F696E743E0A20202020202020203C6F6D6764693A776179706F696E7420783D223533352E302220793D223332382E30223E3C2F6F6D6764693A776179706F696E743E0A20202020202020203C6F6D6764693A776179706F696E7420783D223437352E302220793D223239382E30223E3C2F6F6D6764693A776179706F696E743E0A20202020202020203C62706D6E64693A42504D4E4C6162656C3E0A202020202020202020203C6F6D6764633A426F756E6473206865696768743D2231342E30222077696474683D2232342E302220783D223534342E302220793D223333312E30223E3C2F6F6D6764633A426F756E64733E0A20202020202020203C2F62706D6E64693A42504D4E4C6162656C3E0A2020202020203C2F62706D6E64693A42504D4E456467653E0A2020202020203C62706D6E64693A42504D4E456467652062706D6E456C656D656E743D22666C6F773131222069643D2242504D4E456467655F666C6F773131223E0A20202020202020203C6F6D6764693A776179706F696E7420783D223337302E302220793D223437372E30223E3C2F6F6D6764693A776179706F696E743E0A20202020202020203C6F6D6764693A776179706F696E7420783D223332392E302220793D223531302E30223E3C2F6F6D6764693A776179706F696E743E0A20202020202020203C6F6D6764693A776179706F696E7420783D223332392E302220793D223432312E30223E3C2F6F6D6764693A776179706F696E743E0A20202020202020203C6F6D6764693A776179706F696E7420783D223337302E302220793D223338382E30223E3C2F6F6D6764693A776179706F696E743E0A20202020202020203C62706D6E64693A42504D4E4C6162656C3E0A202020202020202020203C6F6D6764633A426F756E6473206865696768743D2231342E30222077696474683D2232342E302220783D223535362E302220793D223530352E30223E3C2F6F6D6764633A426F756E64733E0A20202020202020203C2F62706D6E64693A42504D4E4C6162656C3E0A2020202020203C2F62706D6E64693A42504D4E456467653E0A2020202020203C62706D6E64693A42504D4E456467652062706D6E456C656D656E743D22666C6F773132222069643D2242504D4E456467655F666C6F773132223E0A20202020202020203C6F6D6764693A776179706F696E7420783D223437352E302220793D223536342E30223E3C2F6F6D6764693A776179706F696E743E0A20202020202020203C6F6D6764693A776179706F696E7420783D223534322E302220793D223538382E30223E3C2F6F6D6764693A776179706F696E743E0A20202020202020203C6F6D6764693A776179706F696E7420783D223534322E302220793D223530382E30223E3C2F6F6D6764693A776179706F696E743E0A20202020202020203C6F6D6764693A776179706F696E7420783D223437352E302220793D223437372E30223E3C2F6F6D6764693A776179706F696E743E0A20202020202020203C62706D6E64693A42504D4E4C6162656C3E0A202020202020202020203C6F6D6764633A426F756E6473206865696768743D2231342E30222077696474683D2232342E302220783D223239342E302220793D223433362E30223E3C2F6F6D6764633A426F756E64733E0A20202020202020203C2F62706D6E64693A42504D4E4C6162656C3E0A2020202020203C2F62706D6E64693A42504D4E456467653E0A202020203C2F62706D6E64693A42504D4E506C616E653E0A20203C2F62706D6E64693A42504D4E4469616772616D3E0A3C2F646566696E6974696F6E733E, '0');
INSERT INTO `act_ge_bytearray` VALUES ('45003', '1', 'cargo.png', '45001', 0x89504E470D0A1A0A0000000D49484452000003120000029E0802000000BEA3BA8B000051F749444154789CECDD7F8C1B779DFFF1A54D8889809AA310B77F1CAEEE50FD47492C5A5DF6A453E38D44D648402D513586937246DCD1AD2AB81587600B8220DAB042FC5871BD6A0BA558A07C31AAD25A6A01D334C584245DF263B34948EBE647E3364DEAE6571DB29B4C76BDBB9FEF67EDD675FD6BFD63ECCFCC7C9E0FBDB5F27AC7F667E6339F99976666C73D020000000DE851DD000000007B20360100003484D8040000D010621300004043884D0000000D21360100003484D8040000D010621300004043884D0000000D21360100003484D8040000D010621300004043884D0000000D21360100003484D8040000D010621300004043884D009CCC308C783CBE71E3C6502814784B301894CFC462B16C36ABBA8100EC84D804C099645A92F1C8E572C9C02443D2962D8F3FB3EDD9423DF5BBDF7FFBDBDF0987C36EB7BBB7B7371A8DAA6E2C007B203601709A898989402020D3928C4733B9D9FAB563E7AE0D1BFEC3EFF7279349D50D076075C426008E323C3C2C33D033DB9E5D343095D6DE7DE36BD6AC191818300C43F51C00B02E621300879089271C0E0F0D0D3515984AEBFF1E7A281008643219D5B302C0A2884D009C4066A6DEDEDE582CD672662A9EB393EF934EA755CF10002B22360170827038DC7E662A9EB093C989B375002A119B00D8DEF0F0703BE7E62A6BCB96C743A190EAD9026039C42600F6363131E1F7FB4DCC4C85FAD297EE1E1D1D553D7300AC85D804C0DE6466DABB6FDCF4D874F2D5531FF988975375004A119B00D8583C1E0F8542A667A6427DE52BFF3D3232A27A16015808B109808D050281666FD1D4D401278FC7A37A16015808B109805D65B359B7DBDDA1CC54A8D5AB578F8D8DA99E510056416C026057D1683412897434363DB069D3D0D090EA19056015C4260076353030303A3ADAD1D8F4CCB667038180EA19056015C4260076150C061BF9B2DE76EAD8F1E31FF98857F58C02B00A621300BBEAD0AD074AEBD2E494CBE5523DA300AC82D804C0AE3C1ECFC9574F753436C9EAE9613B09E04D6C0E00D895CFE7FBDBE1C3C426005DC3E600805D75F4A64D5CDB04A012B109805D4522915F3CFA684763D38E9DBB56AF5EAD7A46015805B109805D8D8C8C7CE52BFFDDD1D82463D9860DFFA17A46015805B109805DA5D369AFD7DBD1D8D4DFDF9F482454CF2800AB203601B0B18E5E157E6972CAED761B86A17A2E015805B109808D75F43CDD8F7EFC63F9E6AA67118085109B00D89861185EAFB713776FBA3439F5918F7833998CEA59046021C42600F6168BC5EE5ABF9E434D00BA80D804C0F63E73C71D5BB63C6E6266FADBE1C3AB56ADBA3439A57ACE00580BB10980ED65B3D9D5AB579B756DF8D973E765663A76FCB8EAD9026039C426004E904AA564729259A7FDCCF4993BEE78EA77BF573D4300AC88D804C02126262656AD5AB563E7AE76CECDC9EC456602500BB109807364B3D9356BD67CFBDBDF397BEE7C5381E9D2E4D48F7EFCE3C2993ED53301C0BA884D001CC5300C199B6EBED92763900C438D64A65F3CFAA89CFE2B5FF96F19B654371F80A5119B0038502693191C1C74BBDD9FB9E30E998AF6EE1B2F8B4AF299CD9BFFDF5DEBD7CB69366CF88F743AADBAC9006C80D804C0B10CC388C7E3914864D5AA553DEF249F919929168B65B359D5CD04601BC426001A91114A751300D818B10980467A7AD8E801681D5B10001A21360168075B10001A21360168075B10001A21360168075B10001A21360168075B10001A21360168075B10001A21360168075B10001A21360168075B10001A21360168075B10001A21360168075B10001A21360168075B10001A21360168075B10001A21360168075B10001A21360168075B10001A21360168075B10001A21360168075B10001A21360168075B10001A21360168075B10001A21360168075B10001A21360168075B10001A21360168075B10001A21360168075B10001A21360168075B10001A21360168075B10001A21360168075B10001A21360168075B10001A21360168075B10001A21360168075B10000E178BC5645A72B95C7EBF5F3EF0783CF2E7F2E5CB53A994EAA601B019621300877BE289277A2AF4F5F5C5E371D54D036033C426000E6718C6B265CB4A33D3CA952B3D1E4F369B55DD340036436C02E07CF7DD77DF92254B8AB1E99E7BEE191A1A52DD2800F6436C02A085152B561432D3FAF5EBBD5EAF6118AA5B04C07E884D00B4B07DFBF6A54B97CAD8140C06B9AA09406B884D0074B176EDDA426C52DD100076456C02A08B4C26236313F71D00D0326213008D70BB4B00ED600B02A0E30CC388C562E17038100878BDDECABB286942CEBB5C02A150281A8D72FB03C08E884D003A2B9148C8B82033D3E6CD9B9FD9B6EDD8F1E333B99C9E25E75D2E812D5BB66CD8B0412E13199E54770E80E6109B00744A369B8D4422FDFDFD275F3D39939BA14AEBECB9B3323CC98593C9645477148046119B007484CC4C7EBFFF178F3E32939BA66AD553BF7B6AF5EAD5E9745A7577016808B10940474422917C66BA4AD5AF67B66D5DB3E676D5DD05A021C42600E64B2412FDFDEB72B306D5487DFD1B5FDBB4E97ED59D066071C4260026330CC3EBF5BE7A2A9D9BBD42355293536FAC5AB5921B4A01D6476C0260B268341A894472B3978BD517FC5483FFA25FFA2AAD6AD3A6EFF1EDC280F5119B00982C140A6D79FCB76F67A675FDAF09F1F29C389A13CF4F8B03D362EFE4ECC8E3CF3E7DEAE2EE19F15743EC36C48ECB62EB55F1D31D87BE3470B7F204A3A4F68D8FF9FD7ED55D076011C4260026F3F97C870FEFCFCD4E15AAA7A7675288A9797171565C98119785F8EA37BFD373CD7B7BD7854EE5C4C96971F2AA481BE2D8AC78ECB903F9034E531AD6E4D47997CBA5BAEB002C82D804C0646EB7FBDCF953B9D9C942C92474794E4CCF2DFC69767EE1E793BFFFE38DFF74CBB71EF8D1AC109766C5C59CB890135921B6EE39988F4D937A560F5FFC02581EA31480C9F2D1E752B1E4AF53B3E2FC153133F7E604D96CF6270F3E7CFF0F1F3C797AE14E8FB97931938F53BBF61D287BAD56456C02AC8F510AC064F9E8F3F7622DC4A63971F6B2787D52E48498999EF6DD7C734FCFB53D3DAE3B3FB7A1F4857BC7F797BD56AB223601D6C7280560B27CF4B958ACC249BAF357C4E94BE2CC55B1F7F04B2B56ACB876C9BBDF73DDF5E1CFBF2336EDD9375EF65AAD8AD804581FA31480C9F2D1275B2CF9EB957971C15838DA74F6AAD8B627F5B155B75EFFA10F5FE7FEC0C3BF7AECAA1093D3E2F2F4C20B778CED297BAD56456C02AC8F510AC06472F73F3BFB46B10A694026A78B39F1C68C387D29B7EB507AD5C76FEBFBC427CF4C8BD70D71C610E7A7850C4E3B76EF297BAD56456C02AC8F510AC06465D127D0B7E6E00B47F71E4A8D4DA4768EA776EE3FB2EBE0F13FED7EFEB94327B68F1FF9CBF88B3BF7BF3876E0C8A1A3AF3CF4B347EF5A7F97F2F8426C02500BA31480C9F2B1E94269DD7BEFDD8DDC22FCB377DE59F642AD8AD804581FA31480C9F2B1E93CD56C119B00EB63940230D9426C9A3B47355BC426C0FA18A5004C968F4D67A9668BD804581FA31480C9F2B1E90CD56C119B00EB63940230593E36BD4E355BC426C0FA18A5004C968F4D19AAD9223601D6C7280560326213B109702A46290093E563D36B9DAEAA9F52F964FDC674A7A98DCF91EAAE03B00846290093C9DDFFDCDC6973ABECC69885676A4D56FAD7CA07A513D77F9F5A4C9FBBE287AAEE3A008B60940230593E589C32B74ADFB3F0B822CA9C2AFBDCD2272B9B54F986B5FEDAF89FDA9F47D55D0760118C520026CB078B57CDADC27B167F967D449D4FACFAA7CA27ABBE61B5E34CF53EABFD7954DD750016C1280560B27CB038696E15DEB3F467E583927073B232F1943E5FEB232ADFB9564B3A51C426C0FA18A5004C960F16AF985B85F72CFDD9E083B277283EAE16AAAA7C5CE5349D98BBE287AAEE3A008B6094023059776253590CAA7C503F1835FE71F59FEC4E6C8AC562E974BA8B7D08A03A62130093E583C5CBE656E13D17FDF9563C7AB9B20DC567AA26AAE20B2B3FAEFE93E6CE63D9929451E9DFFEEDDF0A6DBBE1861B484E8072C42600265B0816F36973ABF09E653FDFCC3A6F3D53F6A04A2A7AE734553FA2ECE32ADFA1137357FCD0E2322C0D4CD2EDB7DFEEF57A33998CC26E0520884D004C970F16273A5195EF5C78A6F87CE583CAD7D66A5EE9F37566A1A3731789447A7B7B3D1E4F695693BFAE5FBF3E1A8DAAEE5800C4260066CB078B974CAFC2DB567DF3E2936F1D13AA3259D934350E47954F5CE7B33A3183E974FA861B6EA86CD8873FFCE16030B871E3C69191916432994AA5547732A02962130093E583C57173ABF43DCB1E57FD53591B4A27ABD5BC5A1F51F6269D98BBE2FBCBA52723D12DB7DCF2FEF7BFBFF8717D7D7DF7DF7F7F229190B1697070301008F87C3EF9BCD7EB958F2391887C3E168BC93895CD6655773EE070C4260026CB078B6354B355BCB6C9308C2F7CE10BC5C34ED75F7F7DD5AB9AD2E9B48C4AD16854C6A670382C2394DBED96D3FBFD7EF9786868483E9FCCEB6AF7038E466C0260B27C6C3A4A355B3DEFFC4FBA582CF6CFFFFCCF3203FDE33FFEE3C4C444E3CB5F4E2CA3D2F0F0B08C4D813CF9CE2E974B3E0885429CE903DA416C026032629329B149E48F2745A3D1783CDE7EA7188621A3927CABCA337D85ABA6128904E7F88045119B00984CEE8CE7E78F50CD56656CEA0299CC0A574DC9F0E4F178C2E1B029290D702A62130093E563D38B54B3A5243695320C23168B854221BFDF3F3636A6B6318035119B00982C1F9B5254B3A53C36154D4C4CF4F6F646221119A454B705B016AB8C52008E918F4D2F50CD9675625341341A0D06835CF00494B2D62805E0002E97EBCA95FDF3F3CF534D95D56293944C26038100C90928B2DC280560775EAFF7C489A7E7E70F534D95056393782B39A96E056015561CA5006C2D180CFE21313A2FFE46355E2FA49EF4F97CAABBAEBAA1A1A1E1E161D5AD002C81D804C06472173B34F445E541C45EF5CBE80391484475D755671886D7EBAD7AA7724037C42600264BA7D33EDF4D578CBDF3E210D56085426BAD7CC3A48D79AA5B01A8476C0260BEFC4E76605E1CA41AA9DFC47E100E0755775A3D994CC6EBF5723F0280D804C07C72FF1A08DC3636F66B210E50F52B93D9E6F3DD94CDEE50DD698B0804027C2B30406C02D011A954CAEFBF39958A0B3141D52A999964BE4C261F51DD5D8BE3C27040109B0074CED8D8984C4EC3C35F16623F5559F1F88F7D3E6F32F973D51DD590783C1E0A8554B702508CD804A0830CC3181A8A0402B746A3DFCD64B60A314E65B37F8EC5BE1F0EF7874201F9587517352A9D4E7BBD5ED5AD0014233601E8B8643219897CDAE3F9600F7A7ADCEEF785C3EB647252DD2DCDC964321E8F47752B00C5884D003462D97B23D9428F25EF630E741363008046D8F1B783A50730060068A4D68EBFEAF3954F6A9E1B349F7D40109B0068A5A9D8547CBED6554A1D6CA8256938CB4019C600008D94EEF8EB5CB5DDC8CB35A4F9EC0382D804402B65B169D1C7A54F6A7EA849109B00621300AD34159B2AE391E6B941F3D90704B10980569A3D49C7B54DA5349C65A00C630080469A3D49577AE4A9D6FBE843CFB9064A31060068A49DD8A4F9A126416C02884D00B4D2DA493AC1D1A63C3DE71A28C51800A0118E36B543CFB9064A31060068A4D68EBFCEF3C5ABC21B99DED9F49C6BA014630080465A884D951370B409D01663008046D8F1B783A50730060068841D7F3B587A0063008046D8F1B783A50730060068841D7F3BDA5F7AB5FE6311B00BD65A001A6157DD8E66975E9D5B613578032DFA0B56C31A094023EC86DBD1F2D2AB7FFB863A6F4B7FC16A5823016884DD703B5A587A558F2D557DC6AC4F043A8A35128046D80DB7A3FDD854FF8B6B2ACFCDD15FB01AD648001A6137DC0E538E36D579DB3A0F008B608D04A01176C3ED682D36951E405AF46853AD078045B04602D008BBE176B4B3F41A8C4D9CA483C5B14602D008BBE176B4B6F4AA5EDEC425E1B029D648000E178BC5E4DED7E572F9FD7EF9C0E3F1C89FCB972F4FA552AA9B6633ADDDB7A9F2B5DC8000F6C51A09C0E19E78E289CA9B28F6F5F5C5E371D54DB399F64FD2891A479BEA68B3CD80B9582301389C6118CB962D2BDD13AF5CB9D2E3F164B359D54DB399964FD215A352FD6B9BCCFA44A07358230138DF7DF7DDB764C992626CBAE79E7B8686865437CA7E0831006300801656AC5851C84CEBD7AFF77ABD8661A86E91FD109B00C600002D6CDFBE7DE9D2A572C71F0C06B9AAA935C42680310040176BD7AE2DC426D50DB12B6213C01800A08B4C262377FCDC77A065C4268031004023ECF8DBC1D2031803003ACE308C582C160E87038180D7EBAD7F9F1E0793F32E974028148A46A376BCFD410FB109DA630C00E8AC442221E382CC4C9B376F7E66DBB663C78FCFE4727A969C77B904B66CD9B261C306B94C647852DD39CD2136018C01009D92CD662391487F7FFFC9574FCEE466A8D23A7BEEAC0C4F72E1643219D51DD5286213C01800D0113233F9FDFE5F3CFAC84C6E9AAA554FFDEEA9D5AB57A7D369D5DDD5106213C01800D0119148249F99AE52F5EB996D5BD7ACB95D75773584D804300600982F9148F4F7AFCBCD1A5423F5F56F7C6DD3A6FB5577DAE2884D00630080C90CC3F07ABDAF9E4AE766AF508DD4E4D41BAB56ADB4FE0DA5884D00630080C9A2D1682412C9CD5E2E565FF0530DFE8B7EE9ABB4AA4D9BBE67FD6F172636018C0100260B85425B1EFFEDDB99695DFF6B42BC3C278EE6C4F3D3E2C0B4D83B393BF2F8B34F9FBAB87B46FCD510BB0DB1E3B2D87A55FC74C7A12F0DDCAD3CC128A97DE3637EBF5F75D72D82D80430060098CCE7F31D3EBC3F373B5528B9AF9D14626A5E5C9C151766C46521BEFACDEFF45CF3DEDE75A1533971725A9CBC2AD28638362B1E7BEE40FE80D39486353975DEE572A9EEBA45109B00C6000093B9DDEE73E74FE566270B25F7B597E7C4F4DCC29F66E7177E3EF9FB3FDEF84FB77CEB811FCD0A7169565CCC890B39911562EB9E83F9D834A967593F9458BF8540A7310600982C1F7D2E154BFE3A352BCE5F1133736F4E90CD667FF2E0C3F7FFF0C193A717EEF4989B1733F938B56BDF81B2D76A55D60F25D66F21D0698C010026CB479FBF176B2136CD89B397C5EB932227C4CCF4B4EFE69B7B7AAEEDE971DDF9B90DA52FDC3BBEBFECB55A95F54389F55B08741A630080C9F2D1E762B10A27E9CE5F11A72F893357C5DEC32FAD58B1E2DA25EF7ECF75D7873FFF8ED8B467DF78D96BB52AEB8712EBB710E834C6000093E5A34FB658F2D72BF3E282B170B4E9EC55B16D4FEA63AB6EBDFE431FBECEFD81877FF5D8552126A7C5E5E98517EE18DB53F65AADCAFAA1C4FA2D043A8D3100C06472E73A3BFB46B10AFB5A999C2EE6C41B33E2F4A5DCAE43E9551FBFADEF139F3C332D5E37C419439C9F163238EDD8BDA7ECB55A95F54389F55B08741A630080C9CAA24FA06FCDC1178EEE3D941A9B48ED1C4FEDDC7F64D7C1E37FDAFDFC73874E6C1F3FF297F11777EE7F71ECC09143475F79E8678FDEB5FE2EE5F185D8548BF55B08741A630080C9F2B1E94269DD7BEFDD8DDC22FCB377DE59F642ADCAFAA1C4FA2D043A8D3100C064F9D8749E6AB6AC1F4AACDF42A0D31803004CB6109BE6CE51CD96F54389F55B08741A630080C9F2B1E92CD56C593F9458BF8540A7310600982C1F9BCE50CD96F54389F55B08741A630080C9F2B1E975AAD9B27E28B17E0B814E630C0030593E3665A866CBFAA1C4FA2D043A8D3100C064C4266213E0548C010026CBC7A6D73A5A6D7EC4A22FEFC22C54FD50D55DB708EBB710E834C6000093C99DEBDCDC69D3ABF46DEB3CAEA5EA5BD599ACD6349D98B5E207A9EEBA4558BF8540A7310600982C9F2D4E995EA56FDBC8E35AAF2DFDB5D6F34ACAFAA1C4FA2D043A8D3100C064F9F0F1AAE955FAB68D3CAEFADA771E372A9FBE432D6F7C065577DD22ACDF42A0D31803004C960F1F274DAFBA27E0DE9EA6D66BABFE5AFAA0EC71E1D7FA1F67FA0CAAEEBA4558BF8540A7310600982C1F2C5EE968D5FA88069F2FFE5AA7A9B55ED2D19952DD758BB07E0B814E630C0030992D6253E1996A4792AABCA40B73446C026C813100C064F990F1B2B955F69EB57EADF5D1A513BC158FDE7EBEEACBEB3FD989B27E28B17E0B814E630C0030D942B6984F9B5B65EF59EBD75A1F5D7FFAD29F65D354BFB6C9ECB92B7EA2EAAE5B84F55B08741A630080C9F2C1E284B955F69EB57EAD9A72DECA3AD5A7AFFA86559FA9FFBC29F3A8BAEBEAC964321E8F47752B00C52C3D4A0158D35FFEF29703070ED4FA6B3E58BC646ED5C9436FA5A23727ABF5F2AABF161E94FEAC7CBE6B65F1D8944EA7BD5EAFEA56008A597A9402B0A67FF9977F91FBF8E5CB97AF5BB74E46A8B2BFE6D3C6F16E56539FF856CC2A7F5C7C9FB267AA45B44ECD8592DE6C502291080683AA5B012866E9510AC09AD2E9F4D2A54B8B3142E6A7BEBEBE9FFEF4A71B376E0C8542F960718C6AB6E4728B4422329AC8C5188FC753A994EA7E7E878D79AA5B0128466C02D08A152B56941E8079D7BBDE75CD35D778BD5EB9BFCFC7A6A354B325979BCCA38944A2903E7D3E9F7C2610080C0C0C8C8C8C249349B53D2E5BA2BC0D8072C426000DC966B372AF59D8A3CB7874EDB5D71633D3BA75EBE49372B75A3840426C6A3936552E76B9CC474747070707E5E29513C82C2517B5EC0599AE64C6EA5AEF4F4C4CF8FDFEAE7D1C6059C4260055C85DB2DC610F0F0F0F0D0DC91DB6CC496EB75B3E289C3F927FBDEEBAEB0A7BF1FFFAAFFF923F63B158F1B5F2F9F9F92354B3D5C8B54D3298CAE52F7B21180CCA4E71B95CB25364A88A46A36363639D5B1F6456939FDBB9F707EC82D804E8AE7018697474B4B033F6FBFD72FF2D77C9727F2C33934C4EF2AF950736AEB9E69A3BEFBC534E2CA791EF50FAA77C6C7A916AB65AB824DC300CD93B2323239148A4B7B757BE83EC9170382CBB523E9FC964DA59318A6420936F6ECA5B0176476C02F422F7A6B1584CEE56E5CEB570DEA77018696060A070EA676262A291F7F9F4A73FEDF178AA4E9C8F4D29AAD932E53FE9648F14FA57F6A9ECA0E23142F964833D5B466626F90E65C918D016B109702CB99B2C5C5F2C2391DCF3C93D68E112E3C2D108B91F6DF30A5FC330AA3E9F8F4D2F50CD56276E4050BC224D767AE138626F6F6F2412291C44AC1F8632998C5C73E4F46426A088D8043887DCBDC5E371B9ABF37ABD85F33585FF661F1D1D5D741F692297CB75E5CAFEF9F9E7A9A6AA3BF76D1A1B1B8B46A3854BD664922E9C8D1D1C1CDC5842AE423E9FCFE3F1C835A70B4D026C84D80438412291088542722F287FCA5D5D37FFC7AA92DC139F38F1F4FCFC61AAA95272BBCBC2B5FF232323A5B149AE4256BB6B146011C426C0DE6460F2F97CC160D03AFFE8241BF387C4E8BCF81BD578BD907A52F6A3EAAE03B00862136057D96CB6705369AB1D18C8DFB6E08BCA8388BDEA97D107646FAAEE3A008B203601B6944EA7FD7E7F341A55DD902A64DB7CBE9BAE187BE7C521AAC10A85D65AE77821805A884D80FDC85C120804D45EC0545FE1C2E27971906AA47E13FB4138CCB7E40236406C026C26954AF9FD7E2B672691BF37412070DBD8D8AF853840D5AF4C669BCF775336BB4375A701581CB109B099DEDEDE8E7E8D8659F2F1EEE6542A2EC40455AB646692F932997C447577016808B109B093C297C4A96E45A364BC93C96978F8CB42ECA72A2B1EFFB1CFE74D267FAEBAA300348AD804D88661186EB7BBD6BDB9AD49B67668281208DC1A8D7E3793D92AC43895CDFE3916FB7E38DC1F0A05E463D55D04A009C426C03646464606070755B7A215C9643212F9B4C7F3C11E2C7C09E0FBC2E1753239A9EE16004D233601B6E1F7FB5BFB365614716F2400ED203601F6904EA7BD5EAFEA56D85E8F8A2F3001E0186C41007B88C562E17058752B6C6FD1D8549CA0F2419DE94963802618EA803D0C0E0E8E8C8CA86E85ED75283635F2CE001C80710ED8432010482693AA5B617BEDC4A6CA034B55AFF836BFD1002C83110ED8835DEE7269718B1E3A2A469F45F353D507009C8DA10ED883D7EBB5F817AAD84253479BAAA6A8D229894D806E18EA803DB8DDEE6C36ABBA15B6D7DA49BAAA9949543B4967767B01580B831CB00776C9A6682436D53A4957E7DDE81D40130C75C01ED8319BA2916B9BCAA62436012862A803F6C08ED91466DD80809374809E18E4803DB04B3645B3B1A9FEF1278E3601BA61A803F6C08ED914CDFE279DA816A4AA4E6C7A53015810431DB00776CCA668E1DA26517232AEEAF49CA703F4C10807EC81FDB129588C00DAC11604B007F6F7A660310268075B10C01ED8DF9B82C508A01D6C41007B607F6F0A16238076B00501EC81FDBD29588C00DAC11604B007F6F7A660310268075B10A01BAADEECA7E57740CB588C00DAC11604305FD5BBF854BD59621D95EFD99DC63B1B8B11403BD882001D54B693AEFF6BFD3FB1BF37058B11403BD882001D51EB8B381A3C5B476CEA1016238076B005013AA2EAD799953D2EFBFAB35ADFEC51EB19B480C508A01D6C41808EA83CB6546B9AFA0F2A27463B588C00DAC11604E888B203488B1E6DAAF5A0F25568078B11403BD882009DD5606CE2245DE7C46231B9F45C2E97DFEF970F3C1E8FFCB97CF9F2542AA5BA69006C860D31D029552F6FE292F0EE7BE289272AEFEFD0D7D7178FC755370D80CDB02106CC57EBB811372050C2308C65CB969566A6952B577A3C9E6C36ABBA69006C860D31D059F58F36D551EB7DD082FBEEBB6FC99225C5657BCF3DF70C0D0DA96E1400FB61430C744AE9F5E0F5AF6DAAFADA459F415356AC5851E888F5EBD77BBD5EC33054B70880FDB02106EC81D8D4A6EDDBB72F5DBA542EC66030C8554D005AC38618B0076253FBD6AE5D5B884DAA1B02C0AED81003F6406C6A5F2693918B91FB0E0068191B62C01E884DA660310268075B10C01E6CBDBF370C23168B85C3E14020E0F57AEBFF0BA183C979974B20140A45A3516E7F00D8918D37C480567A6C1B9B1289848C0B32336DDEBCF9996DDB8E1D3F3E93CBE95972DEE512D8B265CB860D1BE43291E14975E700688E5D37C4806EEC189BB2D96C2412E9EFEF3FF9EAC999DC0C555A67CF9D95E1492E9C4C26A3BAA30034CA7E1B62404FB68B4D3233F9FDFE5F3CFAC84C6E9AAA554FFDEEA9D5AB57A7D369D5DD05A02136DB1003DAB25D6C8A4422F9CC7495AA5FCF6CDBBA66CDEDAABB0B40436CB62106B465AFD8944824FAFBD7E5660DAA91FAFA37BEB669D3FDAA3B0DC0E2ECB421067466A3D8641886D7EB7DF5543A377B856AA426A7DE58B56A25379402ACCF361B624073368A4DD168341289E4662F17AB2FF8A906FF45BFF4555AD5A64DDFE3DB8501EBB3CD8618D09C8D62532814DAF2F86FDFCE4CEBFA5F13E2E5397134279E9F1607A6C5DEC9D991C79F7DFAD4C5DD33E2AF86D86D881D97C5D6ABE2A73B0E7D69E06EE5094649ED1B1FF3FBFDAABB0EC0226CB321063467A3D8E4F3F90E1FDE9F9B9D2A946CF9A41053F3E2E2ACB830232E0BF1D56F7EA7E79AF7F6AE0B9DCA8993D3E2E4559136C4B159F1D87307F2079CA634ACC9A9F32E974B75D70158846D36C480E66C149BDC6EF7B9F3A772B39385922DBF3C27A6E716FE343BBFF0F3C9DFFFF1C67FBAE55B0FFC6856884BB3E2624E5CC889AC105BF71CCCC7A6493DCB465D0C688B510AD8838DF6A9F9E873A958F2D7A95971FE8A98997B73826C36FB93071FBEFF870F9E3CBD70A7C7DCBC98C9C7A95DFB0E94BD56ABB2511703DA629402F660A37D6A3EFAFCBD580BB1694E9CBD2C5E9F14392166A6A77D37DFDCD3736D4F8FEBCECF6D287DE1DEF1FD65AFD5AA6CD4C580B618A5803DD8689F9A8F3E178B55384977FE8A387D499CB92AF61E7E69C58A15D72E79F77BAEBB3EFCF977C4A63DFBC6CB5EAB55D9A88B016D314A017BB0D13E351F7DB2C592BF5E9917178C85A34D67AF8A6D7B521F5B75EBF51FFAF075EE0F3CFCABC7AE0A31392D2E4F2FBC70C7D89EB2D76A5536EA62405B8C52C01E6CB44F954D9D9D7DA3588596CBE4743127DE9811A72FE5761D4AAFFAF86D7D9FF8E49969F1BA21CE18E2FCB490C169C7EE3D65AFD5AA6CD4C580B618A5803DD8689F5A167D027D6B0EBE7074EFA1D4D8446AE7786AE7FE23BB0E1EFFD3EEE79F3B7462FBF891BF8CBFB873FF8B63078E1C3AFACA433F7BF4AEF577298F2FC42600B5304A017BB0D13E351F9B2E94D6BDF7DEDDC82DC23F7BE79D652FD4AA6CD4C580B618A5803DD8689F9A8F4DE7A966CB465D0C688B510AD8838DF6A90BB169EE1CD56CD9A88B016D314A017BB0D13E351F9BCE52CD968DBA18D016A314B0071BED53F3B1E90CD56CD9A88B016D314A017BB0D13E351F9B5EA79A2D1B7531A02D4629600F36DAA7E66353866AB66CD4C580B618A5803DD8689F4A6C2236014EC52805ECC146FBD47C6C7AADFB55FCDCD2065436A6EC1955ADADDA7ED55D0760118C52C01E6CB44F954D9D9B3BADA40A1F5DDA80CAC694DE60B3EC57852D2FB44475D7015804A314B0071BED53F3E1E394C2AA7517F2C29F8AD354FEAABCD9AABB0EC02218A5803DD8689F9A8F20AFAAAAB712D2DBBF569D46610BEBB45C75D7015804A314B0071BED53F3A1E4A4922A7C746903AA36A6F864B523526A5A5E688CEAAE03B0084629600F36DAA7E6C3C72BDDAFE2E7161E54E4A1572A9F2C6BAAAA96173F5D75D7015804A314B0071BED53D5868F46325083298AD804A00CA314B0071BED53F3E1E3E5EE57AD2BC14B22D13B262B3C2E7B07252D2F7EBAEAAE03B0084629600F36DAA72E848FF9B4DA2AB4A1B225A5CF578F564ADBACBAEB002C82510AD8838DF6A9F9F0714255BD957EDEFEB5F8B3ECC93ACFAB6AB9EAAE03B0084629600F36DAA7E6C3C74BDDAFB702D34BA53F4B1F944E59FA92771E6D52D0F2626354771D8045304A017BB0D13E351F3E8E2BACB70250CD678A8F2B2753DB6CD55D0760118C52C01E6CB44FCD878F6354B365A32E06B4C52805ECC146FBD47C6C3A4A355B36EA62405B8C52C01E6CB44F2536119B00A7629402F660A37DAA6CEAFCFC11AAD9AAD3C5B1582C9D4E77B10F0154679B0D31A039BBC5A617A9664B2EB74824323030F0B39FFDEC873FFCE11D77DCE1F7FBDD6E77E17AF61B6EB881E40428679B0D31A039BBC5A614D56CC9E52683D1F5D75F5F795B84DB6FBFDDEBF5663219D57D0BE8CE361B624073768B4D2F50CD56A18B53A9D42DB7DCF2FEF7BFBF9899962C5972D34D37FDCFFFFC8F6118AAFB16D09D6D36C480E66C119B92C9E4E0E0A0CBE5BA7265FFFCFCF3545355EC62198FBEF0852FDC70C30D85D8F4EFFFFEEFB7DF7E7B2814920B36180C8E8C8CC868A5B6A3016DD960430C4058383665B3D9582C160E87DD6E772010903B75AFD77BE2C4D3F3F387A9A6AAAC8BE552BDF1C61B972D5BE6F1788AA7E71289840CA63E9F4F2EE44824128D46B9E009E8268B6E88019471B95C963A4723F7D632210583419996646692FB78999F0A7F924FFE21313A2FFE46355E2FA49E9461A86C21A752A98F7EF4A37279565DFE3233C9E4E4CD234201DD416C02EC41EE1AADB0531C1B1B2B1EED900F128944E534C3C3C343435F541E44EC55BF8C3E20A34FE5C234F2EA770A110AE81A6213600FBDBDBD32B228F968B9DB8EC5627267ECF178643316BDB646EEB07DBE9BAE187BE7C521AAC10A85D6C6E3F1F63B8B08057414B109B0874020904C26BBF989725F3B3A3A5AB812391C0ECBBD6FE3FF00BF71C1C0BC38483552BF89FD201CAE7226AEFD1E244201E6223601F630303020434C173E686262626868C8EFF7CB1DADFCD0D60E8118861108DC3636F66B210E50F52B93D9E6F3DD94CDEE30BD2B4B11A10053109B007B28ECF33AF4E632E5C878244392C7E391816978785886A736DF33954AF9FD37A75232754D50B54A6626992F93C9474CE9C70611A18096119B007B9029A4F23FADDA94C964E4FE32140AB9DD6EF9737474D4DCFB508F8D8DC9E4343CFC6521F65395158FFFD8E7F326933F377199378B08053485D804D886DFEF6FFF2090C89F861B1E1E96EFE6F178E46E321E8F77EED606F29D87862281C0ADD1E8773399AD428C53D9EC9F63B1EF87C3FDA150403EEED0926F4159841A1C1CE4BE9A40196213601B32DF8442A1965F9E4824060606E4EE5006A6A1A1215312588392C96424F2698FE78395DFB6A621B7FB7DE1F03A999CBAB6FC5B50B82F972F2F168BA96E0E6015C426C04E0A37966C7CFA6C361B8D46E5AB0ADFCB313A3AAAF9F997CE5D1FE654A9544AAE3F326A57BD4717A01B62136027866114D24FFDC9E4AE6E6464A4B7B7D7ED76CBA0209396A5EE30AE508F55BFA3C6E2262626E48A373838C88A04CDB105016C269BCD16AE3ED9B8716332992CDC453A9927A352381C967FF2F97C720FA7EAF69856B6686C2A4E50F9A0CEF49AA431B982050281E2B7E8001AD262A803CE934EA7656C92FB30575E204F46A5582CA6F969B8FA3A149B1A79676790599CE4049D6931CE01A0A09DD8547960A9EA15DFE637DA6292C9643018E46C1DF4E4FC110E00458B1E3A2A469F45F353D5079AE8E8CD57012BD36BA803D05C53479BAAA6A8D229B58D4D42C597240256A0DD5007A0B3D64ED255CD4CA2DA493AB3DB6B5D131313BDBDBD9CAA836E341AE400D0486CAA7592AECEBB6915988A9ABD8B18E0003A0E7500DA6AE4DAA6B229894DB52412896030A8BA154057E938D40168CBAC1B1070924EE46FBEEAF57ACDFDFA67C0E2F41AE40034D76C6CAA7FFC49F3A34D5228148AC7E3AA5B01748FA6431D809E9AFD4F3A512D48559DD8F4A6DAC2C8C8C8E0E0A0EA5600DDA3E95007A0A716AE6D122527E3AA4EAFF379BA643219080454B702E81EBD463800CDE9166B3A2D9D4E7BBD5ED5AD00BA872D08008D109BCC651886CBE552DD0AA07BD88200D008B1C9742C526885D51D8046D8C79B8E450AADB0BA03D008FB78D3B148A1155677001A611F6F3A1629B4C2EA0E4023ECE34DD7D422AD7AD72BC046586B0168845DB5E9EA7F675FE5EDACAADE35B48E8E361E68166B24008DB01B365D238BB46C9AFABF36FBE64037B14602D008BB61D32D7AE37551EDDC5C8367EBE82F580D6B24008DB01B365D53B1A9FE37FA559E9BA3BF6035AC910034C26ED874CD1E6DAAF30E751E0016C11A09C0E162B198DCFBBA5C2EBFDF2F1F783C1EF973F9F2E5A9544A75D39C60D148547A0069D1A34DB51E0016C11A09C0E19E78E289CAFFCFEAEBEB8BC7E3AA9BE6040D269B06631327E96071AC91001CCE308C65CB9695EE9257AE5CE9F178B2D9ACEAA639C1A2C9A6EAE54D5C120E9B628D04E07CF7DD77DF92254B8AB1E99E7BEE191A1A52DD2887A81F7AEA5F0CDEC83BB4DD40C04CAC9100B4B062C58AC25E7CFDFAF55EAFD7300CD52D7288A64ED2891A479BEAE8449B8196B14602D0C2F6EDDB972E5D2A77C3C16090AB9A4CD4C849BA6254AA7F6D530B6F0E74196B24005DAC5DBBB6109B5437C4514836D00AAB3B005D643219B98FE7BE03E62236412BACEE0034C23EDE742C526885D51D40C71986118BC5C2E1702010F07ABDF52F01763039EF72098442A16834EA98DB1FF4109BA0135677009D954824645C909969F3E6CDCF6CDB76ECF8F1995C4ECF92F32E97C0962D5B366CD82097890C4FAA3BC704C4266885D51D40A764B3D94824D2DFDF7FF2D59333B919AAB4CE9E3B2BC3935C38994C467547B585D804ADB0BA03E8089999FC7EFF2F1E7D6426374DD5AAA77EF7D4EAD5ABD3E9B4EAEE6A1DB1095A617507D0119148249F99AE52F5EB996D5BD7ACB95D7577B58ED804ADB0BA03305F2291E8EF5F979B35A846EAEBDFF8DAA64DF7ABEEB416119BA01556770026330CC3EBF5BE7A2A9D9BBD42355293536FAC5AB5D2A637942236412BACEE004C168D462391486EF672B1FA829F6AF05FF44B5FA5556DDAF43D9B7EBB30B1095A61750760B25028B4E5F1DFBE9D99D6F5BF26C4CB73E2684E3C3F2D0E4C8BBD93B3238F3FFBF4A98BBB67C45F0DB1DB103B2E8BAD57C54F771CFAD2C0DDCA138C92DA373EE6F7FB55775D2B884DD00AAB3B0093F97CBEC387F7E766A70A2577AB93424CCD8B8BB3E2C28CB82CC457BFF99D9E6BDEDBBB2E742A274E4E8B935745DA10C766C563CF1DC81F709AD2B026A7CEBB5C2ED55DD70A6213B4C2EA0EC0646EB7FBDCF953B9D9C942C9DDEAE539313DB7F0A7D9F9859F4FFEFE8F37FED32DDF7AE047B3425C9A151773E2424E6485D8BAE7603E364DEA5936CD1F366D36D01A56770026CB479F4BC592BF4ECD8AF357C4CCDC9B1364B3D99F3CF8F0FD3F7CF0E4E9853B3DE6E6C54C3E4EEDDA77A0ECB55A954DF3874D9B0DB486D51D80C9F2D1E7EFC55A884D73E2EC65F1FAA4C80931333DEDBBF9E69E9E6B7B7A5C777E6E43E90BF78EEF2F7BAD5665D3FC61D36603AD61750760B27CF4B958ACC249BAF357C4E94BE2CC55B1F7F04B2B56ACB876C9BBDF73DDF5E1CFBF2336EDD9375EF65AADCAA6F9C3A6CD065AC3EA0EC064F9E8932D96FCF5CABCB8602C1C6D3A7B556CDB93FAD8AA5BAFFFD087AF737FE0E15F3D765588C96971797AE1853BC6F694BD56ABB269FEB069B381D6B0BA033099DC8FCECEBE51ACC26E5526A78B39F1C68C387D29B7EB507AD5C76FEBFBC427CF4C8BD70D71C610E7A7850C4E3B76EF297BAD5665D3FC61D36603AD61750760B2B2E813E85B73F085A37B0FA5C626523BC7533BF71FD975F0F89F763FFFDCA113DBC78FFC65FCC59DFB5F1C3B70E4D0D1571EFAD9A377ADBF4B797C213635C5A6CD065AC3EA0EC064F9D874A1B4EEBDF7EE466E11FED93BEF2C7BA15665D3FC61D36603AD61750760B27C6C3A4F355B36CD1F366D36D01A567700265B884D73E7A866CBA6F9C3A6CD065AC3EA0EC064F9D874966AB66C9A3F6CDA6CA035ACEE004C968F4D67A866CBA6F9C3A6CD065AC3EA0EC064F9D8F43AD56CD9347FD8B4D9406B58DD01982C1F9B3254B365D3FC61D36603AD61750760326213B109702A56770026CBC7A6D7AC53859B42953DB3E8344ADAA9BAEB5A61D36603AD6175076032B91F9D9B3BADA4AADE45B3EA6465D3AB6A7059AB54775D2B6CDA6CA035ACEE004C964F21A794579D6694FDC93A0D56DD75ADB069B381D6B0BA0330593E85BCDAFD5AF4CB5BCAA6297DA1920657B65F75D7B5C2A6CD065AC3EA0EC064F914725255153FBDF241E534B52650D572D55DD70A9B361B680DAB3B0093E553C82BDDAFB78E21BDFD6B237F2AFEB56C1A25ED57DD75ADB069B381D6B0BA033099DAF0513518D50A5856484BC426C04658DD01982C9F425EEE7E35706DD3CBA58F4B5FA8A4C195ED57DD75ADB069B381D6B0BA0330D9420A994F2BACB20654B667D10954355B75D7B5C2A6CD065AC3EA0EC064F914724255BD7930A9E4D7AAD354FD5579CB55775D2B6CDA6CA035ACEE004C960F1F2FA9ADB74FC6D5F86BD55FD5B6DCA6F9C3A6CD065AC3EA0EC064F9F071BCFBF58ECB982A9E2C7BA6D66B95B4BCD806D55DD70A9B361B680DAB3B0093E5C3C731AAD9B269FEB069B381D6B0BA0330593E361DA59A2D9BE60F9B361B680DAB3B0093119B884D8053B1BA033099DC8FCECF1FA19A2D9BE60F9B361B680DAB3B0093E563D38B54B325975B242F1A8D663219D5DDD8286213B4C2EA0EC064F9D894A29A2DB9DCD2E9B4CC4C3239793C1E9FCF373030108FC7B3D9ACEA2EAD87D804ADB0BA0330593E36BD40355B65F923954A8D8E8E864221B7DBEDF7FB8786861289846118AABAB5166213B4C2EA0EC0642E97EBCA95FDF3F3CF534D559DFC313131313C3C1C0C06E5B20D04021B376E1C1B1BEB669FD6416C825658DD0198CCEBF59E38F1F4FCFC61AAA96A307F249349199B7A7B7B658492416A64644486AA4EF7692DE9745A76B7AA4F07BA8FD804A0695FFBDAD7FEE11FFEC1ED767B3C9E356BD67CE31BDF88C56222BF13957B74B92FFF4362745EFC8D6ABC5E483DE9F3F99AEA05C3301289C4E0E0A0DFEF977D110E8747474753A95467FABC3A99E1028140373F11508BD804A069FFFAAFFFDA538DCBE592B16978787868E88BCA8388BDEA97D107229148CB3D92CD6665721D181890D9CBEBF576EDDFF1F27D3DD4E94F01AC83D804A069E9745A26A4D2C0F4D18F7EF4B6DB6E2B9C2D927FF5F96EBA62EC9D1787A8062B145A1B8FC7CDEA9DAEFD3B5E281432ABD9802D109B00344DEE29AFBFFEFA6266FAFCE73F1F08044AAFB0D9B860605E1CA41AA9DFC47E100E073BD1531DFD77BC4C26E3F57A2DF8CF7D40E7109B00344A06A38181018FC72377C3FFF99FFF592B3389FC653781C06D6363BF16E20055BF32996D3EDF4DD9EC8E2E749FB9FF8E3738383832326256F3005B20360158443299943B48AFD7EBF7FB4747470B57CCBCFCF2CBB53253412A95F2FB6F4EA5E2727F4DD52A999964BE4C261FE97E9FB6F9EF78727AF9720E354137C4260055C8DD612C168B44226EB75B0623B95B4DA7D365D32C5DBAD4E7F3D5D9DD8E8D8DC9E4343CFC6521F65395158FFFD8E7F326933FEF6C5FD6D5DABFE3C5E371B95658FCF6E54027109B00BC2D93C9142E8571B95C720F1A8D46EBEC1A93C9E4A2FFAB25F7CA43439140E0D668F4BB99CC5621C6A96CF6CFB1D8F7C3E1FE5048268F3F9BDD87AD2BFB773CB91A6CDCB8319957580DE40319A06560927F2233414FC426000B27D4868787FD7EBFC7E329FCE395B9EF2F77B791C8A73D9E0F56BD6D816EDCEEF785C3EB64723277219B2B9D4ECBD540C6A6409EDBED962D970F060707656FAA6E1DA00CB109D0976118A3A3A35EAFD7E7F30D0D0D29BCD974D7B4736F24002036013ACA66B31B376E2C1C5BAABC68C9C17AF80235006D600B0268271A8DFA7C3E199B34BC3C65D1D8549CA0F2419DE94963802618EA8046644EEAEDED8D44225DF8DA0D6BEA506C6AE49D013800E31CD0453A9DF6FBFD6DDEE1D0EEDA894D950796AA5EF16D7EA3015806231CD0C2C4C484CC4C5A5DC654D5A2878E8AD167D1FC54F501006763A803CE27D3526F6FAFB627E64A3575B4A96A8A2A9D92D804E886A10E385CE17AA645EFFBAC89D64ED255CD4CA2DA493AB3DB0BC05A18E480C3854221D36F5F695F8DC4A65A27E9EABC1B8109D004431D70B2C2254DAA5B61218D5CDB543625B1094011431D70B2DEDE5ECDFF75AE8C593720E0241DA0270639E0581C6AAAD46C6CAA7FFC89A34D806E18EA80630D0C0C8C8E8EAA6E85B534FB9F74A25A90AA3AB1E94D0560410C75C0990CC3F0783C1A7E7D4A7D2D5CDB244A4EC6559D9EF374803E18E180337186AE2A620D8076B005019C69747474606040752B2C87D804A01D6C4100671A1C1C1C191951DD0ACB21360168075B10C099028140329954DD0ACB21360168075B10C099B8635355C42600ED600B023893D7EB4DA7D3AA5B6139C42600ED600B023893DBEDE6EE0395884D00DAC116047026F241552C1600ED600B023813F9A02A160B8076B005019C897C50158B05403BD88200CE443EA88AC502A01D6C410067221F14C56231B9345C2E97DFEF970F3C1E8FFCB97CF9F2542AA5BA69006C860D2BE04CC4A6A2279E78A2F20B77FBFAFAE2F1B8EAA601B01936AC8033119B8A0CC358B66C5969665AB972A5C7E3E1060D009AC5861570266253A9FBEEBB6FC99225C5D874CF3DF70C0D0DA96E1400FB61C30A3813B1A9CC8A152B0A9969FDFAF55EAFD7300CD52D02603F6C580167223695D9BE7DFBD2A54BE5620906835CD504A0356C5801672236555ABB766D2136A96E0800BB62C30A28569A6F4CCC3AC4A64A994C462E16EE3B00A0656C5881AE2AFD7FAED22745457EAAA3C10F32BDF10EC06201D00EB620801A65FBEFFABF36F8A71626EB0EC33062B158381C0E04025EAFB77E28743039EF72098442A16834CAED0F003BB2D08615D0444FB5634B559FA9F3F2063FC50A1289848C0B32336DDEBCF9996DDB8E1D3F3E93CBE95972DEE512D8B265CB860D1BE43291E14975E700688E5536AC803ECA4252D5B454FAA0A872FA453F45AD6C361B8944FAFBFB4FBE7A7226374395D6D973676578920B2793C9A8EE28008D52BF61057453796CA9D634F51F34F2290AC9CCE4F7FB7FF1E82333B969AA563DF5BBA756AF5E9D4EA7D576168006119B806E2B3B80B4E8D1A65A0F16FD14B31ADC9A482492CF4C57A9FAF5CCB6AD6BD6DCAEB6B3003488D80428D3606CB2E349BA4422D1DFBF2E376B508DD4D7BFF1B54D9BEE57D85F001A446C0214A87A7993632E09370CC3EBF5BE7A2A9D9BBD42355293536FAC5AB5921B4A01D6476C02BAAAD671A3B29463EBD8148D462391486EF672B1FA829F6AF05FF44B5FA5556DDAF43DBE5D18B03E6213A04CFDA34D7534F5E6DD170A85B63CFEDBB733D3BAFED78478794E1CCD89E7A7C58169B1777276E4F1679F3E7571F78CF8AB21761B62C765B1F5AAF8E98E435F1AB85B79825152FBC6C7FC7EBFAA2E03D0206213A040E9F5E0F5AF6DAAFADA063FA2BD36B6CEE7F31D3EBC3F373B5528D9924921A6E6C5C5597161465C16E2ABDFFC4ECF35EFED5D173A951327A7C5C9AB226D8863B3E2B1E70EE40F384D69589353E75D2E97AA2E03D0206213E04C0A6393DBED3E77FE546E76B250B22597E7C4F4DCC29F66E7177E3EF9FB3FDEF84FB77CEB811FCD0A7169565CCC890B39911562EB9E83F9D834A96729FFE747008B629402CEA4701F9C8F3E978A257F9D9A15E7AF8899B93727C866B33F79F0E1FB7FF8E0C9D30B777ACCCD8B997C9CDAB5EF40D96BB52A6213607D8C52C09954C7A6BF176B2136CD89B397C5EB932227C4CCF4B4EFE69B7B7AAEEDE971DDF9B90DA52FDC3BBEBFECB55A15B109B03E4629E04CAA63D3C562154ED29DBF224E5F1267AE8ABD875F5AB162C5B54BDEFD9EEBAE0F7FFE1DB169CFBEF1B2D76A55C426C0FA18A58033A98E4DD962C95FAFCC8B0BC6C2D1A6B357C5B63DA98FADBAF5FA0F7DF83AF7071EFED5635785989C1697A7175EB8636C4FD96BB52A6213607D8C52C099D4C6A6D9D9378A5568894C4E1773E28D1971FA526ED7A1F4AA8FDFD6F7894F9E9916AF1BE28C21CE4F0B199C76ECDE53F65AAD8AD804581FA3147026EBC4A640DF9A832F1CDD7B28353691DA399EDAB9FFC8AE83C7FFB4FBF9E70E9DD83E7EE42FE32FEEDCFFE2D88123878EBEF2D0CF1EBD6BFD5DCAE30BB109402D8C52C09954C7A60BA575EFBD7737728BF0CFDE7967D90BB52A6213607D8C52C09954C7A6F354B3456C02AC8F510A3893E2D834778E6AB6884D80F5314A0167521D9BCE52CD16B109B03E4629E04CAA63D319AAD9223601D6C728059C49756C7A9D6AB6884D80F5314A0167521D9B3254B3456C02AC8F510A3813B1C976456C02AC8F510A3893EAD8F49ADA2AB6A1AC318BDE3B4A6D9B5575198006314A0167521B9BE6E64E77BF4A3FB7D6E3CAE955B5B66A7B5475198006314A0167521D9B4E75BF4A3FB74E1BEA1C6A52D2ECD286A9EA32000D629402CEA43A36BDDAFD5AF4045C71B2D20795CFAB2A6213607D8C52C09954C7A6930AAB7E03EAE62AC5CD56D565001AC428059C49756C7A4561296F40CBCD56D565001AC428059C49F3D8547118A9DE5FAB4E466C025089510A3893EAD8F4B2AA2A7C7A691BD4B6A7A996ABEA32000D629402CEA43836CDA75555F1D30B0FCA1AB3F865E34A5BAEAACB003488510A3893EAD8744249957DF4A22D51D8D4AA8D51D565001AC428059C49756C7AA9FB55FAB96F1D3A7AFB41D5292B1F282C6213607D8C52C09954C7A6E3AAEAAD9C54F3C9D207A553AA6D76A101AABA0C408318A58033A98E4DC7A8668BD804581FA3147026D5B1E928D56C119B00EB639402CE446CB25D119B00EB639402CEA43636CDCF1FA19AAD3A5D168BC5D2E97417FB104075C426C09954C7A617A9664B2EB748DEFFFEEFFF7EEF7BDFBBE38E3BFC7EBFDBED2E5CBA7EC30D37909C00E5884D8033A98E4D29AAD992CB4D06A30F7DE8439537E1BCFDF6DBBD5E6F269351D5A7000A884D8033A98E4D2F50CD56A1CB52A9D42DB7DCF2FEF7BFBF9899DEF5AE77C92C150E87C7C6C654F52980026213E04C0A6393CBE5BA7265FFFCFCF3545355EC32C330BEF0852FDC70C30D85D8343030F099CF7C666868A8B7B7D7ED768742A1D1D15199AE54F52FA0336213E04C32BBC8BDAF928FF67ABD274E3C3D3F7F986AAACA926E2C16BBF1C61B972D5BE6F1788AA7E7B2D96C3C1E9741CAE7F3C9E51C0E8789504037119B006792FBD4EE5F413C3131313838180C06FF90189D177FA31AAF17524FCA2454B63C651EFAE8473F2A9767D5A52DFB5746AB428492D12A140A8D8C8CC82EE87C3F03FA223601CED4DBDBDBB54B610A69490635BFDF2FF7DCC3C3C343435F541E44EC55BF8C3E1089442A97AD91B76817643299783C2E7BA1F0CF773242C95EE05A28C074C426C0990281403299ECE84794A5A5E2C12DF9C0E7BBE98AB1775E1CA21AAC5068ADCC3DA6F44BE1445EE15A2897CB150C06376EDCD8E99501D004B10970A6818181D1D1D14EBC73ADB4546AE382817971906AA47E13FB41385CFD4C5C9B0CC3482412B233648CEEE9E9913F0B114AD5756F80DD119B00678A46A3554FFAB4AC91B45424F7CA81C06D6363BF16E20055BF32996D3EDF4DD9EC0E133BAB1619980A11CAE572F5F6F60E0D0DC95095CD66BBF0D18033109B00674AA552959718B7A0A9B454D600BFFFE6542A2EDF83AA553233C97C994C3ED27E4F356B6C6C6C787838180CBADD6ED9B9B297E3F138110AA88FD804385628146AF9729996D35229B96396C96978F8CB42ECA72A2B1EFFB1CFE74D267FDE5A1F994876B7EC65B9C2C80825D3F6C0C0402C16E3A6E440256213E058725F28434FB32F693F2D95320C6368281208DC1A8D7E3793D92AC43895CDFE3916FB7E38DC1F0A05E4E33697B0E952A9D4E8E868381CF6783C724D884422D16894AFC3030A884D8093E52FCDDEB8E864A6A7A532C9643212F9B4C7F3C1CA6F5BD390DBFDBE70789D4C4EE62EE44E906B42E122396F9E5C49B82F1434476C021C4EEEEA42A150D5BD5D2291E8685AB220732F93D78A5C3DE44A225715B9C2C82CCE5550D013B10970BE582C56D8DB05DE227FEDE9E90906839AA4A5A21E755FD5E718728591B189F0043DB105017421F776C9B7687BAA65D1D8549CA0F2419DE9354C633230C9D8D4CD9BD10356A0DD5007A0B30EC5A646DED99152A954201018191951DD10A04B741CE700B4D54E6CAA3CB054F58A6FF31B6D6D86610C0E0E36F29F0780036837C201E86CD14347C5E8B3687EAAFA405B0DFECF266077BA0F75005A69EA6853D514553A25B1A954E10E4FAA5B017416431D80465A3B49573533896A27E9CC6EAF9D64B3599FCFC7BDC5E16C5A0F7200BA692436D53A4957E7DD340F4C45B1582C1C0EAB6E05D0410C75001A69E4DAA6B229894D4DF1FBFDDADEDE023A60A803D088593720E0245D2D232323838383AA5B01740A831C80469A8D4DF58F3F71B4A99261186EB75BFE54DD10A02318EA0034D2EC7FD2896A41AAEAC4A637D5BE82C160229150DD0AA02318EA0034D2C2B54DA2E4645CD5E9394F5766686868787858752B808E608403D008B1A60BE2F178281452DD0AA023D88200D008B1A90BD2E9B4D7EB55DD0AA023D88200D008B1A90B32998CC7E351DD0AA023D88200D008B1A93B58CE702AD66C001A6177DE1D2C6738156B36008DB03BEF0E96339C8A351B8046D89D7747CBCBB9EA6DB100EB60A504A011F6C4DDD1E072AE7ABFABAAB715ADC3F4C60375B0C201D0087BD9EE687639974D5FFFD7763E0868132B1C00878BC56272E7EA72B9FC7EBF7CE0F178E4CFE5CB97A75229D54D73ACC6D34CADAFAC69F06C1DB1095DC60A07C0E19E78E289CA333B7D7D7DF1785C75D31CABE5D854FF2BFF2ACFCD119BD065AC70001CCE308C65CB9695EE7157AE5CE9F178B2D9ACEAA639563B479BEABC5B9D074077B0C20170BEFBEEBB6FC99225C5D874CF3DF70C0D0DA96E949335159B4A0F202D7AB4A9D603A03B58E1006861C58A15857DF3FAF5EBBD5EAF6118AA5BE4642DA49906631327E9A0162B1C002D6CDFBE7DE9D2A5722F1B0C06B9AAA9D39A4A33552F6FE2927058132B1C005DAC5DBBB6109B5437C4F91A4C33B58E1B71030258162B1C005D643219B997E5BE035DD0F2493A51E368531D66B51968042B1C008DB097ED8E664FD215A352FD6B9BDAFC20A07DAC70003ACE308C582C160E87038180D7EBAD7FF0C0C1E4BCCB25100A85A2D1A8B36F7FD0439A8143B16603E8AC442221E382CC4C9B376F7E66DBB663C78FCFE4727A969C77B904B66CD9B261C306B94C647852DD399D426C8253B16603E8946C361B8944FAFBFB4FBE7A7226374395D6D973676578920B2793C9A8EE28F3119BE054ACD9003A426626BFDFFF8B471F99C94D53B5EAA9DF3DB57AF5EA743AADBABB4C466C8253B16603E888482492CF4C57A9FAF5CCB6AD6BD6DCAEBABB4C466C8253B16603305F2291E8EF5F979B35A846EAEBDFF8DAA64DF7ABEE3433119BE054ACD9004C661886D7EB7DF5543A377B856AA426A7DE58B56AA5936E28456C8253B166033059341A8D4422B9D9CBC5EA0B7EAAC17FD12F7D9556B569D3F79CF4EDC2C42638156B3600938542A12D8FFFF6EDCCB4AEFF35215E9E134773E2F96971605AEC9D9C1D79FCD9A74F5DDC3D23FE6A88DD86D871596CBD2A7EBAE3D09706EE569E6094D4BEF131BFDFAFBAEB4C436C8253B166033099CFE73B7C787F6E76AA50720F3A29C4D4BCB8382B2ECC88CB427CF59BDFE9B9E6BDBDEB42A772E2E4B4387955A40D716C563CF6DC81FC01A7290D6B72EABCCBE552DD75A62136C1A958B30198CCED769F3B7F2A373B5928B907BD3C27A6E716FE343BBFF0F3C9DFFFF1C67FBAE55B0FFC6856884BB3E2624E5CC889AC105BF71CCCC7A6493DCB4951C349F3029462CD0660B27CF4B9542CF9EBD4AC387F45CCCCBD3941369BFDC9830FDFFFC3074F9E5EB8D3636E5ECCE4E3D4AE7D07CA5EAB5539296A38695E8052ACD9004C968F3E7F2FD6426C9A13672F8BD727454E8899E969DFCD37F7F45CDBD3E3BAF3731B4A5FB8777C7FD96BB52A27450D27CD0B508A351B80C9F2D1E762B10A27E9CE5F11A72F893357C5DEC32FAD58B1E2DA25EF7ECF75D7873FFF8ED8B467DF78D96BB52A27450D27CD0B508A351B80C9F2D1275B2CF9EB957971C15838DA74F6AAD8B627F5B155B75EFFA10F5FE7FEC0C3BF7AECAA1093D3E2F2F4C20B778CED297BAD56E5A4A8E1A479014AB166033099DC65CECEBE51ACC21E5426A78B39F1C68C387D29B7EB507AD5C76FEBFBC427CF4C8BD70D71C610E7A7850C4E3B76EF297BAD56E5A4A8E1A479014AB16603305959F409F4AD39F8C2D1BD87526313A99DE3A99DFB8FEC3A78FC4FBB9F7FEED089EDE347FE32FEE2CEFD2F8E1D3872E8E82B0FFDECD1BBD6DFA53CBE109BDAE7A479014AB1660330593E365D28AD7BEFBDBB915B847FF6CE3BCB5EA85539296A38695E8052ACD9004C968F4DE7A966CB4951C349F3029462CD0660B285D834778E6AB69C14359C342F4029D66C0026CBC7A6B354B3E5A4A8E1A479014AB1660330593E369DA19A2D27450D27CD0B508A351B80C9F2B1E975AAD97252D470D2BC00A558B301982C1F9B3254B3E5A4A8E1A479014AB166033019B189D8E4A479014AB1660330593E36BD66A9AA6C92351BA9BAEB4CE3A479014AB166033099DC65CECD9DEE7E95DD3CB3EC4F75A6AC9C5E55FB55779D699C342F4029D66C0026CB479053DDAFD2CF2D6B43E59FEA4CACAA9C14359C342F4029D66C0026CBA79057BB5F85CF2DFBF9CEE349E5D3577D5E5539296A38695E8052ACD9004C960F2227BB5F85CF2DFD59F6A7D25F4B9F29FB555539296A38695E8052ACD9004C968F20AF74BF0A9F5BFAB3F87CF1D7B2C7652F57D5F2620354779D699C342F4029D66C0026B3726CAA9CDE3AE5A4A8E1A479014AB1660330593E8EBCDCFD2A7C6EE9CFCA5F0B8F6BFC279D823697B55F75D799C649F3029462CD0660B28508329FEE7E153EB7F267E983B2896BFDAAAAFDAABBCE344E9A17A0146B360093E523C8095555FCF4D2665436A9EC19B56D2EB64175D799C649F3029462CD0660B27C04794949153EBAB20165CF2C3A81AAC6ABEE3AD338695E8052ACD9004C968F20C7BB5FA59F5BF6B8D69F2AFFAAB09C14359C342F4029D66C0026CBA7906354B3E5A4A8E1A479014AB1660330593E361DA59A2DB9DC2291483018DCB87163229148A7D3AA7BB245994CC6E3F1A86E05D011C42600262336B51C9B6454928149C626199EBC5EAFDBED0E0402F2D7582C964AA554776CA3E45CC8C6AB6E05D011C426002693BBFFF9F92354B35579622B9BCD269349199BC2E1B0CFE79313C814353838188D46C7C6C694746E2364F293B14F752B808E20360130593E36BD48355B8D5C0F2453D4C8C8482412E9EDED95D3CB9FF2B17C463EDFF98E6DD4C63CD5AD003A82D804C064F9D894A29AAD162EA31E1B1B8B46A3838383814040BEDCE7F385C3611959648ACA66B39DE8DC46C8C6582AC6012622360130593E36BD40355BEDFFF7592A958AC5623236C9E0E276BBBD5E6FF72F309F9898F0FBFDDDF92CA0FB884D004CE672B9AE5CD93F3FFF3CD55499FE4FFB4A2E300F8542F178BC436F0E28476C026032B9873E71E2E9F9F9C35453D5E97B1D75E10273F93EBDBDBDA6BC15604DC42600260B06837F488CCE8BBF518DD70BA9276594E9724F997B81B9CC4C328729BCA60AE802621300930D0F0F0F0D7D517910B157FD32FA808C2C6A3BAEE50BCC3399CCC0C0804C5D6426381EB10980C9D2E9B4CF77D31563EFBC38443558A1D05AAB5D1254798179E1A4DEC612322DC974E5F17846474755B717E806621300F31576A9F3E220D548FD26F68370D8EAF7879469B87052AF3436C9B464A3DB9703ED233601309F611881C06D6363BF16E20055BF32996D3EDF4DD9EC0ED59D066071C426001D914AA5FCFE9B53A9B8101354AD929949E6CB64F211D5DD05A021C426009D3236362693D3F0F09785D84F55563CFE639FCF9B4CFE5C7547016814B1094007198631341409046E8D46BF9BC96C15629CCA66FF1C8B7D3F1CEE0F8502F2B1EA2E02D0046213808E4B269391C8A73D9E0FF6A0A7C7ED7E5F38BC4E2627D5DD02A069C426001A517E6F2400B6466C02A0919E0E7F81090067630B024023C42600ED600B024023C42600ED600B024023C42600ED600B024023C42600ED600B024023C42600ED600B024023C42600ED600B024023C42600ED600B024023C42600ED600B024023C42600ED600B024023C42600ED600B024023C42600ED600B024023C42600ED600B024023C42600ED600B024023C42600ED600B024023C42600ED600B024023C42600ED600B024023C42600ED600B024023C42600ED600B024023C42600ED600B024023C42600ED600B024023C42600ED600B024023C42600ED600B024023C42600ED600B024023C42600ED600B024023C42600ED600B024023C42600ED600B024023C42600ED600B02C0E162B1984C4B2E97CBEFF7CB071E8F47FE5CBE7C792A9552DD340036436C02E0704F3CF1444F85BEBEBE783CAEBA69006C86D804C0E10CC358B66C5969665AB972A5C7E3C966B3AA9B06C066884D009CEFBEFBEE5BB264493136DD73CF3D434343AA1B05C07E884D00B4B062C58A42665ABF7EBDD7EB350C43758B00D80FB1098016B66FDFBE74E952199B82C120573501680DB109802ED6AE5D5B884DAA1B02C0AE884D007491C964646CE2BE03005A466C02A0116E7709A01D6C410038996118F1787CE3C68DA15028F0966030289F8946A3994C46750301D809B1098033C9B424A352E58D2ECBF8FDFED1D151FEB10E4023884D009C26994CF6F6F62E1A984A79BD5EFEBD0EC0A2884D009CC3308C482452793CE9EB5FFFC6962D8F3FB3EDD9627DFBDBDFE9EFEF2F9B32140A71EB700075109B0038442693293BC8F495AFFCF7B1E3C76772B3B5EAECB9F3FFF7D043852FF72D1E769A9898503D2B002C8AD804C009D2E9B44C3CC5F4130C06EB07A6B2F0F4ED6F7FA7F85A97CB353636A67A86005811B10980ED1986517A9CE9814D9B1A0C4CA5B579F3FF9381A978CC897FB2035089D804C0F6C2E17031336DD9F2780B99A9507BF78DBBDDEEC2FB040201D5B305C072884D00EC2D1E8FB7799CA9B49EFADDEF8BEF363232A27AE600580BB10980BDF9FDFEE2F54C6D66A64215AF73F2783CDCCF0940296213001B8BC562C5EBB84FBE7ACA94D8746972AAF8BF75838383AA67118085109B00D858201028DE6BC094CC54A85F3CFA68E16DDD6EB7EA59046021C426007695CD668BD7219975A8A9581FF9C89BB733482693AA67148055109B00D855341A2DFED79BB99949D697BE7477E1CD87868654CF2800AB203601B0AB818101B3FE81AEB29ED9F66CE1CD7B7B7B55CF2800AB203601B0AB60305848364FFDEEF7A6C7A663C78F176F7DA97A46015805B109805D156F3DB077DFB8E9B14956F1C229D5330AC02AD81C00B0ABE26D021AFFFAB9A6AAF8FEAA67148055B0390060573E9FAF106BFE76F870276253F12BEA54CF2800AB607300C0AE8A376D7A66DBB3A667A6B3E7CE73EB260065884D00EC2A12891492CDFF3DF490E9B1E96F870F17DEDCEFF7AB9E510056416C026057C3C3C38564B361C37F981E9B1ED8B4A9F0E6E17058F58C02B00A621300BB4AA552C5F3689726A7CC8D4D6BD6AC29BC79341A553DA300AC82D804C0C6BCDE37BF0265CB96C74DCC4CC59B3649D96C56F55C02B00A6213001B1B1A1A2A849B55AB569978C0E93377DC5178DB5028A47A16015808B109808D65B3D9E2DD95CCFA8A951D3B77150F354D4C4CA89E450016426C02606F2323238588E372B9DABF13C1B1E3C78B396C606040F5CC01B016621300DBEBEDED2D041D9978DAB963F8A5C9A955AB5615DF2A93C9A89E3300D6426C02607BE974DAED7617E34E6B5F5177F2D553C5CCE472B992C9A4EAD9026039C426004EF0FFDBBB639C08813000A35B728C3D021D2D1D2D95CB65568E40E386235052A82750C311380625AD93984C36EAAE63B54ADE6BA180EECBCCC01F2A271E480AD1F3DB1F60BEBCBEC5BDB9A0EBBA5BBF10F017C9266023C6718C6B4E1FDFD63D3E3DA72C32DD1D0EBB339A09B8443601DB31CF739CEF1BE3E978BCFF3AEB37D4D2C3E95455D5F9CDA1BAECCD0157C8266053966569DB36CBB2DD778AA2B874A9691A67C081EB6413B0412180E2A0DF1F9565394DD3AD1F19F8076413B059EBBA0EC310FA29CFF34FA9B4DFEFEBBAEEFBDE0A13904E36010024914D0000496413004012D904009044360100247907EFC2F38BE6365F800000000049454E44AE426082, '0');

-- ----------------------------
-- Table structure for act_ge_property
-- ----------------------------
DROP TABLE IF EXISTS `act_ge_property`;
CREATE TABLE `act_ge_property` (
  `NAME_` varchar(64) COLLATE utf8_bin NOT NULL DEFAULT '',
  `VALUE_` varchar(300) COLLATE utf8_bin DEFAULT NULL,
  `REV_` int(11) DEFAULT NULL,
  PRIMARY KEY (`NAME_`)
) ENGINE=InnoDB DEFAULT CHARSET=utf8 COLLATE=utf8_bin;

-- ----------------------------
-- Records of act_ge_property
-- ----------------------------
INSERT INTO `act_ge_property` VALUES ('next.dbid', '50001', '21');
INSERT INTO `act_ge_property` VALUES ('schema.history', 'create(5.16)', '1');
INSERT INTO `act_ge_property` VALUES ('schema.version', '5.16', '1');

-- ----------------------------
-- Table structure for act_hi_actinst
-- ----------------------------
DROP TABLE IF EXISTS `act_hi_actinst`;
CREATE TABLE `act_hi_actinst` (
  `ID_` varchar(64) COLLATE utf8_bin NOT NULL,
  `PROC_DEF_ID_` varchar(64) COLLATE utf8_bin NOT NULL,
  `PROC_INST_ID_` varchar(64) COLLATE utf8_bin NOT NULL,
  `EXECUTION_ID_` varchar(64) COLLATE utf8_bin NOT NULL,
  `ACT_ID_` varchar(255) COLLATE utf8_bin NOT NULL,
  `TASK_ID_` varchar(64) COLLATE utf8_bin DEFAULT NULL,
  `CALL_PROC_INST_ID_` varchar(64) COLLATE utf8_bin DEFAULT NULL,
  `ACT_NAME_` varchar(255) COLLATE utf8_bin DEFAULT NULL,
  `ACT_TYPE_` varchar(255) COLLATE utf8_bin NOT NULL,
  `ASSIGNEE_` varchar(255) COLLATE utf8_bin DEFAULT NULL,
  `START_TIME_` datetime NOT NULL,
  `END_TIME_` datetime DEFAULT NULL,
  `DURATION_` bigint(20) DEFAULT NULL,
  `TENANT_ID_` varchar(255) COLLATE utf8_bin DEFAULT '',
  PRIMARY KEY (`ID_`),
  KEY `ACT_IDX_HI_ACT_INST_START` (`START_TIME_`),
  KEY `ACT_IDX_HI_ACT_INST_END` (`END_TIME_`),
  KEY `ACT_IDX_HI_ACT_INST_PROCINST` (`PROC_INST_ID_`,`ACT_ID_`),
  KEY `ACT_IDX_HI_ACT_INST_EXEC` (`EXECUTION_ID_`,`ACT_ID_`)
) ENGINE=InnoDB DEFAULT CHARSET=utf8 COLLATE=utf8_bin;

-- ----------------------------
-- Records of act_hi_actinst
-- ----------------------------
INSERT INTO `act_hi_actinst` VALUES ('45006', 'cargo:1:45004', '45005', '45005', 'startevent1', null, null, 'Start', 'startEvent', null, '2014-09-13 10:59:20', '2014-09-13 10:59:20', '3', '');
INSERT INTO `act_hi_actinst` VALUES ('45009', 'cargo:1:45004', '45005', '45005', 'usertask1', '45010', null, '', 'userTask', '5-', '2014-09-13 10:59:20', '2014-09-13 10:59:49', '29565', '');
INSERT INTO `act_hi_actinst` VALUES ('45013', 'cargo:1:45004', '45005', '45005', 'usertask2', '45014', null, '', 'userTask', '6-', '2014-09-13 10:59:49', '2014-09-13 11:00:19', '30368', '');
INSERT INTO `act_hi_actinst` VALUES ('45016', 'cargo:1:45004', '45005', '45005', 'usertask3', '45017', null, '', 'userTask', '7-', '2014-09-13 11:00:19', '2014-09-13 11:00:58', '39874', '');
INSERT INTO `act_hi_actinst` VALUES ('45019', 'cargo:1:45004', '45005', '45005', 'usertask4', '45020', null, '', 'userTask', '8-', '2014-09-13 11:00:58', '2014-09-13 11:01:24', '26887', '');
INSERT INTO `act_hi_actinst` VALUES ('45022', 'cargo:1:45004', '45005', '45005', 'usertask5', '45023', null, '', 'userTask', '9-', '2014-09-13 11:01:24', '2014-09-13 11:01:37', '13188', '');
INSERT INTO `act_hi_actinst` VALUES ('45025', 'cargo:1:45004', '45005', '45005', 'usertask6', '45026', null, '', 'userTask', '10-', '2014-09-13 11:01:37', '2014-09-13 11:01:49', '12201', '');
INSERT INTO `act_hi_actinst` VALUES ('45028', 'cargo:1:45004', '45005', '45005', 'endevent1', null, null, 'End', 'endEvent', null, '2014-09-13 11:01:49', '2014-09-13 11:01:49', '0', '');
INSERT INTO `act_hi_actinst` VALUES ('45030', 'cargo:1:45004', '45029', '45029', 'startevent1', null, null, 'Start', 'startEvent', null, '2014-09-13 11:18:32', '2014-09-13 11:18:32', '0', '');
INSERT INTO `act_hi_actinst` VALUES ('45033', 'cargo:1:45004', '45029', '45029', 'usertask1', '45034', null, '', 'userTask', '7-', '2014-09-13 11:18:32', '2014-09-13 11:19:49', '77089', '');
INSERT INTO `act_hi_actinst` VALUES ('45037', 'cargo:1:45004', '45029', '45029', 'usertask2', '45038', null, '', 'userTask', '6-', '2014-09-13 11:19:49', '2014-09-13 11:21:00', '71286', '');
INSERT INTO `act_hi_actinst` VALUES ('45040', 'cargo:1:45004', '45029', '45029', 'usertask1', '45041', null, '', 'userTask', '5-', '2014-09-13 11:21:00', '2014-09-13 11:24:48', '228144', '');
INSERT INTO `act_hi_actinst` VALUES ('45043', 'cargo:1:45004', '45029', '45029', 'usertask2', '45044', null, '', 'userTask', '6-', '2014-09-13 11:24:48', '2014-09-13 11:26:14', '86074', '');
INSERT INTO `act_hi_actinst` VALUES ('47502', 'cargo:1:45004', '45029', '45029', 'usertask3', '47503', null, '', 'userTask', '7-', '2014-09-13 11:26:14', null, null, '');

-- ----------------------------
-- Table structure for act_hi_attachment
-- ----------------------------
DROP TABLE IF EXISTS `act_hi_attachment`;
CREATE TABLE `act_hi_attachment` (
  `ID_` varchar(64) COLLATE utf8_bin NOT NULL,
  `REV_` int(11) DEFAULT NULL,
  `USER_ID_` varchar(255) COLLATE utf8_bin DEFAULT NULL,
  `NAME_` varchar(255) COLLATE utf8_bin DEFAULT NULL,
  `DESCRIPTION_` varchar(4000) COLLATE utf8_bin DEFAULT NULL,
  `TYPE_` varchar(255) COLLATE utf8_bin DEFAULT NULL,
  `TASK_ID_` varchar(64) COLLATE utf8_bin DEFAULT NULL,
  `PROC_INST_ID_` varchar(64) COLLATE utf8_bin DEFAULT NULL,
  `URL_` varchar(4000) COLLATE utf8_bin DEFAULT NULL,
  `CONTENT_ID_` varchar(64) COLLATE utf8_bin DEFAULT NULL,
  PRIMARY KEY (`ID_`)
) ENGINE=InnoDB DEFAULT CHARSET=utf8 COLLATE=utf8_bin;

-- ----------------------------
-- Records of act_hi_attachment
-- ----------------------------

-- ----------------------------
-- Table structure for act_hi_comment
-- ----------------------------
DROP TABLE IF EXISTS `act_hi_comment`;
CREATE TABLE `act_hi_comment` (
  `ID_` varchar(64) COLLATE utf8_bin NOT NULL,
  `TYPE_` varchar(255) COLLATE utf8_bin DEFAULT NULL,
  `TIME_` datetime NOT NULL,
  `USER_ID_` varchar(255) COLLATE utf8_bin DEFAULT NULL,
  `TASK_ID_` varchar(64) COLLATE utf8_bin DEFAULT NULL,
  `PROC_INST_ID_` varchar(64) COLLATE utf8_bin DEFAULT NULL,
  `ACTION_` varchar(255) COLLATE utf8_bin DEFAULT NULL,
  `MESSAGE_` varchar(4000) COLLATE utf8_bin DEFAULT NULL,
  `FULL_MSG_` longblob,
  PRIMARY KEY (`ID_`)
) ENGINE=InnoDB DEFAULT CHARSET=utf8 COLLATE=utf8_bin;

-- ----------------------------
-- Records of act_hi_comment
-- ----------------------------
INSERT INTO `act_hi_comment` VALUES ('47501', 'comment', '2014-09-13 11:26:13', null, '45044', '45029', 'AddComment', '', 0xB1A8D4CBCDEAB3C9A3ACC7EBD7B0CFE4);

-- ----------------------------
-- Table structure for act_hi_detail
-- ----------------------------
DROP TABLE IF EXISTS `act_hi_detail`;
CREATE TABLE `act_hi_detail` (
  `ID_` varchar(64) COLLATE utf8_bin NOT NULL,
  `TYPE_` varchar(255) COLLATE utf8_bin NOT NULL,
  `PROC_INST_ID_` varchar(64) COLLATE utf8_bin DEFAULT NULL,
  `EXECUTION_ID_` varchar(64) COLLATE utf8_bin DEFAULT NULL,
  `TASK_ID_` varchar(64) COLLATE utf8_bin DEFAULT NULL,
  `ACT_INST_ID_` varchar(64) COLLATE utf8_bin DEFAULT NULL,
  `NAME_` varchar(255) COLLATE utf8_bin NOT NULL,
  `VAR_TYPE_` varchar(255) COLLATE utf8_bin DEFAULT NULL,
  `REV_` int(11) DEFAULT NULL,
  `TIME_` datetime NOT NULL,
  `BYTEARRAY_ID_` varchar(64) COLLATE utf8_bin DEFAULT NULL,
  `DOUBLE_` double DEFAULT NULL,
  `LONG_` bigint(20) DEFAULT NULL,
  `TEXT_` varchar(4000) COLLATE utf8_bin DEFAULT NULL,
  `TEXT2_` varchar(4000) COLLATE utf8_bin DEFAULT NULL,
  PRIMARY KEY (`ID_`),
  KEY `ACT_IDX_HI_DETAIL_PROC_INST` (`PROC_INST_ID_`),
  KEY `ACT_IDX_HI_DETAIL_ACT_INST` (`ACT_INST_ID_`),
  KEY `ACT_IDX_HI_DETAIL_TIME` (`TIME_`),
  KEY `ACT_IDX_HI_DETAIL_NAME` (`NAME_`),
  KEY `ACT_IDX_HI_DETAIL_TASK_ID` (`TASK_ID_`)
) ENGINE=InnoDB DEFAULT CHARSET=utf8 COLLATE=utf8_bin;

-- ----------------------------
-- Records of act_hi_detail
-- ----------------------------

-- ----------------------------
-- Table structure for act_hi_identitylink
-- ----------------------------
DROP TABLE IF EXISTS `act_hi_identitylink`;
CREATE TABLE `act_hi_identitylink` (
  `ID_` varchar(64) COLLATE utf8_bin NOT NULL DEFAULT '',
  `GROUP_ID_` varchar(255) COLLATE utf8_bin DEFAULT NULL,
  `TYPE_` varchar(255) COLLATE utf8_bin DEFAULT NULL,
  `USER_ID_` varchar(255) COLLATE utf8_bin DEFAULT NULL,
  `TASK_ID_` varchar(64) COLLATE utf8_bin DEFAULT NULL,
  `PROC_INST_ID_` varchar(64) COLLATE utf8_bin DEFAULT NULL,
  PRIMARY KEY (`ID_`),
  KEY `ACT_IDX_HI_IDENT_LNK_USER` (`USER_ID_`),
  KEY `ACT_IDX_HI_IDENT_LNK_TASK` (`TASK_ID_`),
  KEY `ACT_IDX_HI_IDENT_LNK_PROCINST` (`PROC_INST_ID_`)
) ENGINE=InnoDB DEFAULT CHARSET=utf8 COLLATE=utf8_bin;

-- ----------------------------
-- Records of act_hi_identitylink
-- ----------------------------
INSERT INTO `act_hi_identitylink` VALUES ('45011', null, 'participant', '5-', null, '45005');
INSERT INTO `act_hi_identitylink` VALUES ('45015', null, 'participant', '6-', null, '45005');
INSERT INTO `act_hi_identitylink` VALUES ('45018', null, 'participant', '7-', null, '45005');
INSERT INTO `act_hi_identitylink` VALUES ('45021', null, 'participant', '8-', null, '45005');
INSERT INTO `act_hi_identitylink` VALUES ('45024', null, 'participant', '9-', null, '45005');
INSERT INTO `act_hi_identitylink` VALUES ('45027', null, 'participant', '10-', null, '45005');
INSERT INTO `act_hi_identitylink` VALUES ('45035', null, 'participant', '7-', null, '45029');
INSERT INTO `act_hi_identitylink` VALUES ('45039', null, 'participant', '6-', null, '45029');
INSERT INTO `act_hi_identitylink` VALUES ('45042', null, 'participant', '5-', null, '45029');

-- ----------------------------
-- Table structure for act_hi_procinst
-- ----------------------------
DROP TABLE IF EXISTS `act_hi_procinst`;
CREATE TABLE `act_hi_procinst` (
  `ID_` varchar(64) COLLATE utf8_bin NOT NULL,
  `PROC_INST_ID_` varchar(64) COLLATE utf8_bin NOT NULL,
  `BUSINESS_KEY_` varchar(255) COLLATE utf8_bin DEFAULT NULL,
  `PROC_DEF_ID_` varchar(64) COLLATE utf8_bin NOT NULL,
  `START_TIME_` datetime NOT NULL,
  `END_TIME_` datetime DEFAULT NULL,
  `DURATION_` bigint(20) DEFAULT NULL,
  `START_USER_ID_` varchar(255) COLLATE utf8_bin DEFAULT NULL,
  `START_ACT_ID_` varchar(255) COLLATE utf8_bin DEFAULT NULL,
  `END_ACT_ID_` varchar(255) COLLATE utf8_bin DEFAULT NULL,
  `SUPER_PROCESS_INSTANCE_ID_` varchar(64) COLLATE utf8_bin DEFAULT NULL,
  `DELETE_REASON_` varchar(4000) COLLATE utf8_bin DEFAULT NULL,
  `TENANT_ID_` varchar(255) COLLATE utf8_bin DEFAULT '',
  `NAME_` varchar(255) COLLATE utf8_bin DEFAULT NULL,
  PRIMARY KEY (`ID_`),
  UNIQUE KEY `PROC_INST_ID_` (`PROC_INST_ID_`),
  KEY `ACT_IDX_HI_PRO_INST_END` (`END_TIME_`),
  KEY `ACT_IDX_HI_PRO_I_BUSKEY` (`BUSINESS_KEY_`)
) ENGINE=InnoDB DEFAULT CHARSET=utf8 COLLATE=utf8_bin;

-- ----------------------------
-- Records of act_hi_procinst
-- ----------------------------
INSERT INTO `act_hi_procinst` VALUES ('45005', '45005', null, 'cargo:1:45004', '2014-09-13 10:59:20', '2014-09-13 11:01:49', '149211', null, 'startevent1', 'endevent1', null, null, '', null);
INSERT INTO `act_hi_procinst` VALUES ('45029', '45029', null, 'cargo:1:45004', '2014-09-13 11:18:32', null, null, null, 'startevent1', null, null, null, '', null);

-- ----------------------------
-- Table structure for act_hi_taskinst
-- ----------------------------
DROP TABLE IF EXISTS `act_hi_taskinst`;
CREATE TABLE `act_hi_taskinst` (
  `ID_` varchar(64) COLLATE utf8_bin NOT NULL,
  `PROC_DEF_ID_` varchar(64) COLLATE utf8_bin DEFAULT NULL,
  `TASK_DEF_KEY_` varchar(255) COLLATE utf8_bin DEFAULT NULL,
  `PROC_INST_ID_` varchar(64) COLLATE utf8_bin DEFAULT NULL,
  `EXECUTION_ID_` varchar(64) COLLATE utf8_bin DEFAULT NULL,
  `NAME_` varchar(255) COLLATE utf8_bin DEFAULT NULL,
  `PARENT_TASK_ID_` varchar(64) COLLATE utf8_bin DEFAULT NULL,
  `DESCRIPTION_` varchar(4000) COLLATE utf8_bin DEFAULT NULL,
  `OWNER_` varchar(255) COLLATE utf8_bin DEFAULT NULL,
  `ASSIGNEE_` varchar(255) COLLATE utf8_bin DEFAULT NULL,
  `START_TIME_` datetime NOT NULL,
  `CLAIM_TIME_` datetime DEFAULT NULL,
  `END_TIME_` datetime DEFAULT NULL,
  `DURATION_` bigint(20) DEFAULT NULL,
  `DELETE_REASON_` varchar(4000) COLLATE utf8_bin DEFAULT NULL,
  `PRIORITY_` int(11) DEFAULT NULL,
  `DUE_DATE_` datetime DEFAULT NULL,
  `FORM_KEY_` varchar(255) COLLATE utf8_bin DEFAULT NULL,
  `CATEGORY_` varchar(255) COLLATE utf8_bin DEFAULT NULL,
  `TENANT_ID_` varchar(255) COLLATE utf8_bin DEFAULT '',
  PRIMARY KEY (`ID_`)
) ENGINE=InnoDB DEFAULT CHARSET=utf8 COLLATE=utf8_bin;

-- ----------------------------
-- Records of act_hi_taskinst
-- ----------------------------
INSERT INTO `act_hi_taskinst` VALUES ('45010', 'cargo:1:45004', 'usertask1', '45005', '45005', '', null, null, null, '5-', '2014-09-13 10:59:20', null, '2014-09-13 10:59:49', '29558', 'completed', '50', null, '/cargo/contract', null, '');
INSERT INTO `act_hi_taskinst` VALUES ('45014', 'cargo:1:45004', 'usertask2', '45005', '45005', '', null, null, null, '6-', '2014-09-13 10:59:49', null, '2014-09-13 11:00:19', '30356', 'completed', '50', null, '/cargo/export', null, '');
INSERT INTO `act_hi_taskinst` VALUES ('45017', 'cargo:1:45004', 'usertask3', '45005', '45005', '', null, null, null, '7-', '2014-09-13 11:00:19', null, '2014-09-13 11:00:58', '39871', 'completed', '50', null, '/cargo/packinglist', null, '');
INSERT INTO `act_hi_taskinst` VALUES ('45020', 'cargo:1:45004', 'usertask4', '45005', '45005', '', null, null, null, '8-', '2014-09-13 11:00:58', null, '2014-09-13 11:01:24', '26863', 'completed', '50', null, null, null, '');
INSERT INTO `act_hi_taskinst` VALUES ('45023', 'cargo:1:45004', 'usertask5', '45005', '45005', '', null, null, null, '9-', '2014-09-13 11:01:24', null, '2014-09-13 11:01:37', '13164', 'completed', '50', null, null, null, '');
INSERT INTO `act_hi_taskinst` VALUES ('45026', 'cargo:1:45004', 'usertask6', '45005', '45005', '', null, null, null, '10-', '2014-09-13 11:01:37', null, '2014-09-13 11:01:49', '12178', 'completed', '50', null, null, null, '');
INSERT INTO `act_hi_taskinst` VALUES ('45034', 'cargo:1:45004', 'usertask1', '45029', '45029', '', null, null, null, '7-', '2014-09-13 11:18:32', null, '2014-09-13 11:19:49', '77083', 'completed', '50', null, '/cargo/contract', null, '');
INSERT INTO `act_hi_taskinst` VALUES ('45038', 'cargo:1:45004', 'usertask2', '45029', '45029', '', null, null, null, '6-', '2014-09-13 11:19:49', null, '2014-09-13 11:21:00', '71284', 'completed', '50', null, '/cargo/export', null, '');
INSERT INTO `act_hi_taskinst` VALUES ('45041', 'cargo:1:45004', 'usertask1', '45029', '45029', '', null, null, null, '5-', '2014-09-13 11:21:00', null, '2014-09-13 11:24:48', '228136', 'completed', '50', null, '/cargo/contract', null, '');
INSERT INTO `act_hi_taskinst` VALUES ('45044', 'cargo:1:45004', 'usertask2', '45029', '45029', '', null, null, null, '6-', '2014-09-13 11:24:48', null, '2014-09-13 11:26:14', '86021', 'completed', '50', null, '/cargo/export', null, '');
INSERT INTO `act_hi_taskinst` VALUES ('47503', 'cargo:1:45004', 'usertask3', '45029', '45029', '', null, null, null, '7-', '2014-09-13 11:26:14', null, null, null, null, '50', null, '/cargo/packinglist', null, '');

-- ----------------------------
-- Table structure for act_hi_varinst
-- ----------------------------
DROP TABLE IF EXISTS `act_hi_varinst`;
CREATE TABLE `act_hi_varinst` (
  `ID_` varchar(64) COLLATE utf8_bin NOT NULL,
  `PROC_INST_ID_` varchar(64) COLLATE utf8_bin DEFAULT NULL,
  `EXECUTION_ID_` varchar(64) COLLATE utf8_bin DEFAULT NULL,
  `TASK_ID_` varchar(64) COLLATE utf8_bin DEFAULT NULL,
  `NAME_` varchar(255) COLLATE utf8_bin NOT NULL,
  `VAR_TYPE_` varchar(100) COLLATE utf8_bin DEFAULT NULL,
  `REV_` int(11) DEFAULT NULL,
  `BYTEARRAY_ID_` varchar(64) COLLATE utf8_bin DEFAULT NULL,
  `DOUBLE_` double DEFAULT NULL,
  `LONG_` bigint(20) DEFAULT NULL,
  `TEXT_` varchar(4000) COLLATE utf8_bin DEFAULT NULL,
  `TEXT2_` varchar(4000) COLLATE utf8_bin DEFAULT NULL,
  `CREATE_TIME_` datetime DEFAULT NULL,
  `LAST_UPDATED_TIME_` datetime DEFAULT NULL,
  PRIMARY KEY (`ID_`),
  KEY `ACT_IDX_HI_PROCVAR_PROC_INST` (`PROC_INST_ID_`),
  KEY `ACT_IDX_HI_PROCVAR_NAME_TYPE` (`NAME_`,`VAR_TYPE_`)
) ENGINE=InnoDB DEFAULT CHARSET=utf8 COLLATE=utf8_bin;

-- ----------------------------
-- Records of act_hi_varinst
-- ----------------------------
INSERT INTO `act_hi_varinst` VALUES ('45007', '45005', '45005', null, 'userId', 'string', '6', null, null, null, '10-', null, '2014-09-13 10:59:20', '2014-09-13 11:01:49');
INSERT INTO `act_hi_varinst` VALUES ('45008', '45005', '45005', null, 'objId', 'string', '1', null, null, null, '4028817a3357462e0133591b86ec0002', null, '2014-09-13 10:59:20', '2014-09-13 11:01:49');
INSERT INTO `act_hi_varinst` VALUES ('45012', '45005', '45005', null, 'outcome', 'string', '5', null, null, null, '', null, '2014-09-13 10:59:49', '2014-09-13 11:01:49');
INSERT INTO `act_hi_varinst` VALUES ('45031', '45029', '45029', null, 'userId', 'string', '4', null, null, null, '7-', null, '2014-09-13 11:18:32', '2014-09-13 11:26:14');
INSERT INTO `act_hi_varinst` VALUES ('45032', '45029', '45029', null, 'objId', 'string', '0', null, null, null, '4028817a3357462e01336cc0877b0010', null, '2014-09-13 11:18:32', '2014-09-13 11:18:32');
INSERT INTO `act_hi_varinst` VALUES ('45036', '45029', '45029', null, 'outcome', 'string', '3', null, null, null, '', null, '2014-09-13 11:19:49', '2014-09-13 11:26:14');

-- ----------------------------
-- Table structure for act_id_group
-- ----------------------------
DROP TABLE IF EXISTS `act_id_group`;
CREATE TABLE `act_id_group` (
  `ID_` varchar(64) COLLATE utf8_bin NOT NULL DEFAULT '',
  `REV_` int(11) DEFAULT NULL,
  `NAME_` varchar(255) COLLATE utf8_bin DEFAULT NULL,
  `TYPE_` varchar(255) COLLATE utf8_bin DEFAULT NULL,
  PRIMARY KEY (`ID_`)
) ENGINE=InnoDB DEFAULT CHARSET=utf8 COLLATE=utf8_bin;

-- ----------------------------
-- Records of act_id_group
-- ----------------------------

-- ----------------------------
-- Table structure for act_id_info
-- ----------------------------
DROP TABLE IF EXISTS `act_id_info`;
CREATE TABLE `act_id_info` (
  `ID_` varchar(64) COLLATE utf8_bin NOT NULL DEFAULT '',
  `REV_` int(11) DEFAULT NULL,
  `USER_ID_` varchar(64) COLLATE utf8_bin DEFAULT NULL,
  `TYPE_` varchar(64) COLLATE utf8_bin DEFAULT NULL,
  `KEY_` varchar(255) COLLATE utf8_bin DEFAULT NULL,
  `VALUE_` varchar(255) COLLATE utf8_bin DEFAULT NULL,
  `PASSWORD_` longblob,
  `PARENT_ID_` varchar(255) COLLATE utf8_bin DEFAULT NULL,
  PRIMARY KEY (`ID_`)
) ENGINE=InnoDB DEFAULT CHARSET=utf8 COLLATE=utf8_bin;

-- ----------------------------
-- Records of act_id_info
-- ----------------------------

-- ----------------------------
-- Table structure for act_id_membership
-- ----------------------------
DROP TABLE IF EXISTS `act_id_membership`;
CREATE TABLE `act_id_membership` (
  `USER_ID_` varchar(64) COLLATE utf8_bin NOT NULL DEFAULT '',
  `GROUP_ID_` varchar(64) COLLATE utf8_bin NOT NULL DEFAULT '',
  PRIMARY KEY (`USER_ID_`,`GROUP_ID_`),
  KEY `ACT_FK_MEMB_GROUP` (`GROUP_ID_`),
  CONSTRAINT `ACT_FK_MEMB_GROUP` FOREIGN KEY (`GROUP_ID_`) REFERENCES `act_id_group` (`ID_`),
  CONSTRAINT `ACT_FK_MEMB_USER` FOREIGN KEY (`USER_ID_`) REFERENCES `act_id_user` (`ID_`)
) ENGINE=InnoDB DEFAULT CHARSET=utf8 COLLATE=utf8_bin;

-- ----------------------------
-- Records of act_id_membership
-- ----------------------------

-- ----------------------------
-- Table structure for act_id_user
-- ----------------------------
DROP TABLE IF EXISTS `act_id_user`;
CREATE TABLE `act_id_user` (
  `ID_` varchar(64) COLLATE utf8_bin NOT NULL DEFAULT '',
  `REV_` int(11) DEFAULT NULL,
  `FIRST_` varchar(255) COLLATE utf8_bin DEFAULT NULL,
  `LAST_` varchar(255) COLLATE utf8_bin DEFAULT NULL,
  `EMAIL_` varchar(255) COLLATE utf8_bin DEFAULT NULL,
  `PWD_` varchar(255) COLLATE utf8_bin DEFAULT NULL,
  `PICTURE_ID_` varchar(64) COLLATE utf8_bin DEFAULT NULL,
  PRIMARY KEY (`ID_`)
) ENGINE=InnoDB DEFAULT CHARSET=utf8 COLLATE=utf8_bin;

-- ----------------------------
-- Records of act_id_user
-- ----------------------------

-- ----------------------------
-- Table structure for act_re_deployment
-- ----------------------------
DROP TABLE IF EXISTS `act_re_deployment`;
CREATE TABLE `act_re_deployment` (
  `ID_` varchar(64) COLLATE utf8_bin NOT NULL DEFAULT '',
  `NAME_` varchar(255) COLLATE utf8_bin DEFAULT NULL,
  `CATEGORY_` varchar(255) COLLATE utf8_bin DEFAULT NULL,
  `TENANT_ID_` varchar(255) COLLATE utf8_bin DEFAULT '',
  `DEPLOY_TIME_` timestamp NOT NULL DEFAULT CURRENT_TIMESTAMP ON UPDATE CURRENT_TIMESTAMP,
  PRIMARY KEY (`ID_`)
) ENGINE=InnoDB DEFAULT CHARSET=utf8 COLLATE=utf8_bin;

-- ----------------------------
-- Records of act_re_deployment
-- ----------------------------
INSERT INTO `act_re_deployment` VALUES ('45001', '', null, '', '2014-09-13 10:59:13');

-- ----------------------------
-- Table structure for act_re_model
-- ----------------------------
DROP TABLE IF EXISTS `act_re_model`;
CREATE TABLE `act_re_model` (
  `ID_` varchar(64) COLLATE utf8_bin NOT NULL,
  `REV_` int(11) DEFAULT NULL,
  `NAME_` varchar(255) COLLATE utf8_bin DEFAULT NULL,
  `KEY_` varchar(255) COLLATE utf8_bin DEFAULT NULL,
  `CATEGORY_` varchar(255) COLLATE utf8_bin DEFAULT NULL,
  `CREATE_TIME_` timestamp NULL DEFAULT NULL,
  `LAST_UPDATE_TIME_` timestamp NULL DEFAULT NULL,
  `VERSION_` int(11) DEFAULT NULL,
  `META_INFO_` varchar(4000) COLLATE utf8_bin DEFAULT NULL,
  `DEPLOYMENT_ID_` varchar(64) COLLATE utf8_bin DEFAULT NULL,
  `EDITOR_SOURCE_VALUE_ID_` varchar(64) COLLATE utf8_bin DEFAULT NULL,
  `EDITOR_SOURCE_EXTRA_VALUE_ID_` varchar(64) COLLATE utf8_bin DEFAULT NULL,
  `TENANT_ID_` varchar(255) COLLATE utf8_bin DEFAULT '',
  PRIMARY KEY (`ID_`),
  KEY `ACT_FK_MODEL_SOURCE` (`EDITOR_SOURCE_VALUE_ID_`),
  KEY `ACT_FK_MODEL_SOURCE_EXTRA` (`EDITOR_SOURCE_EXTRA_VALUE_ID_`),
  KEY `ACT_FK_MODEL_DEPLOYMENT` (`DEPLOYMENT_ID_`),
  CONSTRAINT `ACT_FK_MODEL_DEPLOYMENT` FOREIGN KEY (`DEPLOYMENT_ID_`) REFERENCES `act_re_deployment` (`ID_`),
  CONSTRAINT `ACT_FK_MODEL_SOURCE` FOREIGN KEY (`EDITOR_SOURCE_VALUE_ID_`) REFERENCES `act_ge_bytearray` (`ID_`),
  CONSTRAINT `ACT_FK_MODEL_SOURCE_EXTRA` FOREIGN KEY (`EDITOR_SOURCE_EXTRA_VALUE_ID_`) REFERENCES `act_ge_bytearray` (`ID_`)
) ENGINE=InnoDB DEFAULT CHARSET=utf8 COLLATE=utf8_bin;

-- ----------------------------
-- Records of act_re_model
-- ----------------------------

-- ----------------------------
-- Table structure for act_re_procdef
-- ----------------------------
DROP TABLE IF EXISTS `act_re_procdef`;
CREATE TABLE `act_re_procdef` (
  `ID_` varchar(64) COLLATE utf8_bin NOT NULL,
  `REV_` int(11) DEFAULT NULL,
  `CATEGORY_` varchar(255) COLLATE utf8_bin DEFAULT NULL,
  `NAME_` varchar(255) COLLATE utf8_bin DEFAULT NULL,
  `KEY_` varchar(255) COLLATE utf8_bin NOT NULL,
  `VERSION_` int(11) NOT NULL,
  `DEPLOYMENT_ID_` varchar(64) COLLATE utf8_bin DEFAULT NULL,
  `RESOURCE_NAME_` varchar(4000) COLLATE utf8_bin DEFAULT NULL,
  `DGRM_RESOURCE_NAME_` varchar(4000) COLLATE utf8_bin DEFAULT NULL,
  `DESCRIPTION_` varchar(4000) COLLATE utf8_bin DEFAULT NULL,
  `HAS_START_FORM_KEY_` tinyint(4) DEFAULT NULL,
  `SUSPENSION_STATE_` int(11) DEFAULT NULL,
  `TENANT_ID_` varchar(255) COLLATE utf8_bin DEFAULT '',
  PRIMARY KEY (`ID_`),
  UNIQUE KEY `ACT_UNIQ_PROCDEF` (`KEY_`,`VERSION_`,`TENANT_ID_`)
) ENGINE=InnoDB DEFAULT CHARSET=utf8 COLLATE=utf8_bin;

-- ----------------------------
-- Records of act_re_procdef
-- ----------------------------
INSERT INTO `act_re_procdef` VALUES ('cargo:1:45004', '1', 'http://www.activiti.org/test', 'cargo', 'cargo', '1', '45001', 'cargo.bpmn', 'cargo.png', null, '0', '1', '');

-- ----------------------------
-- Table structure for act_ru_event_subscr
-- ----------------------------
DROP TABLE IF EXISTS `act_ru_event_subscr`;
CREATE TABLE `act_ru_event_subscr` (
  `ID_` varchar(64) COLLATE utf8_bin NOT NULL,
  `REV_` int(11) DEFAULT NULL,
  `EVENT_TYPE_` varchar(255) COLLATE utf8_bin NOT NULL,
  `EVENT_NAME_` varchar(255) COLLATE utf8_bin DEFAULT NULL,
  `EXECUTION_ID_` varchar(64) COLLATE utf8_bin DEFAULT NULL,
  `PROC_INST_ID_` varchar(64) COLLATE utf8_bin DEFAULT NULL,
  `ACTIVITY_ID_` varchar(64) COLLATE utf8_bin DEFAULT NULL,
  `CONFIGURATION_` varchar(255) COLLATE utf8_bin DEFAULT NULL,
  `CREATED_` timestamp NOT NULL DEFAULT CURRENT_TIMESTAMP,
  `PROC_DEF_ID_` varchar(64) COLLATE utf8_bin DEFAULT NULL,
  `TENANT_ID_` varchar(255) COLLATE utf8_bin DEFAULT '',
  PRIMARY KEY (`ID_`),
  KEY `ACT_IDX_EVENT_SUBSCR_CONFIG_` (`CONFIGURATION_`),
  KEY `ACT_FK_EVENT_EXEC` (`EXECUTION_ID_`),
  CONSTRAINT `ACT_FK_EVENT_EXEC` FOREIGN KEY (`EXECUTION_ID_`) REFERENCES `act_ru_execution` (`ID_`)
) ENGINE=InnoDB DEFAULT CHARSET=utf8 COLLATE=utf8_bin;

-- ----------------------------
-- Records of act_ru_event_subscr
-- ----------------------------

-- ----------------------------
-- Table structure for act_ru_execution
-- ----------------------------
DROP TABLE IF EXISTS `act_ru_execution`;
CREATE TABLE `act_ru_execution` (
  `ID_` varchar(64) COLLATE utf8_bin NOT NULL DEFAULT '',
  `REV_` int(11) DEFAULT NULL,
  `PROC_INST_ID_` varchar(64) COLLATE utf8_bin DEFAULT NULL,
  `BUSINESS_KEY_` varchar(255) COLLATE utf8_bin DEFAULT NULL,
  `PARENT_ID_` varchar(64) COLLATE utf8_bin DEFAULT NULL,
  `PROC_DEF_ID_` varchar(64) COLLATE utf8_bin DEFAULT NULL,
  `SUPER_EXEC_` varchar(64) COLLATE utf8_bin DEFAULT NULL,
  `ACT_ID_` varchar(255) COLLATE utf8_bin DEFAULT NULL,
  `IS_ACTIVE_` tinyint(4) DEFAULT NULL,
  `IS_CONCURRENT_` tinyint(4) DEFAULT NULL,
  `IS_SCOPE_` tinyint(4) DEFAULT NULL,
  `IS_EVENT_SCOPE_` tinyint(4) DEFAULT NULL,
  `SUSPENSION_STATE_` int(11) DEFAULT NULL,
  `CACHED_ENT_STATE_` int(11) DEFAULT NULL,
  `TENANT_ID_` varchar(255) COLLATE utf8_bin DEFAULT '',
  `NAME_` varchar(255) COLLATE utf8_bin DEFAULT NULL,
  PRIMARY KEY (`ID_`),
  KEY `ACT_IDX_EXEC_BUSKEY` (`BUSINESS_KEY_`),
  KEY `ACT_FK_EXE_PROCINST` (`PROC_INST_ID_`),
  KEY `ACT_FK_EXE_PARENT` (`PARENT_ID_`),
  KEY `ACT_FK_EXE_SUPER` (`SUPER_EXEC_`),
  KEY `ACT_FK_EXE_PROCDEF` (`PROC_DEF_ID_`),
  CONSTRAINT `ACT_FK_EXE_PARENT` FOREIGN KEY (`PARENT_ID_`) REFERENCES `act_ru_execution` (`ID_`),
  CONSTRAINT `ACT_FK_EXE_PROCDEF` FOREIGN KEY (`PROC_DEF_ID_`) REFERENCES `act_re_procdef` (`ID_`),
  CONSTRAINT `ACT_FK_EXE_PROCINST` FOREIGN KEY (`PROC_INST_ID_`) REFERENCES `act_ru_execution` (`ID_`) ON DELETE CASCADE ON UPDATE CASCADE,
  CONSTRAINT `ACT_FK_EXE_SUPER` FOREIGN KEY (`SUPER_EXEC_`) REFERENCES `act_ru_execution` (`ID_`)
) ENGINE=InnoDB DEFAULT CHARSET=utf8 COLLATE=utf8_bin;

-- ----------------------------
-- Records of act_ru_execution
-- ----------------------------
INSERT INTO `act_ru_execution` VALUES ('45029', '5', '45029', null, null, 'cargo:1:45004', null, 'usertask3', '1', '0', '1', '0', '1', '2', '', null);

-- ----------------------------
-- Table structure for act_ru_identitylink
-- ----------------------------
DROP TABLE IF EXISTS `act_ru_identitylink`;
CREATE TABLE `act_ru_identitylink` (
  `ID_` varchar(64) COLLATE utf8_bin NOT NULL DEFAULT '',
  `REV_` int(11) DEFAULT NULL,
  `GROUP_ID_` varchar(255) COLLATE utf8_bin DEFAULT NULL,
  `TYPE_` varchar(255) COLLATE utf8_bin DEFAULT NULL,
  `USER_ID_` varchar(255) COLLATE utf8_bin DEFAULT NULL,
  `TASK_ID_` varchar(64) COLLATE utf8_bin DEFAULT NULL,
  `PROC_INST_ID_` varchar(64) COLLATE utf8_bin DEFAULT NULL,
  `PROC_DEF_ID_` varchar(64) COLLATE utf8_bin DEFAULT NULL,
  PRIMARY KEY (`ID_`),
  KEY `ACT_IDX_IDENT_LNK_USER` (`USER_ID_`),
  KEY `ACT_IDX_IDENT_LNK_GROUP` (`GROUP_ID_`),
  KEY `ACT_IDX_ATHRZ_PROCEDEF` (`PROC_DEF_ID_`),
  KEY `ACT_FK_TSKASS_TASK` (`TASK_ID_`),
  KEY `ACT_FK_IDL_PROCINST` (`PROC_INST_ID_`),
  CONSTRAINT `ACT_FK_ATHRZ_PROCEDEF` FOREIGN KEY (`PROC_DEF_ID_`) REFERENCES `act_re_procdef` (`ID_`),
  CONSTRAINT `ACT_FK_IDL_PROCINST` FOREIGN KEY (`PROC_INST_ID_`) REFERENCES `act_ru_execution` (`ID_`),
  CONSTRAINT `ACT_FK_TSKASS_TASK` FOREIGN KEY (`TASK_ID_`) REFERENCES `act_ru_task` (`ID_`)
) ENGINE=InnoDB DEFAULT CHARSET=utf8 COLLATE=utf8_bin;

-- ----------------------------
-- Records of act_ru_identitylink
-- ----------------------------
INSERT INTO `act_ru_identitylink` VALUES ('45035', '1', null, 'participant', '7-', null, '45029', null);
INSERT INTO `act_ru_identitylink` VALUES ('45039', '1', null, 'participant', '6-', null, '45029', null);
INSERT INTO `act_ru_identitylink` VALUES ('45042', '1', null, 'participant', '5-', null, '45029', null);

-- ----------------------------
-- Table structure for act_ru_job
-- ----------------------------
DROP TABLE IF EXISTS `act_ru_job`;
CREATE TABLE `act_ru_job` (
  `ID_` varchar(64) COLLATE utf8_bin NOT NULL,
  `REV_` int(11) DEFAULT NULL,
  `TYPE_` varchar(255) COLLATE utf8_bin NOT NULL,
  `LOCK_EXP_TIME_` timestamp NULL DEFAULT NULL,
  `LOCK_OWNER_` varchar(255) COLLATE utf8_bin DEFAULT NULL,
  `EXCLUSIVE_` tinyint(1) DEFAULT NULL,
  `EXECUTION_ID_` varchar(64) COLLATE utf8_bin DEFAULT NULL,
  `PROCESS_INSTANCE_ID_` varchar(64) COLLATE utf8_bin DEFAULT NULL,
  `PROC_DEF_ID_` varchar(64) COLLATE utf8_bin DEFAULT NULL,
  `RETRIES_` int(11) DEFAULT NULL,
  `EXCEPTION_STACK_ID_` varchar(64) COLLATE utf8_bin DEFAULT NULL,
  `EXCEPTION_MSG_` varchar(4000) COLLATE utf8_bin DEFAULT NULL,
  `DUEDATE_` timestamp NULL DEFAULT NULL,
  `REPEAT_` varchar(255) COLLATE utf8_bin DEFAULT NULL,
  `HANDLER_TYPE_` varchar(255) COLLATE utf8_bin DEFAULT NULL,
  `HANDLER_CFG_` varchar(4000) COLLATE utf8_bin DEFAULT NULL,
  `TENANT_ID_` varchar(255) COLLATE utf8_bin DEFAULT '',
  PRIMARY KEY (`ID_`),
  KEY `ACT_FK_JOB_EXCEPTION` (`EXCEPTION_STACK_ID_`),
  CONSTRAINT `ACT_FK_JOB_EXCEPTION` FOREIGN KEY (`EXCEPTION_STACK_ID_`) REFERENCES `act_ge_bytearray` (`ID_`)
) ENGINE=InnoDB DEFAULT CHARSET=utf8 COLLATE=utf8_bin;

-- ----------------------------
-- Records of act_ru_job
-- ----------------------------

-- ----------------------------
-- Table structure for act_ru_task
-- ----------------------------
DROP TABLE IF EXISTS `act_ru_task`;
CREATE TABLE `act_ru_task` (
  `ID_` varchar(64) COLLATE utf8_bin NOT NULL DEFAULT '',
  `REV_` int(11) DEFAULT NULL,
  `EXECUTION_ID_` varchar(64) COLLATE utf8_bin DEFAULT NULL,
  `PROC_INST_ID_` varchar(64) COLLATE utf8_bin DEFAULT NULL,
  `PROC_DEF_ID_` varchar(64) COLLATE utf8_bin DEFAULT NULL,
  `NAME_` varchar(255) COLLATE utf8_bin DEFAULT NULL,
  `PARENT_TASK_ID_` varchar(64) COLLATE utf8_bin DEFAULT NULL,
  `DESCRIPTION_` varchar(4000) COLLATE utf8_bin DEFAULT NULL,
  `TASK_DEF_KEY_` varchar(255) COLLATE utf8_bin DEFAULT NULL,
  `OWNER_` varchar(255) COLLATE utf8_bin DEFAULT NULL,
  `ASSIGNEE_` varchar(255) COLLATE utf8_bin DEFAULT NULL,
  `DELEGATION_` varchar(64) COLLATE utf8_bin DEFAULT NULL,
  `PRIORITY_` int(11) DEFAULT NULL,
  `CREATE_TIME_` timestamp NOT NULL DEFAULT CURRENT_TIMESTAMP ON UPDATE CURRENT_TIMESTAMP,
  `DUE_DATE_` datetime DEFAULT NULL,
  `CATEGORY_` varchar(255) COLLATE utf8_bin DEFAULT NULL,
  `SUSPENSION_STATE_` int(11) DEFAULT NULL,
  `TENANT_ID_` varchar(255) COLLATE utf8_bin DEFAULT '',
  `FORM_KEY_` varchar(255) COLLATE utf8_bin DEFAULT NULL,
  PRIMARY KEY (`ID_`),
  KEY `ACT_IDX_TASK_CREATE` (`CREATE_TIME_`),
  KEY `ACT_FK_TASK_EXE` (`EXECUTION_ID_`),
  KEY `ACT_FK_TASK_PROCINST` (`PROC_INST_ID_`),
  KEY `ACT_FK_TASK_PROCDEF` (`PROC_DEF_ID_`),
  CONSTRAINT `ACT_FK_TASK_EXE` FOREIGN KEY (`EXECUTION_ID_`) REFERENCES `act_ru_execution` (`ID_`),
  CONSTRAINT `ACT_FK_TASK_PROCDEF` FOREIGN KEY (`PROC_DEF_ID_`) REFERENCES `act_re_procdef` (`ID_`),
  CONSTRAINT `ACT_FK_TASK_PROCINST` FOREIGN KEY (`PROC_INST_ID_`) REFERENCES `act_ru_execution` (`ID_`)
) ENGINE=InnoDB DEFAULT CHARSET=utf8 COLLATE=utf8_bin;

-- ----------------------------
-- Records of act_ru_task
-- ----------------------------
INSERT INTO `act_ru_task` VALUES ('47503', '1', '45029', '45029', 'cargo:1:45004', '', null, null, 'usertask3', null, '7-', null, '50', '2014-09-13 11:26:14', null, null, '1', '', '/cargo/packinglist');

-- ----------------------------
-- Table structure for act_ru_variable
-- ----------------------------
DROP TABLE IF EXISTS `act_ru_variable`;
CREATE TABLE `act_ru_variable` (
  `ID_` varchar(64) COLLATE utf8_bin NOT NULL,
  `REV_` int(11) DEFAULT NULL,
  `TYPE_` varchar(255) COLLATE utf8_bin NOT NULL,
  `NAME_` varchar(255) COLLATE utf8_bin NOT NULL,
  `EXECUTION_ID_` varchar(64) COLLATE utf8_bin DEFAULT NULL,
  `PROC_INST_ID_` varchar(64) COLLATE utf8_bin DEFAULT NULL,
  `TASK_ID_` varchar(64) COLLATE utf8_bin DEFAULT NULL,
  `BYTEARRAY_ID_` varchar(64) COLLATE utf8_bin DEFAULT NULL,
  `DOUBLE_` double DEFAULT NULL,
  `LONG_` bigint(20) DEFAULT NULL,
  `TEXT_` varchar(4000) COLLATE utf8_bin DEFAULT NULL,
  `TEXT2_` varchar(4000) COLLATE utf8_bin DEFAULT NULL,
  PRIMARY KEY (`ID_`),
  KEY `ACT_IDX_VARIABLE_TASK_ID` (`TASK_ID_`),
  KEY `ACT_FK_VAR_EXE` (`EXECUTION_ID_`),
  KEY `ACT_FK_VAR_PROCINST` (`PROC_INST_ID_`),
  KEY `ACT_FK_VAR_BYTEARRAY` (`BYTEARRAY_ID_`),
  CONSTRAINT `ACT_FK_VAR_BYTEARRAY` FOREIGN KEY (`BYTEARRAY_ID_`) REFERENCES `act_ge_bytearray` (`ID_`),
  CONSTRAINT `ACT_FK_VAR_EXE` FOREIGN KEY (`EXECUTION_ID_`) REFERENCES `act_ru_execution` (`ID_`),
  CONSTRAINT `ACT_FK_VAR_PROCINST` FOREIGN KEY (`PROC_INST_ID_`) REFERENCES `act_ru_execution` (`ID_`)
) ENGINE=InnoDB DEFAULT CHARSET=utf8 COLLATE=utf8_bin;

-- ----------------------------
-- Records of act_ru_variable
-- ----------------------------
INSERT INTO `act_ru_variable` VALUES ('45031', '5', 'string', 'userId', '45029', '45029', null, null, null, null, '7-', null);
INSERT INTO `act_ru_variable` VALUES ('45032', '1', 'string', 'objId', '45029', '45029', null, null, null, null, '4028817a3357462e01336cc0877b0010', null);
INSERT INTO `act_ru_variable` VALUES ('45036', '4', 'string', 'outcome', '45029', '45029', null, null, null, null, '', null);

-- ----------------------------
-- Table structure for auth_user_p
-- ----------------------------
DROP TABLE IF EXISTS `auth_user_p`;
CREATE TABLE `auth_user_p` (
  `AUTH_USER_ID` varchar(40) NOT NULL,
  `USERNAME` varchar(50) DEFAULT NULL,
  `PASSWORD` varchar(20) DEFAULT NULL,
  `SALARY` double DEFAULT NULL,
  `BIRTHDAY` datetime DEFAULT NULL,
  `GENDER` char(2) DEFAULT NULL,
  `STATION` varchar(20) DEFAULT NULL,
  `TELEPHONE` varchar(20) DEFAULT NULL,
  `REMARK` varchar(600) DEFAULT NULL,
  `DEGREE` varchar(20) DEFAULT NULL,
  `MANAGER_ID` varchar(40) DEFAULT NULL,
  PRIMARY KEY (`AUTH_USER_ID`)
) ENGINE=InnoDB DEFAULT CHARSET=utf8;

-- ----------------------------
-- Records of auth_user_p
-- ----------------------------
INSERT INTO `auth_user_p` VALUES ('1', '', '123', '100', null, '1', '', null, null, 'boss', null);
INSERT INTO `auth_user_p` VALUES ('10', '', '123', null, null, '0', '', null, null, 'user', '4');
INSERT INTO `auth_user_p` VALUES ('2', '', '123', null, null, '1', '', null, null, 'manager', '1');
INSERT INTO `auth_user_p` VALUES ('3', '', '123', null, null, '1', '', null, null, 'manager', '1');
INSERT INTO `auth_user_p` VALUES ('4', '', '123', null, null, '1', '', null, null, 'manager', '1');
INSERT INTO `auth_user_p` VALUES ('5', '', '123', null, null, '1', '', null, null, 'user', '3');
INSERT INTO `auth_user_p` VALUES ('6', '', '123', null, null, '1', '', null, null, 'user', '2');
INSERT INTO `auth_user_p` VALUES ('7', '', '123', null, null, '1', '', null, null, 'user', '2');
INSERT INTO `auth_user_p` VALUES ('8', '', '123', null, null, '1', '', null, null, 'user', '2');
INSERT INTO `auth_user_p` VALUES ('9', '', '123', null, null, '1', '', null, null, 'user', '2');

-- ----------------------------
-- Table structure for business_position_p
-- ----------------------------
DROP TABLE IF EXISTS `business_position_p`;
CREATE TABLE `business_position_p` (
  `BUSINESS_POSITION_ID` varchar(40) NOT NULL,
  `NAME` varchar(100) DEFAULT NULL,
  `RESPONSIBILITY` varchar(500) DEFAULT NULL,
  `IS_USE` char(1) DEFAULT NULL,
  `ORDER_NO` int(11) DEFAULT NULL,
  PRIMARY KEY (`BUSINESS_POSITION_ID`)
) ENGINE=InnoDB DEFAULT CHARSET=utf8;

-- ----------------------------
-- Records of business_position_p
-- ----------------------------

-- ----------------------------
-- Table structure for contract_c
-- ----------------------------
DROP TABLE IF EXISTS `contract_c`;
CREATE TABLE `contract_c` (
  `CONTRACT_ID` varchar(40) NOT NULL,
  `OFFEROR` varchar(200) DEFAULT NULL,
  `CONTRACT_NO` varchar(50) DEFAULT NULL,
  `SIGNING_DATE` datetime DEFAULT NULL,
  `INPUT_BY` varchar(30) DEFAULT NULL,
  `CHECK_BY` varchar(30) DEFAULT NULL,
  `INSPECTOR` varchar(30) DEFAULT NULL,
  `TOTAL_AMOUNT` decimal(10,2) DEFAULT NULL,
  `CREQUEST` varchar(2000) DEFAULT NULL,
  `CUSTOM_NAME` varchar(200) DEFAULT NULL,
  `SHIP_TIME` datetime DEFAULT NULL,
  `IMPORT_NUM` int(11) DEFAULT NULL COMMENT ',',
  `DELIVERY_PERIOD` datetime DEFAULT NULL,
  `REMARK` varchar(600) DEFAULT NULL,
  `PRINT_STYLE` char(1) DEFAULT NULL COMMENT '2:  1:',
  `OLD_STATE` int(11) DEFAULT NULL COMMENT ', ',
  `STATE` int(11) DEFAULT NULL COMMENT '0 1\n            \n            , .\n            , , ',
  `OUT_STATE` int(11) DEFAULT NULL COMMENT '0 1 2\n            \n            , .\n            , , ',
  `TRADE_TERMS` varchar(30) DEFAULT NULL,
  `CREATE_BY` varchar(40) DEFAULT NULL,
  `CREATE_DEPT` varchar(40) DEFAULT NULL,
  `CREATE_TIME` datetime DEFAULT NULL,
  PRIMARY KEY (`CONTRACT_ID`)
) ENGINE=InnoDB DEFAULT CHARSET=utf8;

-- ----------------------------
-- Records of contract_c
-- ----------------------------
INSERT INTO `contract_c` VALUES ('4028817a3357462e0133591b86ec0002', '', 'C/3817/11', '2011-10-31 00:00:00', '', '', '', '10800.00', '    \r\n   10% \r\n        \r\n 50% \r\n 20111215/, \r\n ', 'BEAKIE LEE', '2011-12-30 00:00:00', '1', '2011-12-15 00:00:00', '', '2', null, '1', null, null, 'ff80808131301abf0131303fe2e40038', '0001002', '2011-11-01 10:40:26');
INSERT INTO `contract_c` VALUES ('4028817a3357462e01336cc0877b0010', '', '11JK1080', '2011-11-04 00:00:00', '', '', '', '2318.40', '    \r\n   10% \r\n        \r\n 50% \r\n 20111210/ \r\n        \r\n ', '', '2011-12-20 00:00:00', '3', '2011-12-10 00:00:00', '', '1', null, '1', null, null, 'ff80808131301abf0131303fe2e40038', '0001002', '2011-11-04 16:50:21');
INSERT INTO `contract_c` VALUES ('4028817a3357462e01336d3a0be10014', '', '11JK1078', '2011-11-04 00:00:00', '', '', '', '54120.00', '    \r\n   10% \r\n        \r\n 50% \r\n 20111115/ \r\n        \r\n ', '', '2011-12-30 00:00:00', '3', '2011-11-15 00:00:00', '', '2', null, '1', null, null, 'ff80808131301abf0131303fe2e40038', '0001002', '2011-11-04 14:38:54');
INSERT INTO `contract_c` VALUES ('4028817a3357462e01336d523195001a', '', 'C/3847/11', '2011-12-02 00:00:00', '', '', '', '39240.00', '    \r\n   10% \r\n        \r\n 50%\r\n 20111215/ \r\n        \r\n ', 'HOME', '2011-12-25 00:00:00', '3', '2011-12-15 00:00:00', '', '2', null, '1', null, '', 'ff80808131301abf0131303fe2e40038', '0001002', '2012-02-01 12:18:47');
INSERT INTO `contract_c` VALUES ('4028817a33812ffd0133813f25940001', '', 'C/3861/11', '2011-11-08 00:00:00', '', '', '', '165378.00', '    \r\n   10% \r\n        \r\n 50% \r\n \r\n 2012110/ \r\n        \r\n ', 'HOME', '2012-01-25 00:00:00', '3', '2012-01-10 00:00:00', '', '2', null, '1', null, null, 'ff80808131301abf0131303fe2e40038', '0001002', '2012-01-04 14:22:12');
INSERT INTO `contract_c` VALUES ('4028817a33812ffd013382048ff80024', '', '11JK1082', '2011-11-08 00:00:00', '', '', '', '40200.00', '    \r\n   10% \r\n        \r\n 50% \r\n \r\n 20111230/  \r\n        \r\n ', 'MSA', '2012-01-15 00:00:00', '3', '2011-12-30 00:00:00', '', '2', null, '1', null, null, 'ff80808131301abf0131303fe2e40038', '0001002', '2011-11-08 17:25:18');
INSERT INTO `contract_c` VALUES ('4028817a33812ffd0133821a8eb5002b', '', '11JK1084', '2011-11-08 00:00:00', '', '', '', '10936.00', '    \r\n   10% \r\n        \r\n 50% \r\n 20111220/ \r\n        \r\n ', 'ONE WORLD', '2011-12-30 00:00:00', '3', '2011-12-20 00:00:00', '', '2', null, '1', null, null, 'ff80808131301abf0131303fe2e40038', '0001002', '2011-12-01 16:58:54');
INSERT INTO `contract_c` VALUES ('4028817a33d4f8b40133d9878e88000d', '', '11JK1070', '2011-10-20 00:00:00', '', '', '', '55789.00', '    \r\n   10% \r\n        \r\n 50% \r\n 2011115/ \r\n        \r\n ', '', '2011-12-20 00:00:00', '3', '2011-11-05 00:00:00', '', '2', null, '1', null, null, 'ff80808131301abf0131303fe2e40038', '0001002', '2011-11-25 15:01:39');
INSERT INTO `contract_c` VALUES ('4028817a33d4f8b40133d991a50d0019', '', '11JK1066', '2011-11-25 00:00:00', '', '', '', '146184.00', '    \r\n   10% \r\n        \r\n 50% \r\n 2011125/\r\n        \r\n ', '', '2011-12-20 00:00:00', '3', '2011-12-05 00:00:00', '', '2', null, '0', null, null, 'ff80808131301abf0131303fe2e40038', '0001002', '2011-11-25 16:01:28');
INSERT INTO `contract_c` VALUES ('4028817a33d4f8b40133d9bea39b002f', '', '11JK1060', '2011-11-25 00:00:00', '', '', '', '152072.00', '    \r\n   10% \r\n        \r\n 50% \r\n 20111215/\r\n        \r\n ', 'COACH HOUSE', '2011-12-30 00:00:00', '3', '2011-12-15 00:00:00', '', '2', null, '0', null, null, 'ff80808131301abf0131303fe2e40038', '0001002', '2011-12-02 11:41:10');
INSERT INTO `contract_c` VALUES ('4028817a33fc4e280133fd81e7d7001d', '', '11JK1068', '2011-10-14 00:00:00', '', '', '', '102711.80', '    \r\n   10% \r\n        \r\n 50% \r\n 20111215/\r\n        \r\n ', 'ELAD', '2011-12-30 00:00:00', '3', '2011-12-15 00:00:00', '', '2', null, '0', null, null, 'ff80808131301abf0131303fe2e40038', '0001002', '2011-12-02 14:52:22');
INSERT INTO `contract_c` VALUES ('4028817a33fc4e280133fd9f8b4e002f', '', '11JK1072', '2011-10-20 00:00:00', '', '', '', '99918.00', '    \r\n   10% \r\n        \r\n 50% \r\n 20111215/\r\n        \r\n ', 'BRISSI', '2011-12-30 00:00:00', '3', '2011-12-15 00:00:00', '', '2', null, '1', null, null, 'ff80808131301abf0131303fe2e40038', '0001002', '2011-12-02 16:31:28');
INSERT INTO `contract_c` VALUES ('4028817a3420e78a013421a693730001', '', 'C/4040/11', '2011-12-09 00:00:00', '', '', '', '114640.00', '    \r\n   10% \r\n        \r\n 50% \r\n 2012215/\r\n        \r\n ', 'HOME', '2012-02-25 00:00:00', '1', '2012-02-15 00:00:00', '', '2', null, '1', null, null, 'ff80808131301abf0131303fe2e40038', '0001002', '2011-12-09 16:16:29');
INSERT INTO `contract_c` VALUES ('4028817a353b8d8e01353d15008d0046', '', 'C/4104/11', '2012-02-02 00:00:00', '', '', '', '37749.00', '    \r\n   10% \r\n        \r\n 50% \r\n 2012215/ \r\n        \r\n ', 'HOME', '2012-02-25 00:00:00', '3', '2012-02-15 00:00:00', '', '2', null, '1', '0', 'T/T', 'ff80808131301abf0131303fe2e40038', '0001002', '2012-02-02 17:04:16');

-- ----------------------------
-- Table structure for contract_his_c
-- ----------------------------
DROP TABLE IF EXISTS `contract_his_c`;
CREATE TABLE `contract_his_c` (
  `CONTRACT_ID` varchar(40) NOT NULL,
  `OFFEROR` varchar(200) DEFAULT NULL,
  `CONTRACT_NO` varchar(50) DEFAULT NULL,
  `SIGNING_DATE` datetime DEFAULT NULL,
  `INPUT_BY` varchar(30) DEFAULT NULL,
  `CHECK_BY` varchar(30) DEFAULT NULL,
  `INSPECTOR` varchar(30) DEFAULT NULL,
  `TOTAL_AMOUNT` decimal(10,2) DEFAULT NULL,
  `CREQUEST` varchar(2000) DEFAULT NULL,
  `CUSTOM_NAME` varchar(200) DEFAULT NULL,
  `SHIP_TIME` datetime DEFAULT NULL,
  `IMPORT_NUM` int(11) DEFAULT NULL COMMENT ',',
  `DELIVERY_PERIOD` datetime DEFAULT NULL,
  `REMARK` varchar(600) DEFAULT NULL,
  `PRINT_STYLE` char(1) DEFAULT NULL COMMENT '2:  1:',
  `OLD_STATE` int(11) DEFAULT NULL COMMENT ', ',
  `STATE` int(11) DEFAULT NULL COMMENT '0 1\n            \n            , .\n            , , ',
  `OUT_STATE` int(11) DEFAULT NULL COMMENT '0 1 2\n            \n            , .\n            , , ',
  `TRADE_TERMS` varchar(30) DEFAULT NULL,
  `CREATE_BY` varchar(40) DEFAULT NULL,
  `CREATE_DEPT` varchar(40) DEFAULT NULL,
  `CREATE_TIME` datetime DEFAULT NULL,
  PRIMARY KEY (`CONTRACT_ID`)
) ENGINE=InnoDB DEFAULT CHARSET=utf8 COMMENT='';

-- ----------------------------
-- Records of contract_his_c
-- ----------------------------
INSERT INTO `contract_his_c` VALUES ('4028817a3357462e0133591b86ec0002', '', 'C/3817/11', '2011-10-31 00:00:00', '', '', '', '10800.00', '    \r\n   10% \r\n        \r\n 50% \r\n 20111215/, \r\n ', 'BEAKIE LEE', '2011-12-30 00:00:00', '1', '2011-12-15 00:00:00', '', '2', null, '1', null, null, 'ff80808131301abf0131303fe2e40038', '0001002', '2011-11-01 10:40:26');
INSERT INTO `contract_his_c` VALUES ('4028817a3357462e01336cc0877b0010', '', '11JK1080', '2011-11-04 00:00:00', '', '', '', '2318.40', '    \r\n   10% \r\n        \r\n 50% \r\n 20111210/ \r\n        \r\n ', '', '2011-12-20 00:00:00', '3', '2011-12-10 00:00:00', '', '1', null, '1', null, null, 'ff80808131301abf0131303fe2e40038', '0001002', '2011-11-04 16:50:21');
INSERT INTO `contract_his_c` VALUES ('4028817a3357462e01336d3a0be10014', '', '11JK1078', '2011-11-04 00:00:00', '', '', '', '54120.00', '    \r\n   10% \r\n        \r\n 50% \r\n 20111115/ \r\n        \r\n ', '', '2011-12-30 00:00:00', '3', '2011-11-15 00:00:00', '', '2', null, '1', null, null, 'ff80808131301abf0131303fe2e40038', '0001002', '2011-11-04 14:38:54');
INSERT INTO `contract_his_c` VALUES ('4028817a3357462e01336d523195001a', '', 'C/3847/11', '2011-12-02 00:00:00', '', '', '', '39240.00', '    \r\n   10% \r\n        \r\n 50%\r\n 20111215/ \r\n        \r\n ', 'HOME', '2011-12-25 00:00:00', '3', '2011-12-15 00:00:00', '', '2', null, '1', null, '', 'ff80808131301abf0131303fe2e40038', '0001002', '2012-02-01 12:18:47');
INSERT INTO `contract_his_c` VALUES ('4028817a33812ffd0133813f25940001', '', 'C/3861/11', '2011-11-08 00:00:00', '', '', '', '165378.00', '    \r\n   10% \r\n        \r\n 50% \r\n \r\n 2012110/ \r\n        \r\n ', 'HOME', '2012-01-25 00:00:00', '3', '2012-01-10 00:00:00', '', '2', null, '1', null, null, 'ff80808131301abf0131303fe2e40038', '0001002', '2012-01-04 14:22:12');
INSERT INTO `contract_his_c` VALUES ('4028817a33812ffd013382048ff80024', '', '11JK1082', '2011-11-08 00:00:00', '', '', '', '40200.00', '    \r\n   10% \r\n        \r\n 50% \r\n \r\n 20111230/  \r\n        \r\n ', 'MSA', '2012-01-15 00:00:00', '3', '2011-12-30 00:00:00', '', '2', null, '1', null, null, 'ff80808131301abf0131303fe2e40038', '0001002', '2011-11-08 17:25:18');
INSERT INTO `contract_his_c` VALUES ('4028817a33812ffd0133821a8eb5002b', '', '11JK1084', '2011-11-08 00:00:00', '', '', '', '10936.00', '    \r\n   10% \r\n        \r\n 50% \r\n 20111220/ \r\n        \r\n ', 'ONE WORLD', '2011-12-30 00:00:00', '3', '2011-12-20 00:00:00', '', '2', null, '1', null, null, 'ff80808131301abf0131303fe2e40038', '0001002', '2011-12-01 16:58:54');
INSERT INTO `contract_his_c` VALUES ('4028817a33d4f8b40133d9878e88000d', '', '11JK1070', '2011-10-20 00:00:00', '', '', '', '55789.00', '    \r\n   10% \r\n        \r\n 50% \r\n 2011115/ \r\n        \r\n ', '', '2011-12-20 00:00:00', '3', '2011-11-05 00:00:00', '', '2', null, '1', null, null, 'ff80808131301abf0131303fe2e40038', '0001002', '2011-11-25 15:01:39');
INSERT INTO `contract_his_c` VALUES ('4028817a3420e78a013421a693730001', '', 'C/4040/11', '2011-12-09 00:00:00', '', '', '', '114640.00', '    \r\n   10% \r\n        \r\n 50% \r\n 2012215/\r\n        \r\n ', 'HOME', '2012-02-25 00:00:00', '1', '2012-02-15 00:00:00', '', '2', null, '1', null, null, 'ff80808131301abf0131303fe2e40038', '0001002', '2011-12-09 16:16:29');

-- ----------------------------
-- Table structure for contract_product_c
-- ----------------------------
DROP TABLE IF EXISTS `contract_product_c`;
CREATE TABLE `contract_product_c` (
  `CONTRACT_PRODUCT_ID` varchar(40) NOT NULL,
  `CONTRACT_ID` varchar(40) DEFAULT NULL,
  `FACTORY_ID` varchar(40) DEFAULT NULL,
  `EXPORT_LIST_ID` varchar(40) DEFAULT NULL,
  `INVOICE_ID` varchar(40) DEFAULT NULL,
  `PRODUCT_NAME` varchar(200) DEFAULT NULL,
  `PRODUCT_NO` varchar(50) DEFAULT NULL,
  `PRODUCT_IMAGE` varchar(200) DEFAULT NULL,
  `PRODUCT_DESC` varchar(600) DEFAULT NULL,
  `LOADING_RATE` varchar(30) DEFAULT NULL COMMENT 'x/y',
  `PACKING_UNIT` varchar(10) DEFAULT NULL COMMENT 'PCS/SETS',
  `CNUMBER` int(11) DEFAULT NULL,
  `OUT_NUMBER` int(11) DEFAULT NULL,
  `FINISHED` bit(1) DEFAULT NULL,
  `GROSS_WEIGHT` decimal(10,2) DEFAULT NULL,
  `NET_WEIGHT` decimal(10,2) DEFAULT NULL,
  `CSIZE` varchar(20) DEFAULT NULL,
  `SIZE_LENGTH` decimal(10,2) DEFAULT NULL,
  `SIZE_WIDTH` decimal(10,2) DEFAULT NULL,
  `SIZE_HEIGHT` decimal(10,2) DEFAULT NULL,
  `PRODUCT_REQUEST` varchar(2000) DEFAULT NULL,
  `FACTORY_NAME` varchar(200) DEFAULT NULL,
  `PRICE` decimal(10,2) DEFAULT NULL,
  `AMOUNT` decimal(10,2) DEFAULT NULL COMMENT ': x',
  `CUNIT` varchar(10) DEFAULT NULL,
  `BOX_NUM` int(11) DEFAULT NULL,
  `EX_PRICE` decimal(10,2) DEFAULT NULL,
  `EX_AMOUNT` decimal(10,2) DEFAULT NULL,
  `EX_UNIT` varchar(10) DEFAULT NULL COMMENT '$/',
  `NO_TAX` decimal(10,2) DEFAULT NULL COMMENT '',
  `TAX` decimal(10,2) DEFAULT NULL COMMENT '',
  `COST_PRICE` decimal(10,2) DEFAULT NULL COMMENT '=x/1.17',
  `COST_TAX` decimal(10,2) DEFAULT NULL COMMENT '=x-',
  `ACCESSORIES` bit(1) DEFAULT NULL,
  `ORDER_NO` int(11) DEFAULT NULL,
  `EXTS` varchar(50) DEFAULT NULL,
  PRIMARY KEY (`CONTRACT_PRODUCT_ID`)
) ENGINE=InnoDB DEFAULT CHARSET=utf8;

-- ----------------------------
-- Records of contract_product_c
-- ----------------------------
INSERT INTO `contract_product_c` VALUES ('4028817a3357462e0133591b86ec0003', '4028817a3357462e0133591b86ec0002', '2', null, null, null, '2965', '2ba24918-4c3c-4632-8d8a-9d475d5e4d2d.png', '\r\n16X40CM  11CM\r\n1500/\r\n1//   6/', '1/6', 'PCS', '144', '0', '\0', null, null, null, null, null, null, null, null, '17.00', '2448.00', null, '24', null, null, null, null, null, null, null, '\0', '2', null);
INSERT INTO `contract_product_c` VALUES ('4028817a3357462e0133591b86ec0004', '4028817a3357462e0133591b86ec0002', '2', null, null, null, '2964', 'ad25929a-27f5-4065-bb9f-6d4788d395ee.png', '\r\n19X48CM  13.5CM\r\n1600/\r\n1//    4/', '1/4', 'PCS', '144', '0', '\0', null, null, null, null, null, null, null, null, '24.00', '3456.00', null, '36', null, null, null, null, null, null, null, '\0', '1', null);
INSERT INTO `contract_product_c` VALUES ('4028817a3357462e0133592355750005', '4028817a3357462e0133591b86ec0002', '2', null, null, null, '2977', 'b5480a29-da8c-41e1-b91c-54a9fdb15834.png', '\r\n16X36CM    12CM\r\n22CM    1200/\r\n1//     2/', '1/2', 'PCS', '144', '0', '\0', null, null, null, null, null, null, null, null, '17.00', '2448.00', null, '72', null, null, null, null, null, null, null, '\0', '4', null);
INSERT INTO `contract_product_c` VALUES ('4028817a3357462e0133592355750006', '4028817a3357462e0133591b86ec0002', '2', null, null, null, '2976', 'af417c8a-e44f-406e-b226-194d8a61df75.png', '\r\n17.5X41CM   13CM\r\n1800/\r\n1//     4/', '1/4', 'PCS', '144', '0', '\0', null, null, null, null, null, null, null, null, '17.00', '2448.00', null, '36', null, null, null, null, null, null, null, '\0', '3', null);
INSERT INTO `contract_product_c` VALUES ('4028817a3357462e01336cc0879b0011', '4028817a3357462e01336cc0877b0010', '3', null, null, null, 'JK1700011', '05702b8f-6bda-4bca-9c4d-f15c18f279eb.png', '\r\n7.3X8CM   6X5CM\r\n1/       6/       24/', '24', 'SETS', '504', '0', '\0', null, null, null, null, null, null, null, null, '4.60', '2318.40', null, '21', null, null, null, null, null, null, null, '\0', '1', null);
INSERT INTO `contract_product_c` VALUES ('4028817a3357462e01336d3a0be10015', '4028817a3357462e01336d3a0be10014', '7', null, null, null, 'JK1014003', '699176d9-c242-42d2-8661-9ce712bba97a.png', '\r\n27CM\r\n2/        16/\r\n', '2/16', 'PCS', '1200', '0', '\0', null, null, null, null, null, null, null, null, '7.50', '9000.00', null, '75', null, null, null, null, null, null, null, '\0', '3', null);
INSERT INTO `contract_product_c` VALUES ('4028817a3357462e01336d3a0be10016', '4028817a3357462e01336d3a0be10014', '1', null, null, null, 'JK1014001', 'a2ffd39f-18d5-4a6b-89a2-bc91df4926f5.png', '\r\n23X11CM\r\n1/                4/\r\n', '1/4', 'PCS', '1000', '0', '\0', null, null, null, null, null, null, null, null, '16.50', '16500.00', null, '250', null, null, null, null, null, null, null, '\0', '2', null);
INSERT INTO `contract_product_c` VALUES ('4028817a3357462e01336d3a0be10017', '4028817a3357462e01336d3a0be10014', '1', null, null, null, 'JK1014006', 'edc6f494-cc9f-41f2-a04c-edff659df1af.png', '6\r\n7.3X10.5CM\r\n6/         24/\r\n6', '6/24', 'PCS', '1800', '0', '\0', null, null, null, null, null, null, null, null, '5.30', '9540.00', null, '75', null, null, null, null, null, null, null, '\0', '5', null);
INSERT INTO `contract_product_c` VALUES ('4028817a3357462e01336d3a0be10018', '4028817a3357462e01336d3a0be10014', '1', null, null, null, 'JK1014005', '9ed4ab1e-d425-4b8d-beb3-1fa6dc63d1df.png', '\r\n7.3X10.5CM\r\n4/       24/\r\n', '4/24', 'PCS', '1800', '0', '\0', null, null, null, null, null, null, null, null, '5.30', '9540.00', null, '75', null, null, null, null, null, null, null, '\0', '4', null);
INSERT INTO `contract_product_c` VALUES ('4028817a3357462e01336d3a0be10019', '4028817a3357462e01336d3a0be10014', '1', null, null, null, 'JK1080766-3', '21b5e24a-a58a-4a58-a705-1595faeec581.png', '3\r\n7.3X10.5CM \r\n3/            24/\r\n6003\r\n', '3/24', 'PCS', '1800', '0', '\0', null, null, null, null, null, null, null, null, '5.30', '9540.00', null, '75', null, null, null, null, null, null, null, '\0', '1', null);
INSERT INTO `contract_product_c` VALUES ('4028817a3357462e01336d523195001b', '4028817a3357462e01336d523195001a', '7', null, null, null, '8708/6203', '1bab511c-4f4c-4de7-8b65-4ccdcd00a569.png', '\r\n18CM\r\n4/           8/\r\n', '4/8', 'PCS', '600', '0', '\0', null, null, null, null, null, null, null, null, '6.50', '3900.00', null, '75', null, null, null, null, null, null, null, '\0', '1', null);
INSERT INTO `contract_product_c` VALUES ('4028817a3357462e01336d5e8a59001c', '4028817a3357462e01336d523195001a', '7', null, null, null, '9749/6525', '143a4aa8-894d-4226-a461-eac712567360.png', '\r\n18CM\r\n4/            8/\r\n\r\n', '4/8', 'PCS', '600', '0', '\0', null, null, null, null, null, null, null, null, '6.50', '3900.00', null, '75', null, null, null, null, null, null, null, '\0', '6', null);
INSERT INTO `contract_product_c` VALUES ('4028817a3357462e01336d5e8a59001d', '4028817a3357462e01336d523195001a', '7', null, null, null, '9226/6116', 'fcf3f5a9-a405-4f33-abb9-f317c60f1453.png', '\r\n31CM\r\n4/             8/\r\n\r\n', '4/8', 'PCS', '408', '0', '\0', null, null, null, null, null, null, null, null, '11.00', '4488.00', null, '51', null, null, null, null, null, null, null, '\0', '3', null);
INSERT INTO `contract_product_c` VALUES ('4028817a3357462e01336d5e8a59001e', '4028817a3357462e01336d523195001a', '7', null, null, null, '9748/6115', '657ac46a-bd23-4a2d-9abe-c552a8fc3727.png', '\r\n31CM\r\n4/            8/\r\n\r\n', '4/8', 'PCS', '408', '0', '\0', null, null, null, null, null, null, null, null, '11.00', '4488.00', null, '51', null, null, null, null, null, null, null, '\0', '5', null);
INSERT INTO `contract_product_c` VALUES ('4028817a3357462e01336d5e8a59001f', '4028817a3357462e01336d523195001a', '7', null, null, null, '9956/6308', '1ca7fc1c-aad2-4f1e-8c3b-9a1009e22c04.png', '\r\n31CM\r\n4/            8/\r\n\r\n', '4/8', 'PCS', '408', '0', '\0', null, null, null, null, null, null, null, null, '11.50', '4692.00', null, '51', null, null, null, null, null, null, null, '\0', '9', null);
INSERT INTO `contract_product_c` VALUES ('4028817a3357462e01336d5e8a590020', '4028817a3357462e01336d523195001a', '7', null, null, null, '9954/6309', '1e15e517-af2a-45c9-8c1e-1f1b592f5f79.png', '\r\n31CM\r\n4/            8/\r\n\r\n', '4/8', 'PCS', '408', '0', '\0', null, null, null, null, null, null, null, null, '11.50', '4692.00', null, '51', null, null, null, null, null, null, null, '\0', '7', null);
INSERT INTO `contract_product_c` VALUES ('4028817a3357462e01336d5e8a590021', '4028817a3357462e01336d523195001a', '7', null, null, null, '8709/6204', '1a6770a7-033c-4b98-9e2a-60cd2a5081c3.png', '\r\n18CM\r\n4/          8/\r\n', '4/8', 'PCS', '600', '0', '\0', null, null, null, null, null, null, null, null, '6.50', '3900.00', null, '75', null, null, null, null, null, null, null, '\0', '2', null);
INSERT INTO `contract_product_c` VALUES ('4028817a3357462e01336d5e8a590022', '4028817a3357462e01336d523195001a', '7', null, null, null, '9955/6105', '15c6d6ad-3608-4d73-83f3-23f605123b90.png', '\r\n31CM\r\n4/            8/\r\n\r\n', '4/8', 'PCS', '408', '0', '\0', null, null, null, null, null, null, null, null, '11.50', '4692.00', null, '51', null, null, null, null, null, null, null, '\0', '8', null);
INSERT INTO `contract_product_c` VALUES ('4028817a3357462e01336d5e8a590023', '4028817a3357462e01336d523195001a', '7', null, null, null, '9227/6092', '0ffed7a5-6fd6-4b36-9387-7108bb408fdf.png', '\r\n30CM\r\n4/            8/\r\n\r\n', '4/8', 'PCS', '408', '0', '\0', null, null, null, null, null, null, null, null, '11.00', '4488.00', null, '51', null, null, null, null, null, null, null, '\0', '4', null);
INSERT INTO `contract_product_c` VALUES ('4028817a33812ffd0133813f25a30002', '4028817a33812ffd0133813f25940001', '4', null, null, null, '4993', '3feb6071-7835-48b6-beca-e54202221c3b.png', ' \r\n\r\n11.5X20.3CM\r\n1/      12/\r\n', '1/12', 'PCS', '300', '0', '\0', null, null, null, null, null, null, null, null, '8.50', '2550.00', null, '25', null, null, null, null, null, null, null, '\0', '1', null);
INSERT INTO `contract_product_c` VALUES ('4028817a33812ffd0133813f25a30003', '4028817a33812ffd0133813f25940001', '4', null, null, null, '4994', '56ada31d-acfc-4261-b28d-8be65ba2a21e.png', '\r\n\r\n11.5X20.3CM\r\n1/     12/\r\n', '1/12', 'PCS', '300', '0', '\0', null, null, null, null, null, null, null, null, '8.50', '2550.00', null, '25', null, null, null, null, null, null, null, '\0', '2', null);
INSERT INTO `contract_product_c` VALUES ('4028817a33812ffd0133813f25a30004', '4028817a33812ffd0133813f25940001', '4', null, null, null, '4995', '9eb0c66c-d682-4f19-b89a-1a4808da5456.png', '\r\n\r\n11.5X20.3CM\r\n1/      12/\r\n', '1/12', 'PCS', '300', '0', '\0', null, null, null, null, null, null, null, null, '8.50', '2550.00', null, '25', null, null, null, null, null, null, null, '\0', '3', null);
INSERT INTO `contract_product_c` VALUES ('4028817a33812ffd0133816aacc40005', '4028817a33812ffd0133813f25940001', '2', null, null, null, '9868', 'ba10c6b0-34b7-4911-a45c-cc282cf8072d.png', '\r\n16X40CM\r\n1//  2/\r\n\r\n', '1/2', 'PCS', '600', '0', '\0', null, null, null, null, null, null, null, null, '16.00', '9600.00', null, '300', null, null, null, null, null, null, null, '\0', '27', null);
INSERT INTO `contract_product_c` VALUES ('4028817a33812ffd0133816aacc40006', '4028817a33812ffd0133813f25940001', '7', null, null, null, '5099', 'd38c8874-e641-4c59-9f6d-eb07df231d44.png', '\r\n\r\n23X11.5CM\r\n1/     4/', '1/4', 'PCS', '300', '0', '\0', null, null, null, null, null, null, null, null, '11.00', '3300.00', null, '75', null, null, null, null, null, null, null, '\0', '9', null);
INSERT INTO `contract_product_c` VALUES ('4028817a33812ffd0133816aacc40007', '4028817a33812ffd0133813f25940001', '4028817a33d4f8b40133d9989f5e0024', null, null, null, '5094', '662d9320-a8b7-4957-8d73-e4560e12e0e7.png', '  \r\n15.8X32CM\r\n1/     6/', '1/6', 'PCS', '300', '0', '\0', null, null, null, null, null, null, null, null, '14.50', '4350.00', null, '50', null, null, null, null, null, null, null, '\0', '7', null);
INSERT INTO `contract_product_c` VALUES ('4028817a33812ffd0133816aacc40008', '4028817a33812ffd0133813f25940001', '2', null, null, null, '5189', 'a2a503a3-f0cd-49b4-b05c-8ea55ecbe2bf.png', '\r\n\r\n20X35CM\r\n1//  4/\r\n', '1/4', 'PCS', '300', '0', '\0', null, null, null, null, null, null, null, null, '14.00', '4200.00', null, '75', null, null, null, null, null, null, null, '\0', '12', null);
INSERT INTO `contract_product_c` VALUES ('4028817a33812ffd0133816aacc40009', '4028817a33812ffd0133813f25940001', '4', null, null, null, '5331', '1b211d97-1def-49c6-90a8-8097bbd07f68.png', '\r\n\r\n17X23CM\r\n1/      6/\r\n', '1/6', 'PCS', '300', '0', '\0', null, null, null, null, null, null, null, null, '11.50', '3450.00', null, '50', null, null, null, null, null, null, null, '\0', '13', null);
INSERT INTO `contract_product_c` VALUES ('4028817a33812ffd0133816aacc4000a', '4028817a33812ffd0133813f25940001', '4028817a33d4f8b40133d9989f5e0024', null, null, null, '5095', '7b5d7395-40b4-45ad-9c42-c7050e232448.png', ' \r\n15.8X32CM\r\n1/    6/', '1/6', 'PCS', '300', '0', '\0', null, null, null, null, null, null, null, null, '14.00', '4200.00', null, '50', null, null, null, null, null, null, null, '\0', '8', null);
INSERT INTO `contract_product_c` VALUES ('4028817a33812ffd0133816aacd4000b', '4028817a33812ffd0133813f25940001', '2', null, null, null, '843MA', 'c0229e90-0a5b-438d-8b07-4acd238b142b.png', '	\r\n10CMX10.3CM 3MM	\r\n11.2X31.7CM( 12CM	\r\n3MM  950	\r\n1//   4/	\r\n	\r\n', '1/4', 'PCS', '600', '0', '\0', null, null, null, null, null, null, null, null, '16.00', '9600.00', null, '150', null, null, null, null, null, null, null, '\0', '21', null);
INSERT INTO `contract_product_c` VALUES ('4028817a33812ffd0133816aacd4000c', '4028817a33812ffd0133813f25940001', '4', null, null, null, '4997', '0fdad1e1-452c-4ae4-a354-49688bd41778.png', '	\r\n	\r\n11.5X30.5CM	\r\n1/      6/	\r\n', '1/6', 'PCS', '300', '0', '\0', null, null, null, null, null, null, null, null, '10.50', '3150.00', null, '50', null, null, null, null, null, null, null, '\0', '5', null);
INSERT INTO `contract_product_c` VALUES ('4028817a33812ffd0133816aacd4000d', '4028817a33812ffd0133813f25940001', '4', null, null, null, '4996', '7ae6c20e-0f57-4fab-9e40-22d1a486e943.png', '\r\n\r\n11.5X30.5CM\r\n1/      6/\r\n', '1/6', 'PCS', '300', '0', '\0', null, null, null, null, null, null, null, null, '10.50', '3150.00', null, '50', null, null, null, null, null, null, null, '\0', '4', null);
INSERT INTO `contract_product_c` VALUES ('4028817a33812ffd0133816aacd4000e', '4028817a33812ffd0133813f25940001', '2', null, null, null, '600MA', '958fe4fb-db40-4977-bf2e-2c2db29d65f3.png', '+,\r\n17.5X15.5CM\r\n19.2X18CM\r\n1//   4/\r\n', '1/4', 'SETS', '600', '0', '\0', null, null, null, null, null, null, null, null, '18.00', '10800.00', null, '150', null, null, null, null, null, null, null, '\0', '17', null);
INSERT INTO `contract_product_c` VALUES ('4028817a33812ffd0133816aacd4000f', '4028817a33812ffd0133813f25940001', '2', null, null, null, '602MA', '624ab3d2-12f3-4dd8-b438-c03a3018b170.png', '+,\r\n17.5X15.5CM\r\n19.2X28CM\r\n1//  2/\r\n\r\n', '1/2', 'SETS', '600', '0', '\0', null, null, null, null, null, null, null, null, '19.00', '11400.00', null, '300', null, null, null, null, null, null, null, '\0', '18', null);
INSERT INTO `contract_product_c` VALUES ('4028817a33812ffd0133816aacd40010', '4028817a33812ffd0133813f25940001', '2', null, null, null, '8759', 'f92f57f8-65de-42be-9814-bad100059d23.png', '\r\n16.5X40CM\r\n1//  2/\r\n\r\n', '1/2', 'PCS', '600', '0', '\0', null, null, null, null, null, null, null, null, '15.00', '9000.00', null, '300', null, null, null, null, null, null, null, '\0', '25', null);
INSERT INTO `contract_product_c` VALUES ('4028817a33812ffd0133816aacd40011', '4028817a33812ffd0133813f25940001', '2', null, null, null, '6998', '3be8121c-867d-4745-bebf-3844e6a05589.png', '+ \r\n\r\n6-1/2\" X 12-1/2\" CM H\r\n1//  4/\r\n\r\n\r\n1225', '1/4', 'SETS', '300', '0', '\0', null, null, null, null, null, null, null, null, '19.00', '5700.00', null, '75', null, null, null, null, null, null, null, '\0', '20', null);
INSERT INTO `contract_product_c` VALUES ('4028817a33812ffd0133816aacd40012', '4028817a33812ffd0133813f25940001', '2', null, null, null, '5118', '635cdf31-8e48-45f3-886c-5fffd532175b.png', '+\r\nSWEETS)\r\n16.4CM\r\n15X13CM  26.7CM\r\n1// 4/\r\n', '1/4', 'SETS', '300', '0', '\0', null, null, null, null, null, null, null, null, '16.00', '4800.00', null, '75', null, null, null, null, null, null, null, '\0', '11', null);
INSERT INTO `contract_product_c` VALUES ('4028817a33812ffd0133816aacd40013', '4028817a33812ffd0133813f25940001', '7', null, null, null, '8708', '39b3ac6f-fb30-4b37-8fff-a07fb88aef15.png', '\r\n18CX9CM\r\n4/           8/ \r\n', '1/8', 'PCS', '600', '0', '\0', null, null, null, null, null, null, null, null, '6.50', '3900.00', null, '75', null, null, null, null, null, null, null, '\0', '23', null);
INSERT INTO `contract_product_c` VALUES ('4028817a33812ffd0133816aacd40014', '4028817a33812ffd0133813f25940001', '4', null, null, null, '5336', '466ba3d1-94b5-44ca-92c9-98631bf3b92b.png', '	\r\n 	\r\n14.5X20CM	\r\n1/      12/	\r\n', '1/12', 'PCS', '300', '0', '\0', null, null, null, null, null, null, null, null, '8.00', '2400.00', null, '25', null, null, null, null, null, null, null, '\0', '14', null);
INSERT INTO `contract_product_c` VALUES ('4028817a33812ffd0133816aacd40015', '4028817a33812ffd0133813f25940001', '4', null, null, null, '5337', '78ff069b-327e-488e-a629-b76bed0efb98.png', '\r\n\r\n14.5X20CM\r\n1/      12/\r\n', '1/12', 'PCS', '300', '0', '\0', null, null, null, null, null, null, null, null, '8.00', '2400.00', null, '25', null, null, null, null, null, null, null, '\0', '15', null);
INSERT INTO `contract_product_c` VALUES ('4028817a33812ffd0133816aacd40016', '4028817a33812ffd0133813f25940001', '2', null, null, null, '603MA', 'ea12f8ba-afc1-4651-bc10-432c85fcb091.png', '+,\r\n17.5X15.5CM\r\n19.2X38CM\r\nC/1440/11\r\n1//  2/\r\n', '1/2', 'SETS', '600', '0', '\0', null, null, null, null, null, null, null, null, '20.00', '12000.00', null, '300', null, null, null, null, null, null, null, '\0', '19', null);
INSERT INTO `contract_product_c` VALUES ('4028817a33812ffd0133816aacd40017', '4028817a33812ffd0133813f25940001', '2', null, null, null, '5117', '4f7fdc19-c276-47da-aced-5cec4e02be08.png', '+\r\nSWEETS)\r\n15X13CM\r\n16.4X27CM\r\n1//\r\n4/\r\n', '1/4', 'SETS', '300', '0', '\0', null, null, null, null, null, null, null, null, '17.00', '5100.00', null, '75', null, null, null, null, null, null, null, '\0', '10', null);
INSERT INTO `contract_product_c` VALUES ('4028817a33812ffd0133816aacd40018', '4028817a33812ffd0133813f25940001', '4', null, null, null, '5400', '3b810117-19c6-446e-886f-d3b2fd5ba411.png', '\r\n \r\n17X23CM\r\n1/      6/\r\n', '1/6', 'PCS', '300', '0', '\0', null, null, null, null, null, null, null, null, '11.50', '3450.00', null, '50', null, null, null, null, null, null, null, '\0', '16', null);
INSERT INTO `contract_product_c` VALUES ('4028817a33812ffd0133816aacd40019', '4028817a33812ffd0133813f25940001', '4', null, null, null, '4998', '0c400655-fb24-4781-aae1-eaa30e31ad4c.png', '\r\n\r\n11.5X30.5CM\r\n1/      6/\r\n', '1/6', 'PCS', '300', '0', '\0', null, null, null, null, null, null, null, null, '10.50', '3150.00', null, '50', null, null, null, null, null, null, null, '\0', '6', null);
INSERT INTO `contract_product_c` VALUES ('4028817a33812ffd0133816aacd4001a', '4028817a33812ffd0133813f25940001', '2', null, null, null, '8760', '2aaba753-e5d2-4c42-badf-cc16acf81d2b.png', '\r\n16.5X51CM\r\n\r\n1//  2/\r\n', '1/2', 'PCS', '600', '0', '\0', null, null, null, null, null, null, null, null, '16.00', '9600.00', null, '300', null, null, null, null, null, null, null, '\0', '26', null);
INSERT INTO `contract_product_c` VALUES ('4028817a33812ffd0133816aacd4001b', '4028817a33812ffd0133813f25940001', '2', null, null, null, '844MA', '6f6f097f-ae83-4ecb-80c6-ec1e93353985.png', '\r\n9.3X13.3CM 3MM\r\n10.5X28.4CM()\r\n13CM   3MM\r\n1// 4/\r\n', '1/4', 'PCS', '600', '0', '\0', null, null, null, null, null, null, null, null, '16.00', '9600.00', null, '150', null, null, null, null, null, null, null, '\0', '22', null);
INSERT INTO `contract_product_c` VALUES ('4028817a33812ffd0133816aacd4001c', '4028817a33812ffd0133813f25940001', '2', null, null, null, '9869', 'be81bc6b-610b-45fa-bb8b-5156d8de9d52.png', '\r\n19X40CM\r\n1//  2/\r\n \r\n', '1/2', 'PCS', '600', '0', '\0', null, null, null, null, null, null, null, null, '16.00', '9600.00', null, '300', null, null, null, null, null, null, null, '\0', '28', null);
INSERT INTO `contract_product_c` VALUES ('4028817a33812ffd0133816aacd4001d', '4028817a33812ffd0133813f25940001', '7', null, null, null, '8709', 'd33ee976-4d35-4990-ae41-eebee8989f5a.png', '\r\n18CMX9CM\r\n4/          8/', '1/8', 'PCS', '600', '0', '\0', null, null, null, null, null, null, null, null, '6.50', '3900.00', null, '75', null, null, null, null, null, null, null, '\0', '24', null);
INSERT INTO `contract_product_c` VALUES ('4028817a33812ffd013382048ff80025', '4028817a33812ffd013382048ff80024', '1', null, null, null, '20-37-264/JK1051087', 'ef1348ed-d11c-4acf-ae57-4a0600e4ff0f.png', '+\r\n\r\n12.3X22.5CM\r\n1/       12/', '1/12', 'SETS', '1200', '0', '\0', null, null, null, null, null, null, null, null, '9.50', '11400.00', null, '100', null, null, null, null, null, null, null, '\0', '1', null);
INSERT INTO `contract_product_c` VALUES ('4028817a33812ffd013382048ff80026', '4028817a33812ffd013382048ff80024', '1', null, null, null, '20-37-265/JK1050163', 'e96667ee-d5e9-43d1-bac0-758593c56629.png', '+\r\n\r\n13.5X29.5CM\r\n1/       6/', '1/6', 'SETS', '1200', '0', '\0', null, null, null, null, null, null, null, null, '11.00', '13200.00', null, '200', null, null, null, null, null, null, null, '\0', '2', null);
INSERT INTO `contract_product_c` VALUES ('4028817a33812ffd013382048ff80027', '4028817a33812ffd013382048ff80024', '1', null, null, null, '20-37-266/JK1050164', '6b8d7276-1de9-40d8-9cf8-dabc7a8d853d.png', '+\r\n\r\n14.5X33CM\r\n1/       6/', '1/6', 'SETS', '1200', '0', '\0', null, null, null, null, null, null, null, null, '13.00', '15600.00', null, '200', null, null, null, null, null, null, null, '\0', '3', null);
INSERT INTO `contract_product_c` VALUES ('4028817a33812ffd0133821a8eb5002c', '4028817a33812ffd0133821a8eb5002b', '1', null, null, null, 'JK110102', 'e4df38d5-f0d9-4f91-99c6-240addaa36a3.png', '\r\n\r\n26X36CM\r\n1//\r\n2/\r\n', '1/2', 'SETS', '150', '0', '\0', null, null, null, null, null, null, null, null, '32.00', '4800.00', null, '75', null, null, null, null, null, null, null, '\0', '2', null);
INSERT INTO `contract_product_c` VALUES ('4028817a33812ffd0133821a8eb5002d', '4028817a33812ffd0133821a8eb5002b', '1', null, null, null, 'JK110101', 'bfd61df4-61b5-492c-b11c-7d19b63f5cf1.png', '\r\n\r\n20X20.5CM\r\n1//\r\n4/\r\n', '1/4', 'SETS', '152', '0', '\0', null, null, null, null, null, null, null, null, '22.00', '3344.00', null, '38', null, null, null, null, null, null, null, '\0', '1', null);
INSERT INTO `contract_product_c` VALUES ('4028817a33d4f8b40133d9878e88000e', '4028817a33d4f8b40133d9878e88000d', '13', null, null, null, 'JK1060019/11990', 'undefined', '\r\n9X10.5CM\r\n4/            24/', '4/24', 'PCS', '696', '0', '\0', null, null, null, null, null, null, null, null, '5.00', '3480.00', null, '29', null, null, null, null, null, null, null, '\0', '6', null);
INSERT INTO `contract_product_c` VALUES ('4028817a33d4f8b40133d9878e88000f', '4028817a33d4f8b40133d9878e88000d', '13', null, null, null, 'JK103134/11989', 'undefined', '\r\n9X21CM\r\n4/            16/', '4/16', 'PCS', '832', '0', '\0', null, null, null, null, null, null, null, null, '6.00', '4992.00', null, '52', null, null, null, null, null, null, null, '\0', '7', null);
INSERT INTO `contract_product_c` VALUES ('4028817a33d4f8b40133d9878e880010', '4028817a33d4f8b40133d9878e88000d', '1', null, null, null, 'JK1050152/11306', 'undefined', '1CM\r\n7X26CM\r\n4/           16/', '4/16', 'PCS', '608', '0', '\0', null, null, null, null, null, null, null, null, '8.50', '5168.00', null, '38', null, null, null, null, null, null, null, '\0', '1', null);
INSERT INTO `contract_product_c` VALUES ('4028817a33d4f8b40133d9878e880011', '4028817a33d4f8b40133d9878e88000d', '2', null, null, null, 'JK103233/11301', 'undefined', '\r\n11X30.5CM\r\n1/        12/', '1/12', 'PCS', '12', '0', '\0', null, null, null, null, null, null, null, null, '18.00', '216.00', null, '12', null, null, null, null, null, null, null, '\0', '11', null);
INSERT INTO `contract_product_c` VALUES ('4028817a33d4f8b40133d9878e880012', '4028817a33d4f8b40133d9878e88000d', '1', null, null, null, 'JK1050068/11314', 'undefined', '1CM\r\n12X19CM\r\n4/           16/', '4/16', 'PCS', '608', '0', '\0', null, null, null, null, null, null, null, null, '11.20', '6809.60', null, '38', null, null, null, null, null, null, null, '\0', '3', null);
INSERT INTO `contract_product_c` VALUES ('4028817a33d4f8b40133d9878e880013', '4028817a33d4f8b40133d9878e88000d', '2', null, null, null, 'JK1050317/12006', 'undefined', '\r\n10.5X14CM\r\n1/          12/', '1/12', 'PCS', '168', '0', '\0', null, null, null, null, null, null, null, null, '9.50', '1596.00', null, '14', null, null, null, null, null, null, null, '\0', '9', null);
INSERT INTO `contract_product_c` VALUES ('4028817a33d4f8b40133d9878e880014', '4028817a33d4f8b40133d9878e88000d', '2', null, null, null, 'JK169340/13076', 'undefined', '\r\n25X26CM\r\n1//    2/\r\n', '1/2', 'SETS', '464', '0', '\0', null, null, null, null, null, null, null, null, '36.00', '16704.00', null, '232', null, null, null, null, null, null, null, '\0', '8', null);
INSERT INTO `contract_product_c` VALUES ('4028817a33d4f8b40133d9878e880015', '4028817a33d4f8b40133d9878e88000d', '2', null, null, null, 'JK1050316/12005', 'undefined', '\r\n15X15CM\r\n1/        6/', '1/6', 'PCS', '162', '0', '\0', null, null, null, null, null, null, null, null, '12.50', '2025.00', null, '27', null, null, null, null, null, null, null, '\0', '10', null);
INSERT INTO `contract_product_c` VALUES ('4028817a33d4f8b40133d9878e880016', '4028817a33d4f8b40133d9878e88000d', '2', null, null, null, 'JK1050201/12078', 'undefined', '\r\n15X11.5CM\r\n16X13CM\r\n22CM\r\n1//     6/', '1/6', 'SETS', '204', '0', '\0', null, null, null, null, null, null, null, null, '18.00', '3672.00', null, '34', null, null, null, null, null, null, null, '\0', '4', null);
INSERT INTO `contract_product_c` VALUES ('4028817a33d4f8b40133d9878e880017', '4028817a33d4f8b40133d9878e88000d', '1', null, null, null, 'JK1050154/11308', 'undefined', '1CM\r\n5X29CM\r\n4/           16/', '4/16', 'PCS', '704', '0', '\0', null, null, null, null, null, null, null, null, '7.50', '5280.00', null, '44', null, null, null, null, null, null, null, '\0', '2', null);
INSERT INTO `contract_product_c` VALUES ('4028817a33d4f8b40133d9878e880018', '4028817a33d4f8b40133d9878e88000d', '13', null, null, null, 'JK103136/11988', 'undefined', '5MM\r\n9X17.5CM\r\n4/            16/', '4/16', 'PCS', '928', '0', '\0', null, null, null, null, null, null, null, null, '6.30', '5846.40', null, '58', null, null, null, null, null, null, null, '\0', '5', null);
INSERT INTO `contract_product_c` VALUES ('4028817a33d4f8b40133d991a50d001a', '4028817a33d4f8b40133d991a50d0019', 'ff808081301885760130189e47ca0013', null, null, null, 'JK1040446/JK446', 'undefined', '\r\n16.5X50CM\r\n1//\r\n2/\r\n', '1/2', 'PCS', '600', '0', '\0', null, null, null, null, null, null, null, null, '25.00', '15000.00', null, '300', null, null, null, null, null, null, null, '\0', '7', null);
INSERT INTO `contract_product_c` VALUES ('4028817a33d4f8b40133d991a50d001b', '4028817a33d4f8b40133d991a50d0019', '2', null, null, null, 'JK1040364/JK364', 'undefined', '\r\n19X39CM\r\n1//\r\n2/\r\n', '1/2', 'PCS', '600', '0', '\0', null, null, null, null, null, null, null, null, '25.00', '15000.00', null, '300', null, null, null, null, null, null, null, '\0', '6', null);
INSERT INTO `contract_product_c` VALUES ('4028817a33d4f8b40133d991a50d001c', '4028817a33d4f8b40133d991a50d0019', '2', null, null, null, 'JK1050316/JK316', 'undefined', '\r\n\r\n15X15CM \r\n1/    6/\r\n\r\n', '1/6', 'PCS', '600', '0', '\0', null, null, null, null, null, null, null, null, '12.00', '7200.00', null, '100', null, null, null, null, null, null, null, '\0', '2', null);
INSERT INTO `contract_product_c` VALUES ('4028817a33d4f8b40133d991a50d001d', '4028817a33d4f8b40133d991a50d0019', '1', null, null, null, 'JK1050166/JK166', 'undefined', '\r\n12.5X26.5CM\r\n1/    6/\r\n\r\n', '1/6', 'PCS', '600', '0', '\0', null, null, null, null, null, null, null, null, '16.00', '9600.00', null, '100', null, null, null, null, null, null, null, '\0', '1', null);
INSERT INTO `contract_product_c` VALUES ('4028817a33d4f8b40133d991a50d001e', '4028817a33d4f8b40133d991a50d0019', '4', null, null, null, 'JK103694/JK694', 'undefined', '6\r\n8X12.5CM\r\n1/    4/\r\n\r\n', '1/4', 'SETS', '480', '0', '\0', null, null, null, null, null, null, null, null, '24.00', '11520.00', null, '120', null, null, null, null, null, null, null, '\0', '4', null);
INSERT INTO `contract_product_c` VALUES ('4028817a33d4f8b40133d991a50d001f', '4028817a33d4f8b40133d991a50d0019', 'ff808081301885760130189e47ca0013', null, null, null, 'JK103956/JK956', 'undefined', '\r\n\r\n33X14X15\r\n1//  2/\r\n20111115', '1/2', 'SETS', '480', '0', '\0', null, null, null, null, null, null, null, null, '27.00', '12960.00', null, '240', null, null, null, null, null, null, null, '\0', '5', null);
INSERT INTO `contract_product_c` VALUES ('4028817a33d4f8b40133d991a50d0020', '4028817a33d4f8b40133d991a50d0019', '4', null, null, null, 'JK103693/JK693', 'undefined', '6\r\n7.3X10.5CM\r\n1/    8/\r\n\r\n', '1/8', 'SETS', '184', '0', '\0', null, null, null, null, null, null, null, null, '21.00', '3864.00', null, '23', null, null, null, null, null, null, null, '\0', '3', null);
INSERT INTO `contract_product_c` VALUES ('4028817a33d4f8b40133d9be557b0029', '4028817a33d4f8b40133d991a50d0019', '9', null, null, null, 'J859101549/JK549', '', '\r\n33.5CM\r\n2/    8/', '2/8', 'PCS', '1200', '0', '\0', null, null, null, null, null, null, null, null, '10.00', '12000.00', null, '150', null, null, null, null, null, null, null, '\0', '12', null);
INSERT INTO `contract_product_c` VALUES ('4028817a33d4f8b40133d9be557b002a', '4028817a33d4f8b40133d991a50d0019', '4028817a33d4f8b40133d9989f5e0024', null, null, null, 'JK1060338/JK338', '', '\r\n15.5X15.5CM \r\n1/  12/\r\n', '1/12', 'PCS', '2400', '0', '\0', null, null, null, null, null, null, null, null, '7.15', '17160.00', null, '200', null, null, null, null, null, null, null, '\0', '8', null);
INSERT INTO `contract_product_c` VALUES ('4028817a33d4f8b40133d9be557b002b', '4028817a33d4f8b40133d991a50d0019', '9', null, null, null, 'JK103209/JK209', '', '2\r\n\r\n33X2.5CM\r\n21X2.5CM\r\n1/    6/', '1/6', 'SETS', '1200', '0', '\0', null, null, null, null, null, null, null, null, '13.00', '15600.00', null, '200', null, null, null, null, null, null, null, '\0', '11', null);
INSERT INTO `contract_product_c` VALUES ('4028817a33d4f8b40133d9be557b002c', '4028817a33d4f8b40133d991a50d0019', '9', null, null, null, 'JK1031007-LP/JK007/1', '', '\r\n30X11.5CM\r\n1/    4/\r\n', '1/4', 'PCS', '600', '0', '\0', null, null, null, null, null, null, null, null, '10.50', '6300.00', null, '150', null, null, null, null, null, null, null, '\0', '13', null);
INSERT INTO `contract_product_c` VALUES ('4028817a33d4f8b40133d9be557b002d', '4028817a33d4f8b40133d991a50d0019', '1', null, null, null, 'JK1050128/JK0128', '', '\r\n12X22.5CM\r\n1/    8/\r\n\r\n', '1/8', 'SETS', '600', '0', '\0', null, null, null, null, null, null, null, null, '18.50', '11100.00', null, '75', null, null, null, null, null, null, null, '\0', '9', null);
INSERT INTO `contract_product_c` VALUES ('4028817a33d4f8b40133d9be557b002e', '4028817a33d4f8b40133d991a50d0019', '2', null, null, null, 'JK103176/JK176', '', '\r\n20X14.5CM\r\n1/    4/\r\n\r\n', '1/4', 'PCS', '480', '0', '\0', null, null, null, null, null, null, null, null, '18.50', '8880.00', null, '120', null, null, null, null, null, null, null, '\0', '10', null);
INSERT INTO `contract_product_c` VALUES ('4028817a33d4f8b40133d9bea39b0030', '4028817a33d4f8b40133d9bea39b002f', '1', null, null, null, 'JK1050806/JK032', 'undefined', '6\r\n5.7X25CM\r\n1/           4/', '1/4', 'SETS', '320', '0', '\0', null, null, null, null, null, null, null, null, '31.80', '10176.00', null, '80', null, null, null, null, null, null, null, '\0', '6', null);
INSERT INTO `contract_product_c` VALUES ('4028817a33d4f8b40133d9bea39b0031', '4028817a33d4f8b40133d9bea39b002f', '4', null, null, null, 'JK045/JK1060426', 'undefined', '6\r\n8X17CM\r\n1/          4/', '1/4', 'SETS', '240', '0', '\0', null, null, null, null, null, null, null, null, '33.60', '8064.00', null, '60', null, null, null, null, null, null, null, '\0', '9', null);
INSERT INTO `contract_product_c` VALUES ('4028817a33d4f8b40133d9bea39b0032', '4028817a33d4f8b40133d9bea39b002f', '1', null, null, null, 'JK1050807/JK033', 'undefined', '6\r\n8X24CM\r\n1/          2/', '1/2', 'SETS', '300', '0', '\0', null, null, null, null, null, null, null, null, '34.80', '10440.00', null, '150', null, null, null, null, null, null, null, '\0', '7', null);
INSERT INTO `contract_product_c` VALUES ('4028817a33d4f8b40133d9bea39b0033', '4028817a33d4f8b40133d9bea39b002f', '4028817a33d4f8b40133d9989f5e0024', null, null, null, 'JK040/JK1060338', 'undefined', '\r\n15.5X15.5CM\r\n1/           12/\r\n', '1/12', 'PCS', '3000', '0', '\0', null, null, null, null, null, null, null, null, '8.04', '24120.00', null, '250', null, null, null, null, null, null, null, '\0', '3', null);
INSERT INTO `contract_product_c` VALUES ('4028817a33d4f8b40133d9bea39b0034', '4028817a33d4f8b40133d9bea39b002f', '4', null, null, null, 'JK044/JK1060425', 'undefined', '6\r\n8X20CM\r\n1/           4/', '1/4', 'SETS', '240', '0', '\0', null, null, null, null, null, null, null, null, '34.80', '8352.00', null, '60', null, null, null, null, null, null, null, '\0', '8', null);
INSERT INTO `contract_product_c` VALUES ('4028817a33d4f8b40133d9bea39b0035', '4028817a33d4f8b40133d9bea39b002f', '1', null, null, null, 'JK019/J859100824', 'undefined', '42.5CM\r\n8.4X22CM\r\n1/     4/', '1/4', 'SETS', '320', '0', '\0', null, null, null, null, null, null, null, null, '58.00', '18560.00', null, '80', null, null, null, null, null, null, null, '\0', '2', null);
INSERT INTO `contract_product_c` VALUES ('4028817a33d4f8b40133d9bea39b0036', '4028817a33d4f8b40133d9bea39b002f', '1', null, null, null, 'JK018/J859100826', 'undefined', '42.5CM\r\n4.7X26.5CM\r\n1/         6/', '1/6', 'SETS', '300', '0', '\0', null, null, null, null, null, null, null, null, '40.00', '12000.00', null, '50', null, null, null, null, null, null, null, '\0', '1', null);
INSERT INTO `contract_product_c` VALUES ('4028817a33d4f8b40133d9bea39b0037', '4028817a33d4f8b40133d9bea39b002f', '3', null, null, null, 'JK041/JK1060339', 'undefined', '\r\n9X11CM\r\n1/          24/\r\n', '1/24', 'PCS', '3000', '0', '\0', null, null, null, null, null, null, null, null, '4.00', '12000.00', null, '125', null, null, null, null, null, null, null, '\0', '4', null);
INSERT INTO `contract_product_c` VALUES ('4028817a33d4f8b40133d9bea39b0038', '4028817a33d4f8b40133d9bea39b002f', '1', null, null, null, 'JK020/J859100825', 'undefined', '42.5CM\r\n11.8X20CM\r\n1/           4/', '1/4', 'SETS', '300', '0', '\0', null, null, null, null, null, null, null, null, '70.00', '21000.00', null, '75', null, null, null, null, null, null, null, '\0', '5', null);
INSERT INTO `contract_product_c` VALUES ('4028817a33f7960d0133f8d912ba0005', '4028817a33812ffd0133821a8eb5002b', '9', null, null, null, 'JK110102', '', '\r\n29.5X11.5CM\r\n', '1/2', 'PCS', '150', '0', '\0', null, null, null, null, null, null, null, null, '10.00', '1500.00', null, '38', null, null, null, null, null, null, null, '\0', '3', null);
INSERT INTO `contract_product_c` VALUES ('4028817a33f7960d0133f8d912ba0006', '4028817a33812ffd0133821a8eb5002b', '9', null, null, null, 'JK110101', '', '\r\n23X11.5CM\r\n', '1/4', 'PCS', '152', '0', '\0', null, null, null, null, null, null, null, null, '8.50', '1292.00', null, '38', null, null, null, null, null, null, null, '\0', '4', null);
INSERT INTO `contract_product_c` VALUES ('4028817a33fc4e280133fcdb13f4000e', '4028817a33d4f8b40133d9bea39b002f', '1', null, null, null, 'JK052/JK1070691', '', '4\r\n12.5X19.5CM\r\n1/          4/', '1/4', 'SETS', '300', '0', '\0', null, null, null, null, null, null, null, null, '30.00', '9000.00', null, '75', null, null, null, null, null, null, null, '\0', '12', null);
INSERT INTO `contract_product_c` VALUES ('4028817a33fc4e280133fcdb13f4000f', '4028817a33d4f8b40133d9bea39b002f', '5', null, null, null, 'JK050/JK1070690', '', '4\r\n8.6X23CM\r\n1/            4/', '1/4', 'SETS', '300', '0', '\0', null, null, null, null, null, null, null, null, '23.20', '6960.00', null, '75', null, null, null, null, null, null, null, '\0', '11', null);
INSERT INTO `contract_product_c` VALUES ('4028817a33fc4e280133fcdb13f40010', '4028817a33d4f8b40133d9bea39b002f', '2', null, null, null, 'JK046/JK1050201', '', '+\r\n\r\n1CM\r\n15X11CM   485/\r\n16X23.3CM    11.8CM\r\n645/   32CM\r\n1//      6/\r\n', '1/6', 'SETS', '600', '0', '\0', null, null, null, null, null, null, null, null, '19.00', '11400.00', null, '100', null, null, null, null, null, null, null, '\0', '10', null);
INSERT INTO `contract_product_c` VALUES ('4028817a33fc4e280133fd81e7d7001e', '4028817a33fc4e280133fd81e7d7001d', '2', null, null, null, '169280', '', '+	\r\n3CM	\r\n 	\r\n22X15CM 3MM	\r\n24X20.8CM 3.5CM  	\r\n13.5CM  3CM 	\r\n1// 	\r\n2/', '1/2', 'SETS', '100', '0', '\0', null, null, null, null, null, null, null, null, '32.00', '3200.00', null, '50', null, null, null, null, null, null, null, '\0', '10', null);
INSERT INTO `contract_product_c` VALUES ('4028817a33fc4e280133fd81e7d7001f', '4028817a33fc4e280133fd81e7d7001d', '1', null, null, null, 'J859102682/113860', '', '\r\nSTORAGE ONLY\r\n9.5X23CM 14.5CM\r\n1/       6/\r\n', '1/6', 'PCS', '300', '0', '\0', null, null, null, null, null, null, null, null, '16.00', '4800.00', null, '50', null, null, null, null, null, null, null, '\0', '5', null);
INSERT INTO `contract_product_c` VALUES ('4028817a33fc4e280133fd81e7d70020', '4028817a33fc4e280133fd81e7d7001d', '4', null, null, null, 'JK1080435', '', '\r\n\r\n:9.5X10.5CM  \r\n5.5CM\r\n1/    24/', '1/24', 'PCS', '1008', '0', '\0', null, null, null, null, null, null, null, null, '9.00', '9072.00', null, '42', null, null, null, null, null, null, null, '\0', '4', null);
INSERT INTO `contract_product_c` VALUES ('4028817a33fc4e280133fd81e7d70021', '4028817a33fc4e280133fd81e7d7001d', '2', null, null, null, '123540', '', '+\r\nHIGH TEA\r\n19.3X28CM\r\n17X15.5CM\r\n1// \r\n4/', '1/4', 'SETS', '100', '0', '\0', null, null, null, null, null, null, null, null, '22.00', '2200.00', null, '25', null, null, null, null, null, null, null, '\0', '9', null);
INSERT INTO `contract_product_c` VALUES ('4028817a33fc4e280133fd81e7d70022', '4028817a33fc4e280133fd81e7d7001d', '3', null, null, null, 'JK1052446/158080', '', '\r\n \r\n7.8X22.5CM  1400/\r\n1/    6/\r\n', '1/6', 'PCS', '702', '0', '\0', null, null, null, null, null, null, null, null, '16.50', '11583.00', null, '117', null, null, null, null, null, null, null, '\0', '6', null);
INSERT INTO `contract_product_c` VALUES ('4028817a33fc4e280133fd81e7d70023', '4028817a33fc4e280133fd81e7d7001d', 'ff808081301885760130189e47ca0013', null, null, null, '62145', '', '\r\n\r\n30.3X11.5X15CM\r\n1/    8/', '1/8', 'PCS', '504', '0', '\0', null, null, null, null, null, null, null, null, '27.00', '13608.00', null, '63', null, null, null, null, null, null, null, '\0', '2', null);
INSERT INTO `contract_product_c` VALUES ('4028817a33fc4e280133fd81e7d70024', '4028817a33fc4e280133fd81e7d7001d', 'ff808081301885760130189e47ca0013', null, null, null, '62146/F-57', '', '\r\n\r\n30.3X11.5X15CM\r\n1/    8/', '1/8', 'PCS', '504', '0', '\0', null, null, null, null, null, null, null, null, '28.50', '14364.00', null, '63', null, null, null, null, null, null, null, '\0', '3', null);
INSERT INTO `contract_product_c` VALUES ('4028817a33fc4e280133fd81e7d70025', '4028817a33fc4e280133fd81e7d7001d', 'ff808081301885760130189e47ca0013', null, null, null, 'JKF081342/62180', '', '+\r\n\r\n30.3X11.5X15CM\r\n1//    4/', '1/4', 'SETS', '652', '0', '\0', null, null, null, null, null, null, null, null, '27.00', '17604.00', null, '163', null, null, null, null, null, null, null, '\0', '1', null);
INSERT INTO `contract_product_c` VALUES ('4028817a33fc4e280133fd81e7d70026', '4028817a33fc4e280133fd81e7d7001d', '1', null, null, null, 'JK10501218/160380', '', '\r\n\r\n12.5X22.5CM\r\n\r\n1/     12/\r\n', '1/12', 'PCS', '600', '0', '\0', null, null, null, null, null, null, null, null, '15.00', '9000.00', null, '50', null, null, null, null, null, null, null, '\0', '8', null);
INSERT INTO `contract_product_c` VALUES ('4028817a33fc4e280133fd81e7d70027', '4028817a33fc4e280133fd81e7d7001d', '1', null, null, null, 'JK1040009/141760', '', '\r\n\r\n16.5X40CM\r\n1/     2/\r\n', '1/2', 'PCS', '300', '0', '\0', null, null, null, null, null, null, null, null, '35.00', '10500.00', null, '150', null, null, null, null, null, null, null, '\0', '7', null);
INSERT INTO `contract_product_c` VALUES ('4028817a33fc4e280133fd89fcc00028', '4028817a33fc4e280133fd81e7d7001d', '7', null, null, null, 'JKF081342/62180', '', '\r\n\r\n33X13.5CM\r\n1// 4/\r\n\r\n', '1/4', 'SETS', '652', '0', '\0', null, null, null, null, null, null, null, null, '10.40', '6780.80', null, '163', null, null, null, null, null, null, null, '\0', '11', null);
INSERT INTO `contract_product_c` VALUES ('4028817a33fc4e280133fd9f8b4e0030', '4028817a33fc4e280133fd9f8b4e002f', '15', null, null, null, 'JK1040158/12068', '', '\r\n\r\n6X26CM\r\n4/      16/', '4/16', 'PCS', '400', '0', '\0', null, null, null, null, null, null, null, null, '9.70', '3880.00', null, '25', null, null, null, null, null, null, null, '\0', '4', null);
INSERT INTO `contract_product_c` VALUES ('4028817a33fc4e280133fd9f8b4e0031', '4028817a33fc4e280133fd9f8b4e002f', '2', null, null, null, 'JK1050317/12006', '', '\r\n\r\n10.5X14CM\r\n1/     12/', '1/12', 'PCS', '504', '0', '\0', null, null, null, null, null, null, null, null, '9.50', '4788.00', null, '42', null, null, null, null, null, null, null, '\0', '3', null);
INSERT INTO `contract_product_c` VALUES ('4028817a33fc4e280133fd9f8b4e0032', '4028817a33fc4e280133fd9f8b4e002f', '2', null, null, null, 'JK1050316/12005', '', '\r\n\r\n15X15CM\r\n1/      6/', '1/6', 'PCS', '348', '0', '\0', null, null, null, null, null, null, null, null, '12.50', '4350.00', null, '58', null, null, null, null, null, null, null, '\0', '2', null);
INSERT INTO `contract_product_c` VALUES ('4028817a33fc4e280133fd9f8b4e0033', '4028817a33fc4e280133fd9f8b4e002f', '2', null, null, null, 'JK103233/11301', '', '\r\n11X30.5CM\r\n1/    12/', '1/12', 'PCS', '408', '0', '\0', null, null, null, null, null, null, null, null, '18.00', '7344.00', null, '34', null, null, null, null, null, null, null, '\0', '1', null);
INSERT INTO `contract_product_c` VALUES ('4028817a33fc4e280133fdb370c00034', '4028817a33812ffd0133813f25940001', '7', null, null, null, '9749', '', '\r\n18X9CM\r\n4/             8/', '4/8', 'PCS', '304', '0', '\0', null, null, null, null, null, null, null, null, '6.50', '1976.00', null, '38', null, null, null, null, null, null, null, '\0', '29', null);
INSERT INTO `contract_product_c` VALUES ('4028817a33fc4e280133fdb370cf0035', '4028817a33812ffd0133813f25940001', '7', null, null, null, '9749', '', '\r\n18X9CM\r\n4/             8/', '4/8', 'PCS', '304', '0', '\0', null, null, null, null, null, null, null, null, '6.50', '1976.00', null, '38', null, null, null, null, null, null, null, '\0', '30', null);
INSERT INTO `contract_product_c` VALUES ('4028817a33fc4e280133fdb370df0036', '4028817a33812ffd0133813f25940001', '7', null, null, null, '9749', '', '\r\n18X9CM\r\n4/             8/', '4/8', 'PCS', '304', '0', '\0', null, null, null, null, null, null, null, null, '6.50', '1976.00', null, '38', null, null, null, null, null, null, null, '\0', '31', null);
INSERT INTO `contract_product_c` VALUES ('4028817a33fc4e280133fde6504f0037', '4028817a33fc4e280133fd9f8b4e002f', '2', null, null, null, 'JK1050201/12078', '', ',\r\n16X13CM\r\n15X11.5CM\r\n22CM  \r\n1//\r\n6/  ', '1/6', 'PCS', '402', '0', '\0', null, null, null, null, null, null, null, null, '18.00', '7236.00', null, '67', null, null, null, null, null, null, null, '\0', '5', null);
INSERT INTO `contract_product_c` VALUES ('4028817a33fc4e280133fde6504f0038', '4028817a33fc4e280133fd9f8b4e002f', '13', null, null, null, 'JK1050198/12860', '', '\r\n1.5CM\r\n11X19CM\r\n4/       16/\r\n', '4/16', 'PCS', '400', '0', '\0', null, null, null, null, null, null, null, null, '6.50', '2600.00', null, '25', null, null, null, null, null, null, null, '\0', '7', null);
INSERT INTO `contract_product_c` VALUES ('4028817a33fc4e280133fde6504f0039', '4028817a33fc4e280133fd9f8b4e002f', '2', null, null, null, 'JK169340/13076', '', '		\r\n25X26CM		\r\n1//		\r\n2/		\r\n', '1/2', 'SETS', '200', '0', '\0', null, null, null, null, null, null, null, null, '36.00', '7200.00', null, '100', null, null, null, null, null, null, null, '\0', '8', null);
INSERT INTO `contract_product_c` VALUES ('4028817a33fc4e280133fde6504f003a', '4028817a33fc4e280133fd9f8b4e002f', 'ff808081301885760130189e47ca0013', null, null, null, 'JK1400002/13077', '', '\r\n\r\n10X24.5CM\r\n1/   4/', '1/4', 'PCS', '1200', '0', '\0', null, null, null, null, null, null, null, null, '13.00', '15600.00', null, '300', null, null, null, null, null, null, null, '\0', '9', null);
INSERT INTO `contract_product_c` VALUES ('4028817a33fc4e280133fde6504f003b', '4028817a33fc4e280133fd9f8b4e002f', '15', null, null, null, 'JK5100005-F/13079', '', '\r\n5.5X24.5CM\r\n4/     24/', '4/24', 'PCS', '1200', '0', '\0', null, null, null, null, null, null, null, null, '10.00', '12000.00', null, '50', null, null, null, null, null, null, null, '\0', '11', null);
INSERT INTO `contract_product_c` VALUES ('4028817a33fc4e280133fde6504f003c', '4028817a33fc4e280133fd9f8b4e002f', '13', null, null, null, 'JK1050195/12859', '', '\r\n1.5CM\r\n8X21CM\r\n4/       16/\r\n', '4/16', 'PCS', '400', '0', '\0', null, null, null, null, null, null, null, null, '6.00', '2400.00', null, '25', null, null, null, null, null, null, null, '\0', '6', null);
INSERT INTO `contract_product_c` VALUES ('4028817a33fc4e280133fde6504f003d', '4028817a33fc4e280133fd9f8b4e002f', '15', null, null, null, 'JK5100004/13078', '', '\r\n9.5X18.5CM\r\n4/      16/', '4/16', 'PCS', '1200', '0', '\0', null, null, null, null, null, null, null, null, '8.80', '10560.00', null, '75', null, null, null, null, null, null, null, '\0', '10', null);
INSERT INTO `contract_product_c` VALUES ('4028817a33fc4e280133fde6504f003e', '4028817a33fc4e280133fd9f8b4e002f', '15', null, null, null, 'JK5300006/13080', '', '\r\n9X8CM\r\n1/     48/', '1/48', 'PCS', '1200', '0', '\0', null, null, null, null, null, null, null, null, '8.50', '10200.00', null, '25', null, null, null, null, null, null, null, '\0', '12', null);
INSERT INTO `contract_product_c` VALUES ('4028817a33fc4e280133fde6504f003f', '4028817a33fc4e280133fd9f8b4e002f', '15', null, null, null, 'JK5300007/13081', '', '\r\n9X12CM\r\n1/     24/', '1/24', 'PCS', '1200', '0', '\0', null, null, null, null, null, null, null, null, '9.80', '11760.00', null, '50', null, null, null, null, null, null, null, '\0', '13', null);
INSERT INTO `contract_product_c` VALUES ('4028817a3420e78a013421a693820002', '4028817a3420e78a013421a693730001', '4', null, null, null, '4995', 'c7801815-993e-43f0-8ac5-d5d788f34e74.png', '\r\n\r\n11.5X20.3CM\r\n1/      12/\r\n\r\n130', '1/12', 'PCS', '300', '300', '', '8.00', '6.00', null, '44.00', '29.00', '50.00', null, null, '8.50', '2550.00', null, '25', '1.80', null, null, null, null, null, null, '\0', '3', null);
INSERT INTO `contract_product_c` VALUES ('4028817a3420e78a013421a693820003', '4028817a3420e78a013421a693730001', '4', null, null, null, '4994', 'ae3e208e-8037-41dc-89d3-6727d1403c4c.png', '\r\n,\r\n11.5X20.3CM\r\n1/     12/\r\n\r\n130', '1/12', 'PCS', '300', '300', '', '8.00', '6.00', null, '44.00', '29.00', '50.00', null, null, '8.50', '2550.00', null, '25', '1.80', null, null, null, null, null, null, '\0', '2', null);
INSERT INTO `contract_product_c` VALUES ('4028817a3420e78a013421a693820004', '4028817a3420e78a013421a693730001', '4', null, null, null, '4996', '09b2983e-67b1-4f42-b6ec-0efa99b90cae.png', '\r\n\r\n11.5X30.5CM\r\n1/      6/\r\n\r\n130', '1/6', 'PCS', '300', '300', '', '9.00', '7.00', null, '44.00', '29.00', '38.00', null, null, '10.50', '3150.00', null, '50', '2.20', null, null, null, null, null, null, '\0', '4', null);
INSERT INTO `contract_product_c` VALUES ('4028817a3420e78a013421a693820005', '4028817a3420e78a013421a693730001', '2', null, null, null, '5118', 'd2f2ab57-ca50-43ff-87fd-9b6b38d14adc.png', '+	\r\nSWEETS)	\r\n16.4CM	\r\n15X13CM  26.7CM	\r\n1// 4/	\r\n', '1/4', 'SETS', '300', '300', '', '6.00', '4.00', null, '42.00', '42.00', '27.00', null, null, '16.00', '4800.00', null, '75', '3.60', null, null, null, null, null, null, '\0', '14', null);
INSERT INTO `contract_product_c` VALUES ('4028817a3420e78a013421a693820006', '4028817a3420e78a013421a693730001', '4', null, null, null, '4993', '49a9221c-aa5d-42a6-997c-9671c69ebb96.png', ' 	\r\n\r\n11.5X20.3CM	\r\n1/      12/\r\n\r\n130', '1/12', 'PCS', '300', '300', '', '8.00', '6.00', null, '44.00', '29.00', '50.00', null, null, '8.50', '2550.00', null, '25', '1.80', null, null, null, null, null, null, '\0', '1', null);
INSERT INTO `contract_product_c` VALUES ('4028817a3420e78a013421a693820007', '4028817a3420e78a013421a693730001', '2', null, null, null, '5117', '94744a94-9215-425c-8d7c-e6c27b74d47a.png', '+	\r\nSWEETS)	\r\n15X13CM	\r\n16.4X27CM	\r\n1//	\r\n4/	\r\n', '1/4', 'SETS', '300', '300', '', '6.00', '4.00', null, '42.00', '42.00', '37.50', null, null, '17.00', '5100.00', null, '75', '3.85', null, null, null, null, null, null, '\0', '13', null);
INSERT INTO `contract_product_c` VALUES ('4028817a3420e78a013421a693820008', '4028817a3420e78a013421a693730001', '4028817a33d4f8b40133d9989f5e0024', null, null, null, '5086', 'f9c8b767-01c1-47a1-816c-4203c229f765.png', '\r\n12.5X20CM\r\n1/    6/\r\n', '1/6', 'PCS', '300', '300', '', '7.00', '5.00', null, '56.00', '36.00', '24.00', null, null, '13.00', '3900.00', null, '50', '2.50', null, null, null, null, null, null, '\0', '10', null);
INSERT INTO `contract_product_c` VALUES ('4028817a3420e78a013421a693820009', '4028817a3420e78a013421a693730001', '1', null, null, null, '5190', 'b0d362a3-2044-4bb8-ad61-0d6228e94110.png', '\r\n\r\n20X20.5CM\r\n1//\r\n4/\r\n', '1/4', 'SETS', '100', '100', '', '8.00', '6.00', null, '57.00', '56.00', '29.00', null, null, '22.00', '2200.00', null, '25', '6.40', null, null, null, null, null, null, '\0', '16', null);
INSERT INTO `contract_product_c` VALUES ('4028817a3420e78a013421a69382000a', '4028817a3420e78a013421a693730001', '9', null, null, null, '5190', 'de8f61ab-0ce5-4e66-862f-acc66140d77f.png', '\r\n \r\n23X11.5CM\r\n', '1/4', 'PCS', '100', '100', '', null, null, null, null, null, null, null, null, '8.50', '850.00', null, '25', null, null, null, null, null, null, null, '\0', '17', null);
INSERT INTO `contract_product_c` VALUES ('4028817a3420e78a013421a69382000b', '4028817a3420e78a013421a693730001', '4028817a33d4f8b40133d9989f5e0024', null, null, null, '5084', '4afac9ad-6f75-4186-95e2-0f3c992fd0a8.png', '\r\n10X17.5CM\r\n1/    12/\r\n', '1/12', 'PCS', '300', '300', '', '7.00', '5.00', null, '46.00', '31.00', '42.00', null, null, '11.50', '3450.00', null, '25', '2.05', null, null, null, null, null, null, '\0', '8', null);
INSERT INTO `contract_product_c` VALUES ('4028817a3420e78a013421a69382000c', '4028817a3420e78a013421a693730001', '4028817a33d4f8b40133d9989f5e0024', null, null, null, '5085', '11799ce4-7d8a-451b-8838-6b01f804b8ff.png', '\r\n10X17.5CM\r\n1/     12/\r\n', '1/12', 'PCS', '300', '300', '', '7.00', '5.00', null, '46.00', '31.00', '42.00', null, null, '11.50', '3450.00', null, '25', '2.05', null, null, null, null, null, null, '\0', '9', null);
INSERT INTO `contract_product_c` VALUES ('4028817a3420e78a013421a69382000d', '4028817a3420e78a013421a693730001', '7', null, null, null, '5144', '978f44fd-492c-4209-8b4a-6dd58539a14f.png', '\r\n\r\n23X11.5CM\r\n1/      4/\r\n', '1/4', 'PCS', '100', '100', '', '5.50', '3.50', null, '50.00', '26.00', '28.00', null, null, '11.00', '1100.00', null, '25', '2.10', null, null, null, null, null, null, '\0', '15', null);
INSERT INTO `contract_product_c` VALUES ('4028817a3420e78a013421a69382000e', '4028817a3420e78a013421a693730001', '4', null, null, null, '4998', '4c8991c6-227e-4c31-bcf7-539fd002cd12.png', '\r\n,\r\n11.5X30.5CM\r\n1/      6/\r\n\r\n130', '1/6', 'PCS', '300', '300', '', '9.00', '7.00', null, '44.00', '29.00', '38.00', null, null, '10.50', '3150.00', null, '50', '2.20', null, null, null, null, null, null, '\0', '6', null);
INSERT INTO `contract_product_c` VALUES ('4028817a3420e78a013421a69382000f', '4028817a3420e78a013421a693730001', '4028817a33d4f8b40133d9989f5e0024', null, null, null, '5088', '9926bf89-1345-4082-aeeb-a3f94d0dcc40.png', '\r\n12.5X20CM\r\n1/     6/\r\n', '1/6', 'PCS', '300', '300', '', '7.00', '5.00', null, '56.00', '36.00', '24.00', null, null, '13.00', '3900.00', null, '50', '2.50', null, null, null, null, null, null, '\0', '11', null);
INSERT INTO `contract_product_c` VALUES ('4028817a3420e78a013421a693820010', '4028817a3420e78a013421a693730001', '4028817a33d4f8b40133d9989f5e0024', null, null, null, '5089', '22a26221-2c14-4ea4-b972-ebe9df1a27ab.png', '\r\n12.5X20CM\r\n1/    6/\r\n', '1/6', 'PCS', '300', '300', '', '7.00', '5.00', null, '56.00', '36.00', '24.00', null, null, '13.00', '3900.00', null, '50', '2.50', null, null, null, null, null, null, '\0', '12', null);
INSERT INTO `contract_product_c` VALUES ('4028817a3420e78a013421a693920011', '4028817a3420e78a013421a693730001', '4', null, null, null, '4997', 'f62db940-2432-4a7d-946c-22e2ba184d37.png', '\r\n\r\n11.5X30.5CM\r\n1/      6/\r\n\r\n130', '1/6', 'PCS', '300', '300', '', '9.00', '7.00', null, '44.00', '29.00', '38.00', null, null, '10.50', '3150.00', null, '50', '2.20', null, null, null, null, null, null, '\0', '5', null);
INSERT INTO `contract_product_c` VALUES ('4028817a3420e78a013421a693920012', '4028817a3420e78a013421a693730001', '4028817a33d4f8b40133d9989f5e0024', null, null, null, '5083', '65fe2446-a833-483a-ad34-dc5da6a7e28a.png', '\r\n10X17.5CM\r\n1/     12/\r\n', '1/12', 'PCS', '300', '300', '', '7.00', '5.00', null, '46.00', '31.00', '42.00', null, null, '11.50', '3450.00', null, '25', '2.05', null, null, null, null, null, null, '\0', '7', null);
INSERT INTO `contract_product_c` VALUES ('4028817a3420e78a013421d2e3fe0013', '4028817a3420e78a013421a693730001', '4', null, null, null, '5336', '422bfb7c-ad4e-4098-8953-beca57d6259c.png', '	\r\n 	\r\n14.5X20CM	\r\n1/      12/	\r\n130\r\n', '1/12', 'PCS', '300', '300', '', '9.00', '7.00', null, '54.00', '36.00', '49.00', null, null, '8.00', '2400.00', null, '25', '2.05', null, null, null, null, null, null, '\0', '20', null);
INSERT INTO `contract_product_c` VALUES ('4028817a3420e78a013421d2e3fe0014', '4028817a3420e78a013421a693730001', '4', null, null, null, '5331', 'c09ea297-bb5f-47a0-b8a0-0b4419f6e138.png', '\r\n17X23CM\r\n1/      6/\r\n130\r\n', '1/6', 'PCS', '300', '300', '', '8.00', '6.00', null, '66.00', '44.00', '29.00', null, null, '11.50', '3450.00', null, '50', '2.65', null, null, null, null, null, null, '\0', '19', null);
INSERT INTO `contract_product_c` VALUES ('4028817a3420e78a013421d2e3fe0015', '4028817a3420e78a013421a693730001', '9', null, null, null, '5190', 'aa3e7517-3227-41ff-b239-a5a6d5c00939.png', ',\r\n\r\n\r\n', '1/4', 'PCS', '100', '100', '', null, null, null, null, null, null, null, null, '2.40', '240.00', null, '25', null, null, null, null, null, null, null, '\0', '18', null);
INSERT INTO `contract_product_c` VALUES ('4028817a3420e78a013421e2e3c10016', '4028817a3420e78a013421a693730001', '4', null, null, null, '5400', 'f475d46e-733a-4220-8243-98ba76f09ddc.png', '\r\n \r\n17X23CM\r\n1/      6/\r\n\r\n130\r\n', '1/6', 'PCS', '300', '300', '', '8.00', '6.00', null, '66.00', '44.00', '29.00', null, null, '11.50', '3450.00', null, '50', '2.65', null, null, null, null, null, null, '\0', '22', null);
INSERT INTO `contract_product_c` VALUES ('4028817a3420e78a013421e2e3c10017', '4028817a3420e78a013421a693730001', '7', null, null, null, '9749', '3d52357d-71bf-4ac1-b7f0-38b640a2d349.png', '\r\n\r\n:18X9CM\r\n4/        8/\r\n', '4/8', 'PCS', '600', '600', '', '6.50', '4.50', null, '39.00', '20.00', '20.00', null, null, '6.50', '3900.00', null, '75', '1.29', null, null, null, null, null, null, '\0', '28', null);
INSERT INTO `contract_product_c` VALUES ('4028817a3420e78a013421e2e3c10018', '4028817a3420e78a013421a693730001', '2', null, null, null, '8759', 'c5f0d6c6-275f-4fb4-b468-a9be38f85f02.png', '\r\n16.5X40CM\r\n1// 2/\r\n\r\nC/3908/11', '1/2', 'PCS', '600', '600', '', '4.00', '2.00', null, '44.00', '22.00', '45.00', null, null, '15.00', '9000.00', null, '300', '2.85', null, null, null, null, null, null, '\0', '27', null);
INSERT INTO `contract_product_c` VALUES ('4028817a3420e78a013421e2e3c10019', '4028817a3420e78a013421a693730001', '7', null, null, null, '8709', '2720f819-b111-4aeb-b5e8-abc262dc5a7b.png', '\r\n \r\n18X9CM\r\n4/        8/\r\n', '4/8', 'PCS', '600', '600', '', '6.50', '4.50', null, '39.00', '20.00', '20.00', null, null, '6.50', '3900.00', null, '75', '1.29', null, null, null, null, null, null, '\0', '26', null);
INSERT INTO `contract_product_c` VALUES ('4028817a3420e78a013421e2e3c1001a', '4028817a3420e78a013421a693730001', '4', null, null, null, '5337', 'c2ff4999-1ea3-479d-8859-3302bb0e9d77.png', '	\r\n	\r\n14.5X20CM	\r\n1/      12/	\r\n130	\r\n', '1/12', 'PCS', '300', '300', '', '9.00', '7.00', null, '54.00', '36.00', '49.00', null, null, '8.00', '2400.00', null, '25', '2.05', null, null, null, null, null, null, '\0', '21', null);
INSERT INTO `contract_product_c` VALUES ('4028817a3420e78a013421e2e3c1001b', '4028817a3420e78a013421a693730001', '7', null, null, null, '8708', 'cd89d279-e040-4647-a89f-59bfee1d6db9.png', '\r\n \r\n18X9CM\r\n4/        8/\r\n', '4/8', 'PCS', '600', '600', '', '6.50', '4.50', null, '39.00', '20.00', '20.00', null, null, '6.50', '3900.00', null, '75', '1.29', null, null, null, null, null, null, '\0', '25', null);
INSERT INTO `contract_product_c` VALUES ('4028817a3420e78a013421e2e3c1001c', '4028817a3420e78a013421a693730001', '2', null, null, null, '843MA', '6b4da997-ad8c-4101-90cb-1c554c356bb1.png', '	\r\n10CMX10.3CM 3MM	\r\n11.2X31.7CM( 12CM	\r\n3MM  950	\r\n1//   4/	\r\n	\r\nC/3908/11', '1/4', 'PCS', '600', '600', '', '6.00', '4.00', null, '48.00', '47.00', '46.00', null, null, '16.00', '9600.00', null, '150', '3.29', null, null, null, null, null, null, '\0', '23', null);
INSERT INTO `contract_product_c` VALUES ('4028817a3420e78a013421e2e3c1001d', '4028817a3420e78a013421a693730001', '2', null, null, null, '844MA', '19dd24a2-4eb2-4273-a46a-229d28aeee85.png', '\r\n9.3X13.3CM 3MM\r\n10.5X28.4CM()\r\n13CM   3MM\r\n1// 4/\r\n\r\nC/3908/11', '1/4', 'PCS', '600', '600', '', '6.00', '4.00', null, '47.00', '46.00', '46.00', null, null, '16.00', '9600.00', null, '150', '3.29', null, null, null, null, null, null, '\0', '24', null);
INSERT INTO `contract_product_c` VALUES ('4028817a3420e78a013421e53b8c001e', '4028817a3420e78a013421a693730001', '2', null, null, null, '9868', '6bf2fdf5-6d7e-4147-b40c-6eddf95abcd8.png', '\r\n5-1/4\"X17\"H\r\n1// 2/\r\n\r\nC/3908/11', '1/2', 'PCS', '600', '600', '', '4.00', '2.00', null, '44.00', '22.00', '43.00', null, null, '16.00', '9600.00', null, '300', '3.15', null, null, null, null, null, null, '\0', '29', null);
INSERT INTO `contract_product_c` VALUES ('4028817a353b8d8e01353d15008d0047', '4028817a353b8d8e01353d15008d0046', '4028817a33d4f8b40133d9989f5e0024', null, null, null, '5089', '2c991b9e-a14b-4f37-a2ca-5e7d01cba021.jpg', '\r\n:12.5*20 CM H\r\n1/        6/\r\n', '1/6', 'PCS', '204', '204', '', '7.00', '5.00', null, '54.00', '36.00', '24.00', null, null, '13.00', '2652.00', null, '34', '2.50', null, null, null, null, null, null, '\0', '3', null);
INSERT INTO `contract_product_c` VALUES ('4028817a353b8d8e01353d15008d0048', '4028817a353b8d8e01353d15008d0046', '4028817a33d4f8b40133d9989f5e0024', null, null, null, '5094', '7ae1ccaa-426b-4476-bc6a-28258d735fbd.jpg', '  	\r\n15.8X32CM		\r\n1/     6/\r\n', '1/6', 'PCS', '150', '150', '', '7.00', '5.00', null, '54.00', '36.00', '37.00', null, null, '14.50', '2175.00', null, '25', '2.80', null, null, null, null, null, null, '\0', '7', null);
INSERT INTO `contract_product_c` VALUES ('4028817a353b8d8e01353d15008d0049', '4028817a353b8d8e01353d15008d0046', '4028817a33d4f8b40133d9989f5e0024', null, null, null, '5093', '796ec9af-d6bb-4511-a6c6-6d75bcc1f2e3.jpg', ' 	\r\n	\r\n15.8X32CM		\r\n1/     6/\r\n', '1/6', 'PCS', '102', '102', '', '7.00', '5.00', null, '54.00', '36.00', '37.00', null, null, '16.00', '1632.00', null, '17', '3.10', null, null, null, null, null, null, '\0', '6', null);
INSERT INTO `contract_product_c` VALUES ('4028817a353b8d8e01353d15008d004a', '4028817a353b8d8e01353d15008d0046', '7', null, null, null, '5099', '9586c248-7796-4f99-b648-f913e65250f3.jpg', '	\r\n,		\r\n23X11.5CM		\r\n1/      4/\r\n', '1/4', 'PCS', '152', '152', '', '5.50', '3.50', null, '50.00', '26.00', '28.00', null, null, '11.00', '1672.00', null, '38', '2.10', null, null, null, null, null, null, '\0', '10', null);
INSERT INTO `contract_product_c` VALUES ('4028817a353b8d8e01353d15008d004b', '4028817a353b8d8e01353d15008d0046', '7', null, null, null, '5098', 'bb0e509f-ccb0-44f4-8320-df18ff6ac880.jpg', '	\r\n,		\r\n23X11.5CM		\r\n1/      4/\r\n', '1/4', 'PCS', '152', '152', '', '5.50', '3.50', null, '50.00', '26.00', '28.00', null, null, '11.00', '1672.00', null, '38', '2.10', null, null, null, null, null, null, '\0', '9', null);
INSERT INTO `contract_product_c` VALUES ('4028817a353b8d8e01353d15008d004c', '4028817a353b8d8e01353d15008d0046', '4028817a33d4f8b40133d9989f5e0024', null, null, null, '5090', '2ec05114-5c74-4211-b254-4d979218c05e.jpg', ' 	\r\n	\r\n15.8X32CM		\r\n1/     6/\r\n', '1/6', 'PCS', '102', '102', '', '7.00', '5.00', null, '54.00', '36.00', '37.00', null, null, '16.00', '1632.00', null, '17', '3.10', null, null, null, null, null, null, '\0', '4', null);
INSERT INTO `contract_product_c` VALUES ('4028817a353b8d8e01353d15008d004d', '4028817a353b8d8e01353d15008d0046', '4028817a33d4f8b40133d9989f5e0024', null, null, null, '5088', '9488192b-fb0f-4aa5-9e29-86de71d05675.jpg', '\r\n:12.5*20 CM H\r\n1/        6/\r\n', '1/6', 'PCS', '204', '204', '', '7.00', '5.00', null, '54.00', '36.00', '24.00', null, null, '13.00', '2652.00', null, '34', '2.50', null, null, null, null, null, null, '\0', '2', null);
INSERT INTO `contract_product_c` VALUES ('4028817a353b8d8e01353d15008d004e', '4028817a353b8d8e01353d15008d0046', '4028817a33d4f8b40133d9989f5e0024', null, null, null, '5092', '289d254d-0f0d-4671-9376-d04cc36540d2.jpg', ' 	\r\n	\r\n15.8X32CM		\r\n1/     6/\r\n', '1/6', 'PCS', '102', '102', '', '7.00', '5.00', null, '54.00', '36.00', '37.00', null, null, '16.00', '1632.00', null, '17', '3.10', null, null, null, null, null, null, '\0', '5', null);
INSERT INTO `contract_product_c` VALUES ('4028817a353b8d8e01353d15008d004f', '4028817a353b8d8e01353d15008d0046', '4028817a33d4f8b40133d9989f5e0024', null, null, null, '5095', '01349ede-bef9-4168-a346-e109e3111773.jpg', ' 	\r\n15.8X32CM		\r\n1/    6/\r\n', '1/6', 'PCS', '150', '150', '', '7.00', '5.00', null, '54.00', '36.00', '37.00', null, null, '14.00', '2100.00', null, '25', '2.80', null, null, null, null, null, null, '\0', '8', null);
INSERT INTO `contract_product_c` VALUES ('4028817a353b8d8e01353d15008d0050', '4028817a353b8d8e01353d15008d0046', '4028817a33d4f8b40133d9989f5e0024', null, null, null, '5086', '3c77a543-f2f2-4cf3-b173-8ef1d1a1f8be.jpg', '\r\n:12.5*20 CM H\r\n1/        6/\r\n', '1/6', 'PCS', '204', '204', '', '7.00', '5.00', null, '54.00', '36.00', '24.00', null, null, '13.00', '2652.00', null, '34', '2.50', null, null, null, null, null, null, '\0', '1', null);
INSERT INTO `contract_product_c` VALUES ('4028817a353b8d8e01353d32350d0051', '4028817a353b8d8e01353d15008d0046', '2', null, null, null, '5117', 'aec0cd7f-795e-4c5f-b8c5-532b6479c4be.jpg', '+		\r\nSWEETS)	\r\n15X13CM		\r\n16.4X27CM		\r\n1//	\r\n4/			\r\n\r\n', '1/4', 'SETS', '100', '100', '', '6.00', '4.00', null, '42.00', '42.00', '37.50', null, null, '17.00', '1700.00', null, '25', '3.85', null, null, null, null, null, null, '\0', '11', null);
INSERT INTO `contract_product_c` VALUES ('4028817a353b8d8e01353d32350d0052', '4028817a353b8d8e01353d15008d0046', '9', null, null, null, '5191', '5a77aec3-1299-4b75-8ff4-5c7232d0a8c6.jpg', ',		\r\n		\r\n', '1/2', 'PCS', '100', '100', '', null, null, null, null, null, null, null, null, '2.40', '240.00', null, '50', null, null, null, null, null, null, null, '\0', '19', null);
INSERT INTO `contract_product_c` VALUES ('4028817a353b8d8e01353d32350d0053', '4028817a353b8d8e01353d15008d0046', '7', null, null, null, '5144', '91d36961-2e9e-44cc-94ed-44ab4d6a24e4.jpg', '	\r\n		\r\n23X11.5CM		\r\n1/      4/	\r\n', '1/4', 'PCS', '152', '152', '', '5.50', '3.50', null, '50.00', '26.00', '28.00', null, null, '11.00', '1672.00', null, '38', '2.10', null, null, null, null, null, null, '\0', '13', null);
INSERT INTO `contract_product_c` VALUES ('4028817a353b8d8e01353d32350d0054', '4028817a353b8d8e01353d15008d0046', '9', null, null, null, '5191', '06191cc8-a932-4f7a-a951-eabbd4336f13.jpg', '	\r\n29.5X11.5CM		\r\n', '1/2', 'PCS', '100', '100', '', null, null, null, null, null, null, null, null, '10.00', '1000.00', null, '50', null, null, null, null, null, null, null, '\0', '18', null);
INSERT INTO `contract_product_c` VALUES ('4028817a353b8d8e01353d32350d0055', '4028817a353b8d8e01353d15008d0046', '2', null, null, null, '5118', 'b76467e5-21b5-4102-8085-f0d14189e257.jpg', '+		\r\nSWEETS)	\r\n15X13CM 		\r\n16.4X16.5CM\r\n26.7CM		\r\n1//   4/\r\n	\r\n', '1/4', 'SETS', '152', '152', '', '6.00', '4.00', null, '42.00', '42.00', '27.00', null, null, '16.00', '2432.00', null, '38', '3.60', null, null, null, null, null, null, '\0', '12', null);
INSERT INTO `contract_product_c` VALUES ('4028817a353b8d8e01353d32350d0056', '4028817a353b8d8e01353d15008d0046', '9', null, null, null, '5190', '9a6203d7-01b0-4ebe-bc08-d390b5ecd46a.jpg', ',		\r\n		\r\n', '1/4', 'PCS', '100', '100', '', null, null, null, null, null, null, null, null, '2.40', '240.00', null, '25', null, null, null, null, null, null, null, '\0', '16', null);
INSERT INTO `contract_product_c` VALUES ('4028817a353b8d8e01353d32350d0057', '4028817a353b8d8e01353d15008d0046', '4', null, null, null, '5337', 'ecc411bc-b3ce-4175-9e96-17014661c601.jpg', '	\r\n14.5X20CM		\r\n1/      12/	\r\n\r\n', '1/12', 'PCS', '156', '156', '', '9.00', '7.00', null, '54.00', '36.00', '49.00', null, null, '8.00', '1248.00', null, '13', '2.05', null, null, null, null, null, null, '\0', '22', null);
INSERT INTO `contract_product_c` VALUES ('4028817a353b8d8e01353d32350d0058', '4028817a353b8d8e01353d15008d0046', '9', null, null, null, '5190', '9196fdca-db89-42a3-99d8-6a168479344c.jpg', '	\r\n23X11.5CM		\r\n', '1/4', 'PCS', '100', '100', '', null, null, null, null, null, null, null, null, '8.50', '850.00', null, '25', null, null, null, null, null, null, null, '\0', '15', null);
INSERT INTO `contract_product_c` VALUES ('4028817a353b8d8e01353d32350d0059', '4028817a353b8d8e01353d15008d0046', '1', null, null, null, '5190', 'a3c28393-5d85-4ab5-8f9b-c10d8becf945.jpg', '	\r\n\r\n20X20.5CM		\r\n1//		\r\n4/			\r\n\r\n', '1/4', 'PCS', '100', '100', '', '8.00', '6.00', null, '57.00', '56.00', '29.00', null, null, '22.00', '2200.00', null, '25', '6.40', null, null, null, null, null, null, '\0', '14', null);
INSERT INTO `contract_product_c` VALUES ('4028817a353b8d8e01353d32350d005a', '4028817a353b8d8e01353d15008d0046', '4', null, null, null, '5330', '75849bf7-f9a2-4f74-853e-baefef078d93.jpg', '	\r\n14.5X20CM		\r\n1/      12/	\r\n\r\n', '1/12', 'PCS', '156', '156', '', '9.00', '7.00', null, '54.00', '36.00', '49.00', null, null, '8.00', '1248.00', null, '13', '2.05', null, null, null, null, null, null, '\0', '20', null);
INSERT INTO `contract_product_c` VALUES ('4028817a353b8d8e01353d32350d005b', '4028817a353b8d8e01353d15008d0046', '4', null, null, null, '5336', '5fe32315-0fb6-4a84-bb82-61b27ef3a8e3.jpg', '	\r\n14.5X20CM		\r\n1/      12/	\r\n\r\n', '1/12', 'PCS', '156', '156', '', '9.00', '7.00', null, '54.00', '36.00', '49.00', null, null, '8.00', '1248.00', null, '13', '2.05', null, null, null, null, null, null, '\0', '21', null);
INSERT INTO `contract_product_c` VALUES ('4028817a353b8d8e01353d32353c005c', '4028817a353b8d8e01353d15008d0046', '1', null, null, null, '5191', '135fbc3e-1c1d-4188-91e0-6a54cb0e2901.jpg', '	\r\n\r\n26X36CM		\r\n1//		\r\n2/			\r\n\r\n', '1/2', 'PCS', '100', '100', '', '6.50', '4.50', null, '71.00', '36.00', '34.00', null, null, '32.00', '3200.00', null, '50', '8.55', null, null, null, null, null, null, '\0', '17', null);

-- ----------------------------
-- Table structure for contract_product_his_c
-- ----------------------------
DROP TABLE IF EXISTS `contract_product_his_c`;
CREATE TABLE `contract_product_his_c` (
  `CONTRACT_PRODUCT_ID` varchar(40) NOT NULL,
  `CONTRACT_ID` varchar(40) DEFAULT NULL,
  `FACTORY_ID` varchar(40) DEFAULT NULL,
  `EXPORT_LIST_ID` varchar(40) DEFAULT NULL,
  `INVOICE_ID` varchar(40) DEFAULT NULL,
  `PRODUCT_NAME` varchar(200) DEFAULT NULL,
  `PRODUCT_NO` varchar(50) DEFAULT NULL,
  `PRODUCT_IMAGE` varchar(200) DEFAULT NULL,
  `PRODUCT_DESC` varchar(600) DEFAULT NULL,
  `LOADING_RATE` varchar(30) DEFAULT NULL COMMENT 'x/y',
  `PACKING_UNIT` varchar(10) DEFAULT NULL COMMENT 'PCS/SETS',
  `CNUMBER` int(11) DEFAULT NULL,
  `OUT_NUMBER` int(11) DEFAULT NULL,
  `FINISHED` bit(1) DEFAULT NULL,
  `GROSS_WEIGHT` decimal(10,2) DEFAULT NULL,
  `NET_WEIGHT` decimal(10,2) DEFAULT NULL,
  `CSIZE` varchar(20) DEFAULT NULL,
  `SIZE_LENGTH` decimal(10,2) DEFAULT NULL,
  `SIZE_WIDTH` decimal(10,2) DEFAULT NULL,
  `SIZE_HEIGHT` decimal(10,2) DEFAULT NULL,
  `PRODUCT_REQUEST` varchar(2000) DEFAULT NULL,
  `FACTORY_NAME` varchar(200) DEFAULT NULL,
  `PRICE` decimal(10,2) DEFAULT NULL,
  `AMOUNT` decimal(10,2) DEFAULT NULL COMMENT ': x',
  `CUNIT` varchar(10) DEFAULT NULL,
  `BOX_NUM` int(11) DEFAULT NULL,
  `EX_PRICE` decimal(10,2) DEFAULT NULL,
  `EX_AMOUNT` decimal(10,2) DEFAULT NULL,
  `EX_UNIT` varchar(10) DEFAULT NULL COMMENT '$/',
  `NO_TAX` decimal(10,2) DEFAULT NULL COMMENT '',
  `TAX` decimal(10,2) DEFAULT NULL COMMENT '',
  `COST_PRICE` decimal(10,2) DEFAULT NULL COMMENT '=x/1.17',
  `COST_TAX` decimal(10,2) DEFAULT NULL COMMENT '=x-',
  `ACCESSORIES` bit(1) DEFAULT NULL,
  `ORDER_NO` int(11) DEFAULT NULL,
  PRIMARY KEY (`CONTRACT_PRODUCT_ID`),
  KEY `FK_Reference_2` (`CONTRACT_ID`),
  CONSTRAINT `FK_Reference_2` FOREIGN KEY (`CONTRACT_ID`) REFERENCES `contract_his_c` (`CONTRACT_ID`)
) ENGINE=InnoDB DEFAULT CHARSET=utf8;

-- ----------------------------
-- Records of contract_product_his_c
-- ----------------------------
INSERT INTO `contract_product_his_c` VALUES ('4028817a3357462e0133591b86ec0003', '4028817a3357462e0133591b86ec0002', '2', null, null, null, '2965', '08.png', '\r\n16X40CM  11CM\r\n1500/\r\n1//   6/', '1/6', 'PCS', '144', '0', '\0', null, null, null, null, null, null, null, null, '17.00', '2448.00', null, '24', null, null, null, null, null, null, null, '\0', '2');
INSERT INTO `contract_product_his_c` VALUES ('4028817a3357462e0133591b86ec0004', '4028817a3357462e0133591b86ec0002', '2', null, null, null, '2964', '05.png', '\r\n19X48CM  13.5CM\r\n1600/\r\n1//    4/', '1/4', 'PCS', '144', '0', '\0', null, null, null, null, null, null, null, null, '24.00', '3456.00', null, '36', null, null, null, null, null, null, null, '\0', '1');
INSERT INTO `contract_product_his_c` VALUES ('4028817a3357462e0133592355750005', '4028817a3357462e0133591b86ec0002', '2', null, null, null, '2977', '06.png', '\r\n16X36CM    12CM\r\n22CM    1200/\r\n1//     2/', '1/2', 'PCS', '144', '0', '\0', null, null, null, null, null, null, null, null, '17.00', '2448.00', null, '72', null, null, null, null, null, null, null, '\0', '4');
INSERT INTO `contract_product_his_c` VALUES ('4028817a3357462e0133592355750006', '4028817a3357462e0133591b86ec0002', '2', null, null, null, '2976', '07.png', '\r\n17.5X41CM   13CM\r\n1800/\r\n1//     4/', '1/4', 'PCS', '144', '0', '\0', null, null, null, null, null, null, null, null, '17.00', '2448.00', null, '36', null, null, null, null, null, null, null, '\0', '3');
INSERT INTO `contract_product_his_c` VALUES ('4028817a3357462e01336cc0879b0011', '4028817a3357462e01336cc0877b0010', '3', null, null, null, 'JK1700011', '05702b8f-6bda-4bca-9c4d-f15c18f279eb.png', '\r\n7.3X8CM   6X5CM\r\n1/       6/       24/', '24', 'SETS', '504', '0', '\0', null, null, null, null, null, null, null, null, '4.60', '2318.40', null, '21', null, null, null, null, null, null, null, '\0', '1');
INSERT INTO `contract_product_his_c` VALUES ('4028817a3357462e01336d3a0be10015', '4028817a3357462e01336d3a0be10014', '7', null, null, null, 'JK1014003', '699176d9-c242-42d2-8661-9ce712bba97a.png', '\r\n27CM\r\n2/        16/\r\n', '2/16', 'PCS', '1200', '0', '\0', null, null, null, null, null, null, null, null, '7.50', '9000.00', null, '75', null, null, null, null, null, null, null, '\0', '3');
INSERT INTO `contract_product_his_c` VALUES ('4028817a3357462e01336d3a0be10016', '4028817a3357462e01336d3a0be10014', '1', null, null, null, 'JK1014001', 'a2ffd39f-18d5-4a6b-89a2-bc91df4926f5.png', '\r\n23X11CM\r\n1/                4/\r\n', '1/4', 'PCS', '1000', '0', '\0', null, null, null, null, null, null, null, null, '16.50', '16500.00', null, '250', null, null, null, null, null, null, null, '\0', '2');
INSERT INTO `contract_product_his_c` VALUES ('4028817a3357462e01336d3a0be10017', '4028817a3357462e01336d3a0be10014', '1', null, null, null, 'JK1014006', 'edc6f494-cc9f-41f2-a04c-edff659df1af.png', '6\r\n7.3X10.5CM\r\n6/         24/\r\n6', '6/24', 'PCS', '1800', '0', '\0', null, null, null, null, null, null, null, null, '5.30', '9540.00', null, '75', null, null, null, null, null, null, null, '\0', '5');
INSERT INTO `contract_product_his_c` VALUES ('4028817a3357462e01336d3a0be10018', '4028817a3357462e01336d3a0be10014', '1', null, null, null, 'JK1014005', '9ed4ab1e-d425-4b8d-beb3-1fa6dc63d1df.png', '\r\n7.3X10.5CM\r\n4/       24/\r\n', '4/24', 'PCS', '1800', '0', '\0', null, null, null, null, null, null, null, null, '5.30', '9540.00', null, '75', null, null, null, null, null, null, null, '\0', '4');
INSERT INTO `contract_product_his_c` VALUES ('4028817a3357462e01336d3a0be10019', '4028817a3357462e01336d3a0be10014', '1', null, null, null, 'JK1080766-3', '21b5e24a-a58a-4a58-a705-1595faeec581.png', '3\r\n7.3X10.5CM \r\n3/            24/\r\n6003\r\n', '3/24', 'PCS', '1800', '0', '\0', null, null, null, null, null, null, null, null, '5.30', '9540.00', null, '75', null, null, null, null, null, null, null, '\0', '1');
INSERT INTO `contract_product_his_c` VALUES ('4028817a3357462e01336d523195001b', '4028817a3357462e01336d523195001a', '7', null, null, null, '8708/6203', '1bab511c-4f4c-4de7-8b65-4ccdcd00a569.png', '\r\n18CM\r\n4/           8/\r\n', '4/8', 'PCS', '600', '0', '\0', null, null, null, null, null, null, null, null, '6.50', '3900.00', null, '75', null, null, null, null, null, null, null, '\0', '1');
INSERT INTO `contract_product_his_c` VALUES ('4028817a3357462e01336d5e8a59001c', '4028817a3357462e01336d523195001a', '7', null, null, null, '9749/6525', '143a4aa8-894d-4226-a461-eac712567360.png', '\r\n18CM\r\n4/            8/\r\n\r\n', '4/8', 'PCS', '600', '0', '\0', null, null, null, null, null, null, null, null, '6.50', '3900.00', null, '75', null, null, null, null, null, null, null, '\0', '6');
INSERT INTO `contract_product_his_c` VALUES ('4028817a3357462e01336d5e8a59001d', '4028817a3357462e01336d523195001a', '7', null, null, null, '9226/6116', 'fcf3f5a9-a405-4f33-abb9-f317c60f1453.png', '\r\n31CM\r\n4/             8/\r\n\r\n', '4/8', 'PCS', '408', '0', '\0', null, null, null, null, null, null, null, null, '11.00', '4488.00', null, '51', null, null, null, null, null, null, null, '\0', '3');
INSERT INTO `contract_product_his_c` VALUES ('4028817a3357462e01336d5e8a59001e', '4028817a3357462e01336d523195001a', '7', null, null, null, '9748/6115', '657ac46a-bd23-4a2d-9abe-c552a8fc3727.png', '\r\n31CM\r\n4/            8/\r\n\r\n', '4/8', 'PCS', '408', '0', '\0', null, null, null, null, null, null, null, null, '11.00', '4488.00', null, '51', null, null, null, null, null, null, null, '\0', '5');
INSERT INTO `contract_product_his_c` VALUES ('4028817a3357462e01336d5e8a59001f', '4028817a3357462e01336d523195001a', '7', null, null, null, '9956/6308', '1ca7fc1c-aad2-4f1e-8c3b-9a1009e22c04.png', '\r\n31CM\r\n4/            8/\r\n\r\n', '4/8', 'PCS', '408', '0', '\0', null, null, null, null, null, null, null, null, '11.50', '4692.00', null, '51', null, null, null, null, null, null, null, '\0', '9');
INSERT INTO `contract_product_his_c` VALUES ('4028817a3357462e01336d5e8a590020', '4028817a3357462e01336d523195001a', '7', null, null, null, '9954/6309', '1e15e517-af2a-45c9-8c1e-1f1b592f5f79.png', '\r\n31CM\r\n4/            8/\r\n\r\n', '4/8', 'PCS', '408', '0', '\0', null, null, null, null, null, null, null, null, '11.50', '4692.00', null, '51', null, null, null, null, null, null, null, '\0', '7');
INSERT INTO `contract_product_his_c` VALUES ('4028817a3357462e01336d5e8a590021', '4028817a3357462e01336d523195001a', '7', null, null, null, '8709/6204', '1a6770a7-033c-4b98-9e2a-60cd2a5081c3.png', '\r\n18CM\r\n4/          8/\r\n', '4/8', 'PCS', '600', '0', '\0', null, null, null, null, null, null, null, null, '6.50', '3900.00', null, '75', null, null, null, null, null, null, null, '\0', '2');
INSERT INTO `contract_product_his_c` VALUES ('4028817a3357462e01336d5e8a590022', '4028817a3357462e01336d523195001a', '7', null, null, null, '9955/6105', '15c6d6ad-3608-4d73-83f3-23f605123b90.png', '\r\n31CM\r\n4/            8/\r\n\r\n', '4/8', 'PCS', '408', '0', '\0', null, null, null, null, null, null, null, null, '11.50', '4692.00', null, '51', null, null, null, null, null, null, null, '\0', '8');
INSERT INTO `contract_product_his_c` VALUES ('4028817a3357462e01336d5e8a590023', '4028817a3357462e01336d523195001a', '7', null, null, null, '9227/6092', '0ffed7a5-6fd6-4b36-9387-7108bb408fdf.png', '\r\n30CM\r\n4/            8/\r\n\r\n', '4/8', 'PCS', '408', '0', '\0', null, null, null, null, null, null, null, null, '11.00', '4488.00', null, '51', null, null, null, null, null, null, null, '\0', '4');
INSERT INTO `contract_product_his_c` VALUES ('4028817a33812ffd0133813f25a30002', '4028817a33812ffd0133813f25940001', '4', null, null, null, '4993', '22.png', ' \r\n\r\n11.5X20.3CM\r\n1/      12/\r\n', '1/12', 'PCS', '300', '0', '\0', null, null, null, null, null, null, null, null, '8.50', '2550.00', null, '25', null, null, null, null, null, null, null, '\0', '1');
INSERT INTO `contract_product_his_c` VALUES ('4028817a33812ffd0133813f25a30003', '4028817a33812ffd0133813f25940001', '4', null, null, null, '4994', '23.png', '\r\n\r\n11.5X20.3CM\r\n1/     12/\r\n', '1/12', 'PCS', '300', '0', '\0', null, null, null, null, null, null, null, null, '8.50', '2550.00', null, '25', null, null, null, null, null, null, null, '\0', '2');
INSERT INTO `contract_product_his_c` VALUES ('4028817a33812ffd0133813f25a30004', '4028817a33812ffd0133813f25940001', '4', null, null, null, '4995', '24.png', '\r\n\r\n11.5X20.3CM\r\n1/      12/\r\n', '1/12', 'PCS', '300', '0', '\0', null, null, null, null, null, null, null, null, '8.50', '2550.00', null, '25', null, null, null, null, null, null, null, '\0', '3');
INSERT INTO `contract_product_his_c` VALUES ('4028817a33812ffd0133816aacc40005', '4028817a33812ffd0133813f25940001', '2', null, null, null, '9868', '01.png', '\r\n16X40CM\r\n1//  2/\r\n\r\n', '1/2', 'PCS', '600', '0', '\0', null, null, null, null, null, null, null, null, '16.00', '9600.00', null, '300', null, null, null, null, null, null, null, '\0', '27');
INSERT INTO `contract_product_his_c` VALUES ('4028817a33812ffd0133816aacc40006', '4028817a33812ffd0133813f25940001', '7', null, null, null, '5099', '14.png', '\r\n\r\n23X11.5CM\r\n1/     4/', '1/4', 'PCS', '300', '0', '\0', null, null, null, null, null, null, null, null, '11.00', '3300.00', null, '75', null, null, null, null, null, null, null, '\0', '9');
INSERT INTO `contract_product_his_c` VALUES ('4028817a33812ffd0133816aacc40007', '4028817a33812ffd0133813f25940001', '4028817a33d4f8b40133d9989f5e0024', null, null, null, '5094', '20.png', '  \r\n15.8X32CM\r\n1/     6/', '1/6', 'PCS', '300', '0', '\0', null, null, null, null, null, null, null, null, '14.50', '4350.00', null, '50', null, null, null, null, null, null, null, '\0', '7');
INSERT INTO `contract_product_his_c` VALUES ('4028817a33812ffd0133816aacc40008', '4028817a33812ffd0133813f25940001', '2', null, null, null, '5189', '02.png', '\r\n\r\n20X35CM\r\n1//  4/\r\n', '1/4', 'PCS', '300', '0', '\0', null, null, null, null, null, null, null, null, '14.00', '4200.00', null, '75', null, null, null, null, null, null, null, '\0', '12');
INSERT INTO `contract_product_his_c` VALUES ('4028817a33812ffd0133816aacc40009', '4028817a33812ffd0133813f25940001', '4', null, null, null, '5331', '25.png', '\r\n\r\n17X23CM\r\n1/      6/\r\n', '1/6', 'PCS', '300', '0', '\0', null, null, null, null, null, null, null, null, '11.50', '3450.00', null, '50', null, null, null, null, null, null, null, '\0', '13');
INSERT INTO `contract_product_his_c` VALUES ('4028817a33812ffd0133816aacc4000a', '4028817a33812ffd0133813f25940001', '4028817a33d4f8b40133d9989f5e0024', null, null, null, '5095', '21.png', ' \r\n15.8X32CM\r\n1/    6/', '1/6', 'PCS', '300', '0', '\0', null, null, null, null, null, null, null, null, '14.00', '4200.00', null, '50', null, null, null, null, null, null, null, '\0', '8');
INSERT INTO `contract_product_his_c` VALUES ('4028817a33812ffd0133816aacd4000b', '4028817a33812ffd0133813f25940001', '2', null, null, null, '843MA', '03.png', '	\r\n10CMX10.3CM 3MM	\r\n11.2X31.7CM( 12CM	\r\n3MM  950	\r\n1//   4/	\r\n	\r\n', '1/4', 'PCS', '600', '0', '\0', null, null, null, null, null, null, null, null, '16.00', '9600.00', null, '150', null, null, null, null, null, null, null, '\0', '21');
INSERT INTO `contract_product_his_c` VALUES ('4028817a33812ffd0133816aacd4000c', '4028817a33812ffd0133813f25940001', '4', null, null, null, '4997', '27.png', '	\r\n	\r\n11.5X30.5CM	\r\n1/      6/	\r\n', '1/6', 'PCS', '300', '0', '\0', null, null, null, null, null, null, null, null, '10.50', '3150.00', null, '50', null, null, null, null, null, null, null, '\0', '5');
INSERT INTO `contract_product_his_c` VALUES ('4028817a33812ffd0133816aacd4000d', '4028817a33812ffd0133813f25940001', '4', null, null, null, '4996', '26.png', '\r\n\r\n11.5X30.5CM\r\n1/      6/\r\n', '1/6', 'PCS', '300', '0', '\0', null, null, null, null, null, null, null, null, '10.50', '3150.00', null, '50', null, null, null, null, null, null, null, '\0', '4');
INSERT INTO `contract_product_his_c` VALUES ('4028817a33812ffd0133816aacd4000e', '4028817a33812ffd0133813f25940001', '2', null, null, null, '600MA', '05.png', '+,\r\n17.5X15.5CM\r\n19.2X18CM\r\n1//   4/\r\n', '1/4', 'SETS', '600', '0', '\0', null, null, null, null, null, null, null, null, '18.00', '10800.00', null, '150', null, null, null, null, null, null, null, '\0', '17');
INSERT INTO `contract_product_his_c` VALUES ('4028817a33812ffd0133816aacd4000f', '4028817a33812ffd0133813f25940001', '2', null, null, null, '602MA', '06.png', '+,\r\n17.5X15.5CM\r\n19.2X28CM\r\n1//  2/\r\n\r\n', '1/2', 'SETS', '600', '0', '\0', null, null, null, null, null, null, null, null, '19.00', '11400.00', null, '300', null, null, null, null, null, null, null, '\0', '18');
INSERT INTO `contract_product_his_c` VALUES ('4028817a33812ffd0133816aacd40010', '4028817a33812ffd0133813f25940001', '2', null, null, null, '8759', '07.png', '\r\n16.5X40CM\r\n1//  2/\r\n\r\n', '1/2', 'PCS', '600', '0', '\0', null, null, null, null, null, null, null, null, '15.00', '9000.00', null, '300', null, null, null, null, null, null, null, '\0', '25');
INSERT INTO `contract_product_his_c` VALUES ('4028817a33812ffd0133816aacd40011', '4028817a33812ffd0133813f25940001', '2', null, null, null, '6998', '04.png', '+ \r\n\r\n6-1/2\" X 12-1/2\" CM H\r\n1//  4/\r\n\r\n\r\n1225', '1/4', 'SETS', '300', '0', '\0', null, null, null, null, null, null, null, null, '19.00', '5700.00', null, '75', null, null, null, null, null, null, null, '\0', '20');
INSERT INTO `contract_product_his_c` VALUES ('4028817a33812ffd0133816aacd40012', '4028817a33812ffd0133813f25940001', '2', null, null, null, '5118', '08.png', '+\r\nSWEETS)\r\n16.4CM\r\n15X13CM  26.7CM\r\n1// 4/\r\n', '1/4', 'SETS', '300', '0', '\0', null, null, null, null, null, null, null, null, '16.00', '4800.00', null, '75', null, null, null, null, null, null, null, '\0', '11');
INSERT INTO `contract_product_his_c` VALUES ('4028817a33812ffd0133816aacd40013', '4028817a33812ffd0133813f25940001', '7', null, null, null, '8708', '15.png', '\r\n18CX9CM\r\n4/           8/ \r\n', '1/8', 'PCS', '600', '0', '\0', null, null, null, null, null, null, null, null, '6.50', '3900.00', null, '75', null, null, null, null, null, null, null, '\0', '23');
INSERT INTO `contract_product_his_c` VALUES ('4028817a33812ffd0133816aacd40014', '4028817a33812ffd0133813f25940001', '4', null, null, null, '5336', '29.png', '	\r\n 	\r\n14.5X20CM	\r\n1/      12/	\r\n', '1/12', 'PCS', '300', '0', '\0', null, null, null, null, null, null, null, null, '8.00', '2400.00', null, '25', null, null, null, null, null, null, null, '\0', '14');
INSERT INTO `contract_product_his_c` VALUES ('4028817a33812ffd0133816aacd40015', '4028817a33812ffd0133813f25940001', '4', null, null, null, '5337', '28.png', '\r\n\r\n14.5X20CM\r\n1/      12/\r\n', '1/12', 'PCS', '300', '0', '\0', null, null, null, null, null, null, null, null, '8.00', '2400.00', null, '25', null, null, null, null, null, null, null, '\0', '15');
INSERT INTO `contract_product_his_c` VALUES ('4028817a33812ffd0133816aacd40016', '4028817a33812ffd0133813f25940001', '2', null, null, null, '603MA', '09.png', '+,\r\n17.5X15.5CM\r\n19.2X38CM\r\nC/1440/11\r\n1//  2/\r\n', '1/2', 'SETS', '600', '0', '\0', null, null, null, null, null, null, null, null, '20.00', '12000.00', null, '300', null, null, null, null, null, null, null, '\0', '19');
INSERT INTO `contract_product_his_c` VALUES ('4028817a33812ffd0133816aacd40017', '4028817a33812ffd0133813f25940001', '2', null, null, null, '5117', '10.png', '+\r\nSWEETS)\r\n15X13CM\r\n16.4X27CM\r\n1//\r\n4/\r\n', '1/4', 'SETS', '300', '0', '\0', null, null, null, null, null, null, null, null, '17.00', '5100.00', null, '75', null, null, null, null, null, null, null, '\0', '10');
INSERT INTO `contract_product_his_c` VALUES ('4028817a33812ffd0133816aacd40018', '4028817a33812ffd0133813f25940001', '4', null, null, null, '5400', '31.png', '\r\n \r\n17X23CM\r\n1/      6/\r\n', '1/6', 'PCS', '300', '0', '\0', null, null, null, null, null, null, null, null, '11.50', '3450.00', null, '50', null, null, null, null, null, null, null, '\0', '16');
INSERT INTO `contract_product_his_c` VALUES ('4028817a33812ffd0133816aacd40019', '4028817a33812ffd0133813f25940001', '4', null, null, null, '4998', '30.png', '\r\n\r\n11.5X30.5CM\r\n1/      6/\r\n', '1/6', 'PCS', '300', '0', '\0', null, null, null, null, null, null, null, null, '10.50', '3150.00', null, '50', null, null, null, null, null, null, null, '\0', '6');
INSERT INTO `contract_product_his_c` VALUES ('4028817a33812ffd0133816aacd4001a', '4028817a33812ffd0133813f25940001', '2', null, null, null, '8760', '11.png', '\r\n16.5X51CM\r\n\r\n1//  2/\r\n', '1/2', 'PCS', '600', '0', '\0', null, null, null, null, null, null, null, null, '16.00', '9600.00', null, '300', null, null, null, null, null, null, null, '\0', '26');
INSERT INTO `contract_product_his_c` VALUES ('4028817a33812ffd0133816aacd4001b', '4028817a33812ffd0133813f25940001', '2', null, null, null, '844MA', '12.png', '\r\n9.3X13.3CM 3MM\r\n10.5X28.4CM()\r\n13CM   3MM\r\n1// 4/\r\n', '1/4', 'PCS', '600', '0', '\0', null, null, null, null, null, null, null, null, '16.00', '9600.00', null, '150', null, null, null, null, null, null, null, '\0', '22');
INSERT INTO `contract_product_his_c` VALUES ('4028817a33812ffd0133816aacd4001c', '4028817a33812ffd0133813f25940001', '2', null, null, null, '9869', '13.png', '\r\n19X40CM\r\n1//  2/\r\n \r\n', '1/2', 'PCS', '600', '0', '\0', null, null, null, null, null, null, null, null, '16.00', '9600.00', null, '300', null, null, null, null, null, null, null, '\0', '28');
INSERT INTO `contract_product_his_c` VALUES ('4028817a33812ffd0133816aacd4001d', '4028817a33812ffd0133813f25940001', '7', null, null, null, '8709', '16.png', '\r\n18CMX9CM\r\n4/          8/', '1/8', 'PCS', '600', '0', '\0', null, null, null, null, null, null, null, null, '6.50', '3900.00', null, '75', null, null, null, null, null, null, null, '\0', '24');
INSERT INTO `contract_product_his_c` VALUES ('4028817a33812ffd013382048ff80025', '4028817a33812ffd013382048ff80024', '1', null, null, null, '20-37-264/JK1051087', 'ef1348ed-d11c-4acf-ae57-4a0600e4ff0f.png', '+\r\n\r\n12.3X22.5CM\r\n1/       12/', '1/12', 'SETS', '1200', '0', '\0', null, null, null, null, null, null, null, null, '9.50', '11400.00', null, '100', null, null, null, null, null, null, null, '\0', '1');
INSERT INTO `contract_product_his_c` VALUES ('4028817a33812ffd013382048ff80026', '4028817a33812ffd013382048ff80024', '1', null, null, null, '20-37-265/JK1050163', 'e96667ee-d5e9-43d1-bac0-758593c56629.png', '+\r\n\r\n13.5X29.5CM\r\n1/       6/', '1/6', 'SETS', '1200', '0', '\0', null, null, null, null, null, null, null, null, '11.00', '13200.00', null, '200', null, null, null, null, null, null, null, '\0', '2');
INSERT INTO `contract_product_his_c` VALUES ('4028817a33812ffd013382048ff80027', '4028817a33812ffd013382048ff80024', '1', null, null, null, '20-37-266/JK1050164', '6b8d7276-1de9-40d8-9cf8-dabc7a8d853d.png', '+\r\n\r\n14.5X33CM\r\n1/       6/', '1/6', 'SETS', '1200', '0', '\0', null, null, null, null, null, null, null, null, '13.00', '15600.00', null, '200', null, null, null, null, null, null, null, '\0', '3');
INSERT INTO `contract_product_his_c` VALUES ('4028817a33812ffd0133821a8eb5002c', '4028817a33812ffd0133821a8eb5002b', '1', null, null, null, 'JK110102', 'e4df38d5-f0d9-4f91-99c6-240addaa36a3.png', '\r\n\r\n26X36CM\r\n1//\r\n2/\r\n', '1/2', 'SETS', '150', '0', '\0', null, null, null, null, null, null, null, null, '32.00', '4800.00', null, '75', null, null, null, null, null, null, null, '\0', '2');
INSERT INTO `contract_product_his_c` VALUES ('4028817a33812ffd0133821a8eb5002d', '4028817a33812ffd0133821a8eb5002b', '1', null, null, null, 'JK110101', 'bfd61df4-61b5-492c-b11c-7d19b63f5cf1.png', '\r\n\r\n20X20.5CM\r\n1//\r\n4/\r\n', '1/4', 'SETS', '152', '0', '\0', null, null, null, null, null, null, null, null, '22.00', '3344.00', null, '38', null, null, null, null, null, null, null, '\0', '1');
INSERT INTO `contract_product_his_c` VALUES ('4028817a33d4f8b40133d9878e88000e', '4028817a33d4f8b40133d9878e88000d', '13', null, null, null, 'JK1060019/11990', 'undefined', '\r\n9X10.5CM\r\n4/            24/', '4/24', 'PCS', '696', '0', '\0', null, null, null, null, null, null, null, null, '5.00', '3480.00', null, '29', null, null, null, null, null, null, null, '\0', '6');
INSERT INTO `contract_product_his_c` VALUES ('4028817a33d4f8b40133d9878e88000f', '4028817a33d4f8b40133d9878e88000d', '13', null, null, null, 'JK103134/11989', 'undefined', '\r\n9X21CM\r\n4/            16/', '4/16', 'PCS', '832', '0', '\0', null, null, null, null, null, null, null, null, '6.00', '4992.00', null, '52', null, null, null, null, null, null, null, '\0', '7');
INSERT INTO `contract_product_his_c` VALUES ('4028817a33d4f8b40133d9878e880010', '4028817a33d4f8b40133d9878e88000d', '1', null, null, null, 'JK1050152/11306', 'undefined', '1CM\r\n7X26CM\r\n4/           16/', '4/16', 'PCS', '608', '0', '\0', null, null, null, null, null, null, null, null, '8.50', '5168.00', null, '38', null, null, null, null, null, null, null, '\0', '1');
INSERT INTO `contract_product_his_c` VALUES ('4028817a33d4f8b40133d9878e880011', '4028817a33d4f8b40133d9878e88000d', '2', null, null, null, 'JK103233/11301', 'undefined', '\r\n11X30.5CM\r\n1/        12/', '1/12', 'PCS', '12', '0', '\0', null, null, null, null, null, null, null, null, '18.00', '216.00', null, '12', null, null, null, null, null, null, null, '\0', '11');
INSERT INTO `contract_product_his_c` VALUES ('4028817a33d4f8b40133d9878e880012', '4028817a33d4f8b40133d9878e88000d', '1', null, null, null, 'JK1050068/11314', 'undefined', '1CM\r\n12X19CM\r\n4/           16/', '4/16', 'PCS', '608', '0', '\0', null, null, null, null, null, null, null, null, '11.20', '6809.60', null, '38', null, null, null, null, null, null, null, '\0', '3');
INSERT INTO `contract_product_his_c` VALUES ('4028817a33d4f8b40133d9878e880013', '4028817a33d4f8b40133d9878e88000d', '2', null, null, null, 'JK1050317/12006', 'undefined', '\r\n10.5X14CM\r\n1/          12/', '1/12', 'PCS', '168', '0', '\0', null, null, null, null, null, null, null, null, '9.50', '1596.00', null, '14', null, null, null, null, null, null, null, '\0', '9');
INSERT INTO `contract_product_his_c` VALUES ('4028817a33d4f8b40133d9878e880014', '4028817a33d4f8b40133d9878e88000d', '2', null, null, null, 'JK169340/13076', 'undefined', '\r\n25X26CM\r\n1//    2/\r\n', '1/2', 'SETS', '464', '0', '\0', null, null, null, null, null, null, null, null, '36.00', '16704.00', null, '232', null, null, null, null, null, null, null, '\0', '8');
INSERT INTO `contract_product_his_c` VALUES ('4028817a33d4f8b40133d9878e880015', '4028817a33d4f8b40133d9878e88000d', '2', null, null, null, 'JK1050316/12005', 'undefined', '\r\n15X15CM\r\n1/        6/', '1/6', 'PCS', '162', '0', '\0', null, null, null, null, null, null, null, null, '12.50', '2025.00', null, '27', null, null, null, null, null, null, null, '\0', '10');
INSERT INTO `contract_product_his_c` VALUES ('4028817a33d4f8b40133d9878e880016', '4028817a33d4f8b40133d9878e88000d', '2', null, null, null, 'JK1050201/12078', 'undefined', '\r\n15X11.5CM\r\n16X13CM\r\n22CM\r\n1//     6/', '1/6', 'SETS', '204', '0', '\0', null, null, null, null, null, null, null, null, '18.00', '3672.00', null, '34', null, null, null, null, null, null, null, '\0', '4');
INSERT INTO `contract_product_his_c` VALUES ('4028817a33d4f8b40133d9878e880017', '4028817a33d4f8b40133d9878e88000d', '1', null, null, null, 'JK1050154/11308', 'undefined', '1CM\r\n5X29CM\r\n4/           16/', '4/16', 'PCS', '704', '0', '\0', null, null, null, null, null, null, null, null, '7.50', '5280.00', null, '44', null, null, null, null, null, null, null, '\0', '2');
INSERT INTO `contract_product_his_c` VALUES ('4028817a33d4f8b40133d9878e880018', '4028817a33d4f8b40133d9878e88000d', '13', null, null, null, 'JK103136/11988', 'undefined', '5MM\r\n9X17.5CM\r\n4/            16/', '4/16', 'PCS', '928', '0', '\0', null, null, null, null, null, null, null, null, '6.30', '5846.40', null, '58', null, null, null, null, null, null, null, '\0', '5');
INSERT INTO `contract_product_his_c` VALUES ('4028817a33f7960d0133f8d912ba0005', '4028817a33812ffd0133821a8eb5002b', '9', null, null, null, 'JK110102', '', '\r\n29.5X11.5CM\r\n', '1/2', 'PCS', '150', '0', '\0', null, null, null, null, null, null, null, null, '10.00', '1500.00', null, '38', null, null, null, null, null, null, null, '\0', '3');
INSERT INTO `contract_product_his_c` VALUES ('4028817a33f7960d0133f8d912ba0006', '4028817a33812ffd0133821a8eb5002b', '9', null, null, null, 'JK110101', '', '\r\n23X11.5CM\r\n', '1/4', 'PCS', '152', '0', '\0', null, null, null, null, null, null, null, null, '8.50', '1292.00', null, '38', null, null, null, null, null, null, null, '\0', '4');
INSERT INTO `contract_product_his_c` VALUES ('4028817a33fc4e280133fdb370c00034', '4028817a33812ffd0133813f25940001', '7', null, null, null, '9749', '17.png', '\r\n18X9CM\r\n4/             8/', '4/8', 'PCS', '304', '0', '\0', null, null, null, null, null, null, null, null, '6.50', '1976.00', null, '38', null, null, null, null, null, null, null, '\0', '29');
INSERT INTO `contract_product_his_c` VALUES ('4028817a33fc4e280133fdb370cf0035', '4028817a33812ffd0133813f25940001', '7', null, null, null, '9749', '18.png', '\r\n18X9CM\r\n4/             8/', '4/8', 'PCS', '304', '0', '\0', null, null, null, null, null, null, null, null, '6.50', '1976.00', null, '38', null, null, null, null, null, null, null, '\0', '30');
INSERT INTO `contract_product_his_c` VALUES ('4028817a33fc4e280133fdb370df0036', '4028817a33812ffd0133813f25940001', '7', null, null, null, '9749', '19.png', '\r\n18X9CM\r\n4/             8/', '4/8', 'PCS', '304', '0', '\0', null, null, null, null, null, null, null, null, '6.50', '1976.00', null, '38', null, null, null, null, null, null, null, '\0', '31');
INSERT INTO `contract_product_his_c` VALUES ('4028817a3420e78a013421a693820002', '4028817a3420e78a013421a693730001', '4', null, null, null, '4995', 'c7801815-993e-43f0-8ac5-d5d788f34e74.png', '\r\n\r\n11.5X20.3CM\r\n1/      12/\r\n\r\n130', '1/12', 'PCS', '300', '300', '', '8.00', '6.00', null, '44.00', '29.00', '50.00', null, null, '8.50', '2550.00', null, '25', '1.80', null, null, null, null, null, null, '\0', '3');
INSERT INTO `contract_product_his_c` VALUES ('4028817a3420e78a013421a693820003', '4028817a3420e78a013421a693730001', '4', null, null, null, '4994', 'ae3e208e-8037-41dc-89d3-6727d1403c4c.png', '\r\n,\r\n11.5X20.3CM\r\n1/     12/\r\n\r\n130', '1/12', 'PCS', '300', '300', '', '8.00', '6.00', null, '44.00', '29.00', '50.00', null, null, '8.50', '2550.00', null, '25', '1.80', null, null, null, null, null, null, '\0', '2');
INSERT INTO `contract_product_his_c` VALUES ('4028817a3420e78a013421a693820004', '4028817a3420e78a013421a693730001', '4', null, null, null, '4996', '09b2983e-67b1-4f42-b6ec-0efa99b90cae.png', '\r\n\r\n11.5X30.5CM\r\n1/      6/\r\n\r\n130', '1/6', 'PCS', '300', '300', '', '9.00', '7.00', null, '44.00', '29.00', '38.00', null, null, '10.50', '3150.00', null, '50', '2.20', null, null, null, null, null, null, '\0', '4');
INSERT INTO `contract_product_his_c` VALUES ('4028817a3420e78a013421a693820005', '4028817a3420e78a013421a693730001', '2', null, null, null, '5118', 'd2f2ab57-ca50-43ff-87fd-9b6b38d14adc.png', '+	\r\nSWEETS)	\r\n16.4CM	\r\n15X13CM  26.7CM	\r\n1// 4/	\r\n', '1/4', 'SETS', '300', '300', '', '6.00', '4.00', null, '42.00', '42.00', '27.00', null, null, '16.00', '4800.00', null, '75', '3.60', null, null, null, null, null, null, '\0', '14');
INSERT INTO `contract_product_his_c` VALUES ('4028817a3420e78a013421a693820006', '4028817a3420e78a013421a693730001', '4', null, null, null, '4993', '49a9221c-aa5d-42a6-997c-9671c69ebb96.png', ' 	\r\n\r\n11.5X20.3CM	\r\n1/      12/\r\n\r\n130', '1/12', 'PCS', '300', '300', '', '8.00', '6.00', null, '44.00', '29.00', '50.00', null, null, '8.50', '2550.00', null, '25', '1.80', null, null, null, null, null, null, '\0', '1');
INSERT INTO `contract_product_his_c` VALUES ('4028817a3420e78a013421a693820007', '4028817a3420e78a013421a693730001', '2', null, null, null, '5117', '94744a94-9215-425c-8d7c-e6c27b74d47a.png', '+	\r\nSWEETS)	\r\n15X13CM	\r\n16.4X27CM	\r\n1//	\r\n4/	\r\n', '1/4', 'SETS', '300', '300', '', '6.00', '4.00', null, '42.00', '42.00', '37.50', null, null, '17.00', '5100.00', null, '75', '3.85', null, null, null, null, null, null, '\0', '13');
INSERT INTO `contract_product_his_c` VALUES ('4028817a3420e78a013421a693820008', '4028817a3420e78a013421a693730001', '4028817a33d4f8b40133d9989f5e0024', null, null, null, '5086', 'f9c8b767-01c1-47a1-816c-4203c229f765.png', '\r\n12.5X20CM\r\n1/    6/\r\n', '1/6', 'PCS', '300', '300', '', '7.00', '5.00', null, '56.00', '36.00', '24.00', null, null, '13.00', '3900.00', null, '50', '2.50', null, null, null, null, null, null, '\0', '10');
INSERT INTO `contract_product_his_c` VALUES ('4028817a3420e78a013421a693820009', '4028817a3420e78a013421a693730001', '1', null, null, null, '5190', 'b0d362a3-2044-4bb8-ad61-0d6228e94110.png', '\r\n\r\n20X20.5CM\r\n1//\r\n4/\r\n', '1/4', 'SETS', '100', '100', '', '8.00', '6.00', null, '57.00', '56.00', '29.00', null, null, '22.00', '2200.00', null, '25', '6.40', null, null, null, null, null, null, '\0', '16');
INSERT INTO `contract_product_his_c` VALUES ('4028817a3420e78a013421a69382000a', '4028817a3420e78a013421a693730001', '9', null, null, null, '5190', 'de8f61ab-0ce5-4e66-862f-acc66140d77f.png', '\r\n \r\n23X11.5CM\r\n', '1/4', 'PCS', '100', '100', '', null, null, null, null, null, null, null, null, '8.50', '850.00', null, '25', null, null, null, null, null, null, null, '\0', '17');
INSERT INTO `contract_product_his_c` VALUES ('4028817a3420e78a013421a69382000b', '4028817a3420e78a013421a693730001', '4028817a33d4f8b40133d9989f5e0024', null, null, null, '5084', '4afac9ad-6f75-4186-95e2-0f3c992fd0a8.png', '\r\n10X17.5CM\r\n1/    12/\r\n', '1/12', 'PCS', '300', '300', '', '7.00', '5.00', null, '46.00', '31.00', '42.00', null, null, '11.50', '3450.00', null, '25', '2.05', null, null, null, null, null, null, '\0', '8');
INSERT INTO `contract_product_his_c` VALUES ('4028817a3420e78a013421a69382000c', '4028817a3420e78a013421a693730001', '4028817a33d4f8b40133d9989f5e0024', null, null, null, '5085', '11799ce4-7d8a-451b-8838-6b01f804b8ff.png', '\r\n10X17.5CM\r\n1/     12/\r\n', '1/12', 'PCS', '300', '300', '', '7.00', '5.00', null, '46.00', '31.00', '42.00', null, null, '11.50', '3450.00', null, '25', '2.05', null, null, null, null, null, null, '\0', '9');
INSERT INTO `contract_product_his_c` VALUES ('4028817a3420e78a013421a69382000d', '4028817a3420e78a013421a693730001', '7', null, null, null, '5144', '978f44fd-492c-4209-8b4a-6dd58539a14f.png', '\r\n\r\n23X11.5CM\r\n1/      4/\r\n', '1/4', 'PCS', '100', '100', '', '5.50', '3.50', null, '50.00', '26.00', '28.00', null, null, '11.00', '1100.00', null, '25', '2.10', null, null, null, null, null, null, '\0', '15');
INSERT INTO `contract_product_his_c` VALUES ('4028817a3420e78a013421a69382000e', '4028817a3420e78a013421a693730001', '4', null, null, null, '4998', '4c8991c6-227e-4c31-bcf7-539fd002cd12.png', '\r\n,\r\n11.5X30.5CM\r\n1/      6/\r\n\r\n130', '1/6', 'PCS', '300', '300', '', '9.00', '7.00', null, '44.00', '29.00', '38.00', null, null, '10.50', '3150.00', null, '50', '2.20', null, null, null, null, null, null, '\0', '6');
INSERT INTO `contract_product_his_c` VALUES ('4028817a3420e78a013421a69382000f', '4028817a3420e78a013421a693730001', '4028817a33d4f8b40133d9989f5e0024', null, null, null, '5088', '9926bf89-1345-4082-aeeb-a3f94d0dcc40.png', '\r\n12.5X20CM\r\n1/     6/\r\n', '1/6', 'PCS', '300', '300', '', '7.00', '5.00', null, '56.00', '36.00', '24.00', null, null, '13.00', '3900.00', null, '50', '2.50', null, null, null, null, null, null, '\0', '11');
INSERT INTO `contract_product_his_c` VALUES ('4028817a3420e78a013421a693820010', '4028817a3420e78a013421a693730001', '4028817a33d4f8b40133d9989f5e0024', null, null, null, '5089', '22a26221-2c14-4ea4-b972-ebe9df1a27ab.png', '\r\n12.5X20CM\r\n1/    6/\r\n', '1/6', 'PCS', '300', '300', '', '7.00', '5.00', null, '56.00', '36.00', '24.00', null, null, '13.00', '3900.00', null, '50', '2.50', null, null, null, null, null, null, '\0', '12');
INSERT INTO `contract_product_his_c` VALUES ('4028817a3420e78a013421a693920011', '4028817a3420e78a013421a693730001', '4', null, null, null, '4997', 'f62db940-2432-4a7d-946c-22e2ba184d37.png', '\r\n\r\n11.5X30.5CM\r\n1/      6/\r\n\r\n130', '1/6', 'PCS', '300', '300', '', '9.00', '7.00', null, '44.00', '29.00', '38.00', null, null, '10.50', '3150.00', null, '50', '2.20', null, null, null, null, null, null, '\0', '5');
INSERT INTO `contract_product_his_c` VALUES ('4028817a3420e78a013421a693920012', '4028817a3420e78a013421a693730001', '4028817a33d4f8b40133d9989f5e0024', null, null, null, '5083', '65fe2446-a833-483a-ad34-dc5da6a7e28a.png', '\r\n10X17.5CM\r\n1/     12/\r\n', '1/12', 'PCS', '300', '300', '', '7.00', '5.00', null, '46.00', '31.00', '42.00', null, null, '11.50', '3450.00', null, '25', '2.05', null, null, null, null, null, null, '\0', '7');
INSERT INTO `contract_product_his_c` VALUES ('4028817a3420e78a013421d2e3fe0013', '4028817a3420e78a013421a693730001', '4', null, null, null, '5336', '422bfb7c-ad4e-4098-8953-beca57d6259c.png', '	\r\n 	\r\n14.5X20CM	\r\n1/      12/	\r\n130\r\n', '1/12', 'PCS', '300', '300', '', '9.00', '7.00', null, '54.00', '36.00', '49.00', null, null, '8.00', '2400.00', null, '25', '2.05', null, null, null, null, null, null, '\0', '20');
INSERT INTO `contract_product_his_c` VALUES ('4028817a3420e78a013421d2e3fe0014', '4028817a3420e78a013421a693730001', '4', null, null, null, '5331', 'c09ea297-bb5f-47a0-b8a0-0b4419f6e138.png', '\r\n17X23CM\r\n1/      6/\r\n130\r\n', '1/6', 'PCS', '300', '300', '', '8.00', '6.00', null, '66.00', '44.00', '29.00', null, null, '11.50', '3450.00', null, '50', '2.65', null, null, null, null, null, null, '\0', '19');
INSERT INTO `contract_product_his_c` VALUES ('4028817a3420e78a013421d2e3fe0015', '4028817a3420e78a013421a693730001', '9', null, null, null, '5190', 'aa3e7517-3227-41ff-b239-a5a6d5c00939.png', ',\r\n\r\n\r\n', '1/4', 'PCS', '100', '100', '', null, null, null, null, null, null, null, null, '2.40', '240.00', null, '25', null, null, null, null, null, null, null, '\0', '18');
INSERT INTO `contract_product_his_c` VALUES ('4028817a3420e78a013421e2e3c10016', '4028817a3420e78a013421a693730001', '4', null, null, null, '5400', 'f475d46e-733a-4220-8243-98ba76f09ddc.png', '\r\n \r\n17X23CM\r\n1/      6/\r\n\r\n130\r\n', '1/6', 'PCS', '300', '300', '', '8.00', '6.00', null, '66.00', '44.00', '29.00', null, null, '11.50', '3450.00', null, '50', '2.65', null, null, null, null, null, null, '\0', '22');
INSERT INTO `contract_product_his_c` VALUES ('4028817a3420e78a013421e2e3c10017', '4028817a3420e78a013421a693730001', '7', null, null, null, '9749', '3d52357d-71bf-4ac1-b7f0-38b640a2d349.png', '\r\n\r\n:18X9CM\r\n4/        8/\r\n', '4/8', 'PCS', '600', '600', '', '6.50', '4.50', null, '39.00', '20.00', '20.00', null, null, '6.50', '3900.00', null, '75', '1.29', null, null, null, null, null, null, '\0', '28');
INSERT INTO `contract_product_his_c` VALUES ('4028817a3420e78a013421e2e3c10018', '4028817a3420e78a013421a693730001', '2', null, null, null, '8759', 'c5f0d6c6-275f-4fb4-b468-a9be38f85f02.png', '\r\n16.5X40CM\r\n1// 2/\r\n\r\nC/3908/11', '1/2', 'PCS', '600', '600', '', '4.00', '2.00', null, '44.00', '22.00', '45.00', null, null, '15.00', '9000.00', null, '300', '2.85', null, null, null, null, null, null, '\0', '27');
INSERT INTO `contract_product_his_c` VALUES ('4028817a3420e78a013421e2e3c10019', '4028817a3420e78a013421a693730001', '7', null, null, null, '8709', '2720f819-b111-4aeb-b5e8-abc262dc5a7b.png', '\r\n \r\n18X9CM\r\n4/        8/\r\n', '4/8', 'PCS', '600', '600', '', '6.50', '4.50', null, '39.00', '20.00', '20.00', null, null, '6.50', '3900.00', null, '75', '1.29', null, null, null, null, null, null, '\0', '26');
INSERT INTO `contract_product_his_c` VALUES ('4028817a3420e78a013421e2e3c1001a', '4028817a3420e78a013421a693730001', '4', null, null, null, '5337', 'c2ff4999-1ea3-479d-8859-3302bb0e9d77.png', '	\r\n	\r\n14.5X20CM	\r\n1/      12/	\r\n130	\r\n', '1/12', 'PCS', '300', '300', '', '9.00', '7.00', null, '54.00', '36.00', '49.00', null, null, '8.00', '2400.00', null, '25', '2.05', null, null, null, null, null, null, '\0', '21');
INSERT INTO `contract_product_his_c` VALUES ('4028817a3420e78a013421e2e3c1001b', '4028817a3420e78a013421a693730001', '7', null, null, null, '8708', 'cd89d279-e040-4647-a89f-59bfee1d6db9.png', '\r\n \r\n18X9CM\r\n4/        8/\r\n', '4/8', 'PCS', '600', '600', '', '6.50', '4.50', null, '39.00', '20.00', '20.00', null, null, '6.50', '3900.00', null, '75', '1.29', null, null, null, null, null, null, '\0', '25');
INSERT INTO `contract_product_his_c` VALUES ('4028817a3420e78a013421e2e3c1001c', '4028817a3420e78a013421a693730001', '2', null, null, null, '843MA', '6b4da997-ad8c-4101-90cb-1c554c356bb1.png', '	\r\n10CMX10.3CM 3MM	\r\n11.2X31.7CM( 12CM	\r\n3MM  950	\r\n1//   4/	\r\n	\r\nC/3908/11', '1/4', 'PCS', '600', '600', '', '6.00', '4.00', null, '48.00', '47.00', '46.00', null, null, '16.00', '9600.00', null, '150', '3.29', null, null, null, null, null, null, '\0', '23');
INSERT INTO `contract_product_his_c` VALUES ('4028817a3420e78a013421e2e3c1001d', '4028817a3420e78a013421a693730001', '2', null, null, null, '844MA', '19dd24a2-4eb2-4273-a46a-229d28aeee85.png', '\r\n9.3X13.3CM 3MM\r\n10.5X28.4CM()\r\n13CM   3MM\r\n1// 4/\r\n\r\nC/3908/11', '1/4', 'PCS', '600', '600', '', '6.00', '4.00', null, '47.00', '46.00', '46.00', null, null, '16.00', '9600.00', null, '150', '3.29', null, null, null, null, null, null, '\0', '24');
INSERT INTO `contract_product_his_c` VALUES ('4028817a3420e78a013421e53b8c001e', '4028817a3420e78a013421a693730001', '2', null, null, null, '9868', '6bf2fdf5-6d7e-4147-b40c-6eddf95abcd8.png', '\r\n5-1/4\"X17\"H\r\n1// 2/\r\n\r\nC/3908/11', '1/2', 'PCS', '600', '600', '', '4.00', '2.00', null, '44.00', '22.00', '43.00', null, null, '16.00', '9600.00', null, '300', '3.15', null, null, null, null, null, null, '\0', '29');

-- ----------------------------
-- Table structure for customer
-- ----------------------------
DROP TABLE IF EXISTS `customer`;
CREATE TABLE `customer` (
  `id` int(11) NOT NULL,
  `name` varchar(20) DEFAULT NULL,
  `age` int(11) DEFAULT NULL,
  `des` text,
  PRIMARY KEY (`id`)
) ENGINE=InnoDB DEFAULT CHARSET=utf8;

-- ----------------------------
-- Records of customer
-- ----------------------------

-- ----------------------------
-- Table structure for dept_p
-- ----------------------------
DROP TABLE IF EXISTS `dept_p`;
CREATE TABLE `dept_p` (
  `DEPT_ID` varchar(40) NOT NULL,
  `DEPT_NAME` varchar(100) DEFAULT NULL,
  `DEPT_NAME_SHORT` varchar(100) DEFAULT NULL,
  `DEPT_NAME_FULL` varchar(100) DEFAULT NULL,
  `DEPT_DESC` varchar(100) DEFAULT NULL,
  `PARENT_ID` varchar(40) DEFAULT NULL,
  `PARENT_NAME` varchar(100) DEFAULT NULL,
  `LAYER_NUM` int(11) DEFAULT NULL,
  `IS_DUTY_LEVEL` char(1) DEFAULT NULL,
  `IS_TEAM` char(1) DEFAULT NULL,
  `IS_LEAF` char(1) DEFAULT NULL,
  `IS_USE` char(1) DEFAULT NULL,
  `ORDER_NO` int(11) DEFAULT NULL,
  `DEPT_LEVEL` int(11) DEFAULT NULL,
  `CREATED_BY` varchar(40) DEFAULT NULL,
  `CREATED_TIME` datetime DEFAULT NULL,
  `UPDATED_BY` varchar(40) DEFAULT NULL,
  `UPDATED_TIME` datetime DEFAULT NULL,
  `BASED_TIME` datetime DEFAULT NULL,
  `DUTY_LEVEL` varchar(40) DEFAULT NULL,
  PRIMARY KEY (`DEPT_ID`)
) ENGINE=InnoDB DEFAULT CHARSET=utf8;

-- ----------------------------
-- Records of dept_p
-- ----------------------------

-- ----------------------------
-- Table structure for export_c
-- ----------------------------
DROP TABLE IF EXISTS `export_c`;
CREATE TABLE `export_c` (
  `EXPORT_ID` varchar(40) NOT NULL,
  `PACKING_LIST_ID` varchar(40) DEFAULT NULL,
  `CONTRACT_ID` varchar(40) DEFAULT NULL COMMENT '',
  `INPUT_DATE` datetime DEFAULT NULL,
  `CONTRACT_IDS` varchar(200) DEFAULT NULL COMMENT 'ID\r\n            \r\n            x,y,z',
  `CUSTOMER_CONTRACT` varchar(200) DEFAULT NULL COMMENT ',',
  `LCNO` varchar(10) DEFAULT NULL COMMENT 'L/C T/T',
  `CONSIGNEE` varchar(100) DEFAULT NULL,
  `MARKS` varchar(1000) DEFAULT NULL,
  `SHIPMENT_PORT` varchar(100) DEFAULT NULL,
  `DESTINATION_PORT` varchar(100) DEFAULT NULL,
  `TRANSPORT_MODE` varchar(10) DEFAULT NULL COMMENT 'SEA/AIR',
  `PRICE_CONDITION` varchar(10) DEFAULT NULL COMMENT 'FBO/CIF',
  `REMARK` varchar(100) DEFAULT NULL,
  `BOX_NUM` int(11) DEFAULT NULL,
  `CNUMBER` int(11) DEFAULT NULL,
  `PACKING_UNIT` varchar(10) DEFAULT NULL COMMENT 'PCS/SETS',
  `GROSS_WEIGHT` decimal(10,2) DEFAULT NULL,
  `NET_WEIGHT` decimal(10,2) DEFAULT NULL,
  `SIZE_LENGTH` decimal(10,2) DEFAULT NULL,
  `SIZE_WIDTH` decimal(10,2) DEFAULT NULL,
  `SIZE_HEIGHT` decimal(10,2) DEFAULT NULL,
  `CSIZE` decimal(10,2) DEFAULT NULL,
  `AMOUNT` decimal(10,2) DEFAULT NULL COMMENT ': x',
  `NO_TAX` decimal(10,2) DEFAULT NULL COMMENT '',
  `TAX` decimal(10,2) DEFAULT NULL COMMENT '',
  `COST_PRICE` decimal(10,2) DEFAULT NULL COMMENT '=x/1.17',
  `COST_TAX` decimal(10,2) DEFAULT NULL COMMENT '=x-',
  `STATE` int(11) DEFAULT NULL COMMENT '0- 1- 2- 3- 4- 5-',
  `CREATE_BY` varchar(40) DEFAULT NULL,
  `CREATE_DEPT` varchar(40) DEFAULT NULL,
  `CREATE_TIME` datetime DEFAULT NULL,
  PRIMARY KEY (`EXPORT_ID`)
) ENGINE=InnoDB DEFAULT CHARSET=utf8;

-- ----------------------------
-- Records of export_c
-- ----------------------------
INSERT INTO `export_c` VALUES ('156cf16e-b23f-4852-9a1b-e36677e9071a', null, null, null, '4028817a3357462e0133591b86ec0002,4028817a3357462e01336cc0877b0010,4028817a3357462e01336d3a0be10014', 'C/3817/11 11JK1080 11JK1078', null, null, null, null, null, null, null, null, null, null, null, null, null, null, null, null, null, null, null, null, null, null, '0', null, null, null);
INSERT INTO `export_c` VALUES ('9571d9f5-3088-46e1-9d8d-3636147b0aa1', null, null, null, '4028817a3357462e0133591b86ec0002,4028817a3357462e01336cc0877b0010', 'C/3817/11 11JK1080', null, null, null, null, null, null, null, null, null, null, null, null, null, null, null, null, null, null, null, null, null, null, '0', null, null, null);
INSERT INTO `export_c` VALUES ('b7b737a9-6485-419e-939d-5e494d7ec5f0', null, null, null, '4028817a3357462e0133591b86ec0002,4028817a3357462e01336cc0877b0010', 'C/3817/11 11JK1080', null, null, null, null, null, null, null, null, null, null, null, null, null, null, null, null, null, null, null, null, null, null, '0', null, null, null);
INSERT INTO `export_c` VALUES ('f69daeb5-984d-41cc-9fb6-d3887b64c96e', null, null, null, '4028817a3357462e0133591b86ec0002', 'C/3817/11', null, null, null, null, null, null, null, null, null, null, null, null, null, null, null, null, null, null, null, null, null, null, '0', null, null, null);

-- ----------------------------
-- Table structure for export_product_c
-- ----------------------------
DROP TABLE IF EXISTS `export_product_c`;
CREATE TABLE `export_product_c` (
  `EXPORT_PRODUCT_ID` varchar(40) NOT NULL,
  `CONTRACT_PRODUCT_ID` varchar(40) DEFAULT NULL COMMENT '',
  `EXPORT_ID` varchar(40) DEFAULT NULL,
  `FACTORY_ID` varchar(40) DEFAULT NULL,
  `CONTRACT_ID` varchar(40) DEFAULT NULL,
  `CONTRACT_NO` varchar(20) DEFAULT NULL,
  `PRODUCT_NAME` varchar(200) DEFAULT NULL,
  `PRODUCT_NO` varchar(50) DEFAULT NULL,
  `PRODUCT_IMAGE` varchar(200) DEFAULT NULL,
  `PRODUCT_DESC` varchar(600) DEFAULT NULL,
  `LOADING_RATE` varchar(30) DEFAULT NULL COMMENT 'x/y',
  `PACKING_UNIT` varchar(10) DEFAULT NULL COMMENT 'PCS/SETS',
  `CNUMBER` int(11) DEFAULT NULL,
  `OUT_NUMBER` int(11) DEFAULT NULL,
  `FINISHED` bit(1) DEFAULT NULL,
  `GROSS_WEIGHT` decimal(10,2) DEFAULT NULL,
  `NET_WEIGHT` decimal(10,2) DEFAULT NULL,
  `SIZE_LENGTH` decimal(10,2) DEFAULT NULL,
  `SIZE_WIDTH` decimal(10,2) DEFAULT NULL,
  `SIZE_HEIGHT` decimal(10,2) DEFAULT NULL,
  `PRODUCT_REQUEST` varchar(2000) DEFAULT NULL,
  `FACTORY_NAME` varchar(200) DEFAULT NULL,
  `PRICE` decimal(10,2) DEFAULT NULL,
  `AMOUNT` decimal(10,2) DEFAULT NULL COMMENT ': x',
  `CUNIT` varchar(10) DEFAULT NULL,
  `BOX_NUM` int(11) DEFAULT NULL,
  `EX_PRICE` decimal(10,2) DEFAULT NULL COMMENT 'sales confirmation ',
  `EX_UNIT` varchar(10) DEFAULT NULL COMMENT '$/',
  `NO_TAX` decimal(10,2) DEFAULT NULL COMMENT ',EXCEL',
  `TAX` decimal(10,2) DEFAULT NULL COMMENT '=',
  `COST_PRICE` decimal(10,2) DEFAULT NULL COMMENT '=x/1.17',
  `COST_TAX` decimal(10,2) DEFAULT NULL COMMENT '=x-',
  `ACCESSORIES` bit(1) DEFAULT NULL,
  `ORDER_NO` int(11) DEFAULT NULL,
  PRIMARY KEY (`EXPORT_PRODUCT_ID`)
) ENGINE=InnoDB DEFAULT CHARSET=utf8;

-- ----------------------------
-- Records of export_product_c
-- ----------------------------
INSERT INTO `export_product_c` VALUES ('0433963b-859b-4be4-808e-7fd403ba6195', null, '156cf16e-b23f-4852-9a1b-e36677e9071a', null, null, null, null, 'JK1700011', null, '\r\n7.3X8CM   6X5CM\r\n1/       6/       24/', null, 'SETS', '504', null, null, null, null, null, null, null, null, '', '4.60', '2318.40', null, null, null, null, null, null, null, null, null, null);
INSERT INTO `export_product_c` VALUES ('26a01be9-7d0d-475c-91a3-666aa4c10525', null, '156cf16e-b23f-4852-9a1b-e36677e9071a', null, null, null, null, '2977', null, '\r\n16X36CM    12CM\r\n22CM    1200/\r\n1//     2/', null, 'PCS', '144', null, null, null, null, null, null, null, null, '', '17.00', '2448.00', null, null, null, null, null, null, null, null, null, null);
INSERT INTO `export_product_c` VALUES ('29ad1508-fe8a-435a-9887-a80071f27b0d', null, '156cf16e-b23f-4852-9a1b-e36677e9071a', null, null, null, null, 'JK1014006', null, '6\r\n7.3X10.5CM\r\n6/         24/\r\n6', null, 'PCS', '1800', null, null, null, null, null, null, null, null, '', '5.30', '9540.00', null, null, null, null, null, null, null, null, null, null);
INSERT INTO `export_product_c` VALUES ('2d692411-add1-420f-947e-1affaaed8043', null, 'b7b737a9-6485-419e-939d-5e494d7ec5f0', '2', null, null, null, '2976', null, null, null, 'PCS', '144', null, null, null, null, null, null, null, null, '', null, null, null, '36', null, null, null, null, null, null, null, null);
INSERT INTO `export_product_c` VALUES ('326280f7-0e55-42d5-b2df-5352dbb718cf', null, '9571d9f5-3088-46e1-9d8d-3636147b0aa1', null, null, null, null, '2977', null, '\r\n16X36CM    12CM\r\n22CM    1200/\r\n1//     2/', null, 'PCS', '144', null, null, null, null, null, null, null, null, '', '17.00', '2448.00', null, null, null, null, null, null, null, null, null, null);
INSERT INTO `export_product_c` VALUES ('4287b9ce-9dfd-49e7-8ff7-e7210babd5d0', null, '9571d9f5-3088-46e1-9d8d-3636147b0aa1', null, null, null, null, 'JK1700011', null, '\r\n7.3X8CM   6X5CM\r\n1/       6/       24/', null, 'SETS', '504', null, null, null, null, null, null, null, null, '', '4.60', '2318.40', null, null, null, null, null, null, null, null, null, null);
INSERT INTO `export_product_c` VALUES ('61bf1df7-84e2-4782-963b-c748321bd19d', null, 'b7b737a9-6485-419e-939d-5e494d7ec5f0', '2', null, null, null, '2977', null, null, null, 'PCS', '144', null, null, null, null, null, null, null, null, '', null, null, null, '72', null, null, null, null, null, null, null, null);
INSERT INTO `export_product_c` VALUES ('68ad1fc7-fc6d-428d-9ebd-fd90963f1b58', null, '9571d9f5-3088-46e1-9d8d-3636147b0aa1', null, null, null, null, '2965', null, '\r\n16X40CM  11CM\r\n1500/\r\n1//   6/', null, 'PCS', '144', null, null, null, null, null, null, null, null, '', '17.00', '2448.00', null, null, null, null, null, null, null, null, null, null);
INSERT INTO `export_product_c` VALUES ('6bea6f74-8038-4533-b048-29e4c7db6b3c', null, '156cf16e-b23f-4852-9a1b-e36677e9071a', null, null, null, null, '2964', null, '\r\n19X48CM  13.5CM\r\n1600/\r\n1//    4/', null, 'PCS', '144', null, null, null, null, null, null, null, null, '', '24.00', '3456.00', null, null, null, null, null, null, null, null, null, null);
INSERT INTO `export_product_c` VALUES ('862b7014-217d-4de3-9a9c-22ec091f5081', null, 'b7b737a9-6485-419e-939d-5e494d7ec5f0', '2', null, null, null, '2965', null, null, null, 'PCS', '144', null, null, null, null, null, null, null, null, '', null, null, null, '24', null, null, null, null, null, null, null, null);
INSERT INTO `export_product_c` VALUES ('8bab1082-3a69-469a-8754-736130cfb5c7', null, '156cf16e-b23f-4852-9a1b-e36677e9071a', null, null, null, null, 'JK1014005', null, '\r\n7.3X10.5CM\r\n4/       24/\r\n', null, 'PCS', '1800', null, null, null, null, null, null, null, null, '', '5.30', '9540.00', null, null, null, null, null, null, null, null, null, null);
INSERT INTO `export_product_c` VALUES ('951fc1c3-208f-4240-8e93-2d17dd4e9739', null, '9571d9f5-3088-46e1-9d8d-3636147b0aa1', null, null, null, null, '2964', null, '\r\n19X48CM  13.5CM\r\n1600/\r\n1//    4/', null, 'PCS', '144', null, null, null, null, null, null, null, null, '', '24.00', '3456.00', null, null, null, null, null, null, null, null, null, null);
INSERT INTO `export_product_c` VALUES ('9cf47c01-7d64-4f0e-b05a-bb29fa3fc051', null, '9571d9f5-3088-46e1-9d8d-3636147b0aa1', null, null, null, null, '2976', null, '\r\n17.5X41CM   13CM\r\n1800/\r\n1//     4/', null, 'PCS', '144', null, null, null, null, null, null, null, null, '', '17.00', '2448.00', null, null, null, null, null, null, null, null, null, null);
INSERT INTO `export_product_c` VALUES ('9de21f00-46d8-4318-a19f-de71f5681805', null, 'b7b737a9-6485-419e-939d-5e494d7ec5f0', '3', null, null, null, 'JK1700011', null, null, null, 'SETS', '504', null, null, null, null, null, null, null, null, '', null, null, null, '21', null, null, null, null, null, null, null, null);
INSERT INTO `export_product_c` VALUES ('ac5d6132-319a-42db-94e5-f3adb3067e9d', null, '156cf16e-b23f-4852-9a1b-e36677e9071a', null, null, null, null, 'JK1014003', null, '\r\n27CM\r\n2/        16/\r\n', null, 'PCS', '1200', null, null, null, null, null, null, null, null, '', '7.50', '9000.00', null, null, null, null, null, null, null, null, null, null);
INSERT INTO `export_product_c` VALUES ('b2781038-640d-4da3-97e2-ba01dacd9456', null, '156cf16e-b23f-4852-9a1b-e36677e9071a', null, null, null, null, 'JK1014001', null, '\r\n23X11CM\r\n1/                4/\r\n', null, 'PCS', '1000', null, null, null, null, null, null, null, null, '', '16.50', '16500.00', null, null, null, null, null, null, null, null, null, null);
INSERT INTO `export_product_c` VALUES ('c13be8ba-c15a-4df6-8c16-ca73ff2a08d4', null, 'b7b737a9-6485-419e-939d-5e494d7ec5f0', '2', null, null, null, '2964', null, null, null, 'PCS', '144', null, null, null, null, null, null, null, null, '', null, null, null, '36', null, null, null, null, null, null, null, null);
INSERT INTO `export_product_c` VALUES ('c97bced5-3921-4e1c-8464-78a444f0f92d', null, 'f69daeb5-984d-41cc-9fb6-d3887b64c96e', null, null, null, null, '2976', null, '\r\n17.5X41CM   13CM\r\n1800/\r\n1//     4/', null, 'PCS', '144', null, null, null, null, null, null, null, null, '', '17.00', '2448.00', null, null, null, null, null, null, null, null, null, null);
INSERT INTO `export_product_c` VALUES ('cb7369d6-3d5c-4ad8-ba1f-bc9f8701426b', null, 'f69daeb5-984d-41cc-9fb6-d3887b64c96e', null, null, null, null, '2977', null, '\r\n16X36CM    12CM\r\n22CM    1200/\r\n1//     2/', null, 'PCS', '144', null, null, null, null, null, null, null, null, '', '17.00', '2448.00', null, null, null, null, null, null, null, null, null, null);
INSERT INTO `export_product_c` VALUES ('e1b03127-4727-4885-a14f-6f411f8036c5', null, '156cf16e-b23f-4852-9a1b-e36677e9071a', null, null, null, null, 'JK1080766-3', null, '3\r\n7.3X10.5CM \r\n3/            24/\r\n6003\r\n', null, 'PCS', '1800', null, null, null, null, null, null, null, null, '', '5.30', '9540.00', null, null, null, null, null, null, null, null, null, null);
INSERT INTO `export_product_c` VALUES ('e414fa24-2dce-4119-803f-48e06cd46d65', null, '156cf16e-b23f-4852-9a1b-e36677e9071a', null, null, null, null, '2976', null, '\r\n17.5X41CM   13CM\r\n1800/\r\n1//     4/', null, 'PCS', '144', null, null, null, null, null, null, null, null, '', '17.00', '2448.00', null, null, null, null, null, null, null, null, null, null);
INSERT INTO `export_product_c` VALUES ('e6695d62-3b4f-4f71-a304-7856848b4cbe', null, 'f69daeb5-984d-41cc-9fb6-d3887b64c96e', null, null, null, null, '2964', null, '\r\n19X48CM  13.5CM\r\n1600/\r\n1//    4/', null, 'PCS', '144', null, null, null, null, null, null, null, null, '', '24.00', '3456.00', null, null, null, null, null, null, null, null, null, null);
INSERT INTO `export_product_c` VALUES ('f53e44a3-e84b-4943-b8bf-c96b256da520', null, '156cf16e-b23f-4852-9a1b-e36677e9071a', null, null, null, null, '2965', null, '\r\n16X40CM  11CM\r\n1500/\r\n1//   6/', null, 'PCS', '144', null, null, null, null, null, null, null, null, '', '17.00', '2448.00', null, null, null, null, null, null, null, null, null, null);
INSERT INTO `export_product_c` VALUES ('fdc1617f-75f6-42b4-8929-bd33c44b2ba2', null, 'f69daeb5-984d-41cc-9fb6-d3887b64c96e', null, null, null, null, '2965', null, '\r\n16X40CM  11CM\r\n1500/\r\n1//   6/', null, 'PCS', '144', null, null, null, null, null, null, null, null, '', '17.00', '2448.00', null, null, null, null, null, null, null, null, null, null);

-- ----------------------------
-- Table structure for ext_cproduct_c
-- ----------------------------
DROP TABLE IF EXISTS `ext_cproduct_c`;
CREATE TABLE `ext_cproduct_c` (
  `EXT_CPRODUCT_ID` varchar(40) NOT NULL,
  `FACTORY_ID` varchar(40) DEFAULT NULL,
  `CONTRACT_PRODUCT_ID` varchar(40) DEFAULT NULL,
  `CTYPE` int(11) DEFAULT NULL COMMENT 'SYS_CODE=0104',
  `PRODUCT_NAME` varchar(200) DEFAULT NULL,
  `PRODUCT_NO` varchar(50) DEFAULT NULL,
  `PRODUCT_IMAGE` varchar(200) DEFAULT NULL,
  `PRODUCT_DESC` varchar(600) DEFAULT NULL,
  `LOADING_RATE` varchar(30) DEFAULT NULL COMMENT 'x/y',
  `PACKING_UNIT` varchar(10) DEFAULT NULL COMMENT 'PCS/SETS',
  `CNUMBER` int(11) DEFAULT NULL,
  `OUT_NUMBER` int(11) DEFAULT NULL,
  `FINISHED` bit(1) DEFAULT NULL,
  `GROSS_WEIGHT` decimal(10,2) DEFAULT NULL,
  `NET_WEIGHT` decimal(10,2) DEFAULT NULL,
  `SIZE_LENGTH` decimal(10,2) DEFAULT NULL,
  `SIZE_WIDTH` decimal(10,2) DEFAULT NULL,
  `SIZE_HEIGHT` decimal(10,2) DEFAULT NULL,
  `PRODUCT_REQUEST` varchar(2000) DEFAULT NULL,
  `FACTORY_NAME` varchar(200) DEFAULT NULL,
  `PRICE` decimal(10,2) DEFAULT NULL,
  `AMOUNT` decimal(10,2) DEFAULT NULL COMMENT ': x',
  `CUNIT` varchar(10) DEFAULT NULL,
  `BOX_NUM` int(11) DEFAULT NULL,
  `EX_PRICE` decimal(10,2) DEFAULT NULL,
  `EX_UNIT` varchar(10) DEFAULT NULL COMMENT '$/',
  `NO_TAX` decimal(10,2) DEFAULT NULL COMMENT '',
  `TAX` decimal(10,2) DEFAULT NULL COMMENT '',
  `COST_PRICE` decimal(10,2) DEFAULT NULL COMMENT '=x/1.17',
  `COST_TAX` decimal(10,2) DEFAULT NULL COMMENT '=x-',
  `ACCESSORIES` bit(1) DEFAULT NULL,
  `ORDER_NO` int(11) DEFAULT NULL,
  PRIMARY KEY (`EXT_CPRODUCT_ID`)
) ENGINE=InnoDB DEFAULT CHARSET=utf8;

-- ----------------------------
-- Records of ext_cproduct_c
-- ----------------------------
INSERT INTO `ext_cproduct_c` VALUES ('4028817a3357462e013359291f540007', '16', '4028817a3357462e0133591b86ec0003', '1', null, '2965', 'undefined', '\r\n\r\n20X20X41CM', null, 'PCS', '144', null, '\0', null, null, null, null, null, '1.350\r\n2.\r\n3.1%\r\n4.:20111105', null, '3.20', '460.80', null, null, null, null, null, null, null, null, '\0', '2');
INSERT INTO `ext_cproduct_c` VALUES ('4028817a3357462e013359291f640008', '16', '4028817a3357462e0133591b86ec0004', '1', null, '2964', '', '\r\n\r\n22.5X22.5X48.5CM', null, 'PCS', '144', null, '\0', null, null, null, null, null, '1.350\r\n2.\r\n3.1%\r\n4.:20111105', null, '4.00', '576.00', null, null, null, null, null, null, null, null, '\0', '1');
INSERT INTO `ext_cproduct_c` VALUES ('4028817a3357462e013359291f640009', '16', '4028817a3357462e0133592355750006', '1', null, '2976', 'undefined', '\r\n\r\n25.7X25.7X35.7CM', null, 'PCS', '144', null, '\0', null, null, null, null, null, '1.350\r\n2.\r\n3.1%\r\n4.:20111105', null, '3.90', '561.60', null, null, null, null, null, null, null, null, '\0', '4');
INSERT INTO `ext_cproduct_c` VALUES ('4028817a3357462e013359291f64000a', '16', '4028817a3357462e0133592355750006', '2', null, '2976', 'undefined', '\r\n\r\n21.5X21.5X41CM', null, 'PCS', '144', null, '\0', null, null, null, null, null, '1.350\r\n2.\r\n3.1%\r\n4.:20111105', null, '3.30', '475.20', null, null, null, null, null, null, null, null, '\0', '3');
INSERT INTO `ext_cproduct_c` VALUES ('4028817a33812ffd0133820c0a460028', '19', '4028817a33812ffd013382048ff80027', '2', null, '20-37-266/JK1050164', '73be2c8a-b961-4ae9-899a-2d259ecd152b.png', '\r\n\r\n\r\n', null, 'PCS', '1200', null, '\0', null, null, null, null, null, '1.\r\n2.2% \r\n3.:20111205', null, '0.40', '480.00', null, null, null, null, null, null, null, null, '\0', '3');
INSERT INTO `ext_cproduct_c` VALUES ('4028817a33812ffd0133820c0a460029', '19', '4028817a33812ffd013382048ff80026', '2', null, '20-37-265/JK1050163', '1af851ab-98ff-4227-ba39-1175dca33c6f.png', '\r\n\r\n\r\n', null, 'PCS', '1200', null, '\0', null, null, null, null, null, '1.\r\n2.2% \r\n3.:20111205', null, '0.38', '456.00', null, null, null, null, null, null, null, null, '\0', '2');
INSERT INTO `ext_cproduct_c` VALUES ('4028817a33812ffd0133820c0a46002a', '19', '4028817a33812ffd013382048ff80025', '2', null, '20-37-264/JK1051087', 'bdf6ff59-ab4c-4218-a554-361ec409a04f.png', '\r\n\r\n\r\n', null, 'PCS', '1200', null, '\0', null, null, null, null, null, '1.\r\n2.2% \r\n3.:20111205', null, '0.35', '420.00', null, null, null, null, null, null, null, null, '\0', '1');
INSERT INTO `ext_cproduct_c` VALUES ('4028817a33d4f8b40133d994c45e0021', '19', '4028817a33d4f8b40133d9878e880014', '2', null, 'JK169340/13076', 'undefined', '\r\n\r\n', null, 'PCS', '464', null, '\0', null, null, null, null, null, '1.\r\n2.2% \r\n3.:20111120', null, '1.02', '473.28', null, null, null, null, null, null, null, null, '\0', '2');
INSERT INTO `ext_cproduct_c` VALUES ('4028817a33d4f8b40133d994c45e0022', '19', '4028817a33d4f8b40133d9878e880016', '2', null, 'JK1050201/12078', '', '\r\n\r\n', null, 'PCS', '204', null, '\0', null, null, null, null, null, '1.\r\n2.2% \r\n3.:20111120', null, '0.80', '163.20', null, null, null, null, null, null, null, null, '\0', '1');
INSERT INTO `ext_cproduct_c` VALUES ('4028817a33ecdbf70133edfc84d40001', '19', '4028817a3357462e01336d3a0be10018', '2', null, 'JK1014005', '94d2d773-24b6-412e-b0e3-0fc9dddf0955.png', '\r\n\r\n', null, 'PCS', '1800', null, '\0', null, null, null, null, null, '1.\r\n2.2% \r\n3.:20111210', null, '1.20', '2160.00', null, null, null, null, null, null, null, null, '\0', '4');
INSERT INTO `ext_cproduct_c` VALUES ('4028817a33ecdbf70133edfc84e40002', '19', '4028817a3357462e01336d3a0be10019', '2', null, 'JK1080766-3', '29bb909d-d527-475d-bfbe-e5e05a02349c.png', '3\r\n\r\n', null, 'SETS', '600', null, '\0', null, null, null, null, null, '1.\r\n2.2% \r\n3.:20111210', null, '0.60', '360.00', null, null, null, null, null, null, null, null, '\0', '1');
INSERT INTO `ext_cproduct_c` VALUES ('4028817a33ecdbf70133edfc84e40003', '19', '4028817a3357462e01336d3a0be10017', '2', null, 'JK1014006', '7be85008-7652-4995-aaca-3ade8405eca9.png', '6\r\n\r\n', null, 'SETS', '300', null, '\0', null, null, null, null, null, '1.\r\n2.2% \r\n3.:20111210', null, '9.00', '2700.00', null, null, null, null, null, null, null, null, '\0', '5');
INSERT INTO `ext_cproduct_c` VALUES ('4028817a33ecdbf70133edfc84e40004', '19', '4028817a3357462e01336d3a0be10016', '2', null, 'JK1014001', '7a3d341f-f473-44ce-9bd4-c7f2b87343ca.png', '\r\n\r\n', null, 'PCS', '1000', null, '\0', null, null, null, null, null, '1.\r\n2.2% \r\n3.:20111210', null, '2.40', '2400.00', null, null, null, null, null, null, null, null, '\0', '2');
INSERT INTO `ext_cproduct_c` VALUES ('4028817a33ecdbf70133edfc84e40005', '19', '4028817a3357462e01336d3a0be10015', '2', null, 'JK1014003', '73980c53-44f6-4232-8c04-9d08a66eeccb.png', '\r\n\r\n\r\n', null, 'PCS', '1200', null, '\0', null, null, null, null, null, '1.\r\n2.2% \r\n3.:20111210', null, '3.80', '4560.00', null, null, null, null, null, null, null, null, '\0', '3');
INSERT INTO `ext_cproduct_c` VALUES ('4028817a33fc4e280133fcdff5490011', '19', '4028817a33fc4e280133fcdb13f40010', '2', null, 'JK046/JK1050201', 'undefined', '\r\n\r\n', null, 'PCS', '600', null, '\0', null, null, null, null, null, '1.\r\n2.2% \r\n3.:20111115', null, '0.80', '480.00', null, null, null, null, null, null, null, null, '\0', '3');
INSERT INTO `ext_cproduct_c` VALUES ('4028817a33fc4e280133fcdff5490012', '20', '4028817a33d4f8b40133d9bea39b0032', '4', null, 'JK1050807/JK033', 'undefined', '6\r\n\r\n8X24CM', null, 'SETS', '300', null, '\0', null, null, null, null, null, '    \r\n   10% \r\n        \r\n 50% \r\n 20111215/                           \r\n ', null, '21.00', '6300.00', null, null, null, null, null, null, null, null, '\0', '2');
INSERT INTO `ext_cproduct_c` VALUES ('4028817a33fc4e280133fcdff5490013', '20', '4028817a33d4f8b40133d9bea39b0030', '4', null, 'JK1050806/JK032', '', '6\r\n\r\n5.7X25CM', null, 'SETS', '320', null, '\0', null, null, null, null, null, '    \r\n   10% \r\n        \r\n 50% \r\n 20111215/                           \r\n ', null, '21.00', '6720.00', null, null, null, null, null, null, null, null, '\0', '1');
INSERT INTO `ext_cproduct_c` VALUES ('4028817a33fc4e280133fd906b0d0029', '19', '4028817a33fc4e280133fd81e7d70027', '2', null, 'JK1040009/141760', 'undefined', ' \r\n', null, 'PCS', '300', null, '\0', null, null, null, null, null, '1.\r\n2.2% \r\n3.:20111125', null, '0.90', '270.00', null, null, null, null, null, null, null, null, '\0', '3');
INSERT INTO `ext_cproduct_c` VALUES ('4028817a33fc4e280133fd906b0d002a', '19', '4028817a33fc4e280133fd81e7d7001f', '2', null, 'J859102682/113860', '', '\r\nSTORAGE ONLY\r\n', null, 'PCS', '300', null, '\0', null, null, null, null, null, '1.\r\n2.2% \r\n3.:20111125', null, '0.40', '120.00', null, null, null, null, null, null, null, null, '\0', '1');
INSERT INTO `ext_cproduct_c` VALUES ('4028817a33fc4e280133fd906b0d002b', '19', '4028817a33fc4e280133fd81e7d70026', '2', null, 'JK10501218/160380', 'undefined', ' \r\n', null, 'PCS', '600', null, '\0', null, null, null, null, null, '1.\r\n2.2% \r\n3.:20111125', null, '0.40', '240.00', null, null, null, null, null, null, null, null, '\0', '4');
INSERT INTO `ext_cproduct_c` VALUES ('4028817a33fc4e280133fd906b0d002c', '19', '4028817a33fc4e280133fd81e7d70021', '2', null, '123540', 'undefined', '(HIGH TEA)\r\nENGLISH SCRIPT\r\n18X5.5CM\r\n', null, 'PCS', '100', null, '\0', null, null, null, null, null, '1.\r\n2.2% \r\n3.:20111125', null, '0.30', '30.00', null, null, null, null, null, null, null, null, '\0', '5');
INSERT INTO `ext_cproduct_c` VALUES ('4028817a33fc4e280133fd906b0d002d', '19', '4028817a33fc4e280133fd81e7d70022', '2', null, 'JK1052446/158080', 'undefined', '\r\n\r\n \r\n', null, 'PCS', '702', null, '\0', null, null, null, null, null, '1.\r\n2.2% \r\n3.:20111125', null, '0.25', '175.50', null, null, null, null, null, null, null, null, '\0', '2');
INSERT INTO `ext_cproduct_c` VALUES ('4028817a33fc4e280133fd906b0d002e', '19', '4028817a33fc4e280133fd81e7d7001e', '2', null, '169280', 'undefined', '(HIGH TEA)\r\nENGLISH SCRIPT\r\n18X5.5CM\r\n', null, 'PCS', '100', null, '\0', null, null, null, null, null, '1.\r\n2.2% \r\n3.:20111125', null, '0.30', '30.00', null, null, null, null, null, null, null, null, '\0', '6');
INSERT INTO `ext_cproduct_c` VALUES ('4028817a33fc4e280133fded2e6d0040', '19', '4028817a33fc4e280133fde6504f0039', '2', null, 'JK169340/13076', 'undefined', '\r\n\"(25X26CM)\r\n\"\r\n', null, 'PCS', '200', null, '\0', null, null, null, null, null, '1.\r\n2.2% \r\n3.:20111120', null, '1.02', '204.00', null, null, null, null, null, null, null, null, '\0', '4');
INSERT INTO `ext_cproduct_c` VALUES ('4028817a33fc4e280133fded2e6d0041', '19', '4028817a33fc4e280133fde6504f0038', '2', null, 'JK1050198/12860', 'undefined', '\r\n11X19CM)\r\n', null, 'PCS', '400', null, '\0', null, null, null, null, null, '1.\r\n2.2% \r\n3.:20111120', null, '0.49', '196.00', null, null, null, null, null, null, null, null, '\0', '3');
INSERT INTO `ext_cproduct_c` VALUES ('4028817a33fc4e280133fded2e6d0042', '19', '4028817a33fc4e280133fde6504f003c', '2', null, 'JK1050195/12859', 'undefined', '\r\n(8X21CM)\r\n', null, 'PCS', '400', null, '\0', null, null, null, null, null, '1.\r\n2.2% \r\n3.:20111120', null, '0.40', '160.00', null, null, null, null, null, null, null, null, '\0', '2');
INSERT INTO `ext_cproduct_c` VALUES ('4028817a33fc4e280133fded2e6d0043', '19', '4028817a33fc4e280133fde6504f0037', '2', null, 'JK1050201/12078', '', '\r\n\r\n', null, 'PCS', '402', null, '\0', null, null, null, null, null, '1.\r\n2.2% \r\n3.:20111120', null, '0.80', '321.60', null, null, null, null, null, null, null, null, '\0', '1');
INSERT INTO `ext_cproduct_c` VALUES ('4028817a343a5c9101343a6fd3200001', '22', '4028817a33812ffd0133816aacd40019', '4', null, '4998', 'undefined', ' \r\n11.5X30.5CM', null, 'PCS', '300', null, '\0', null, null, null, null, null, '    \r\n   10% \r\n        \r\n 50% \r\n 2012110/\r\n        \r\n ', null, '1.70', '510.00', null, null, null, null, null, null, null, null, '\0', '6');
INSERT INTO `ext_cproduct_c` VALUES ('4028817a343a5c9101343a6fd35f0002', '19', '4028817a33812ffd0133816aacd40017', '2', null, '5117', 'undefined', '\r\nSWEETS\r\n', null, 'PCS', '300', null, '\0', null, null, null, null, null, '1.\r\n2.2% \r\n3.:20111130', null, '3.00', '900.00', null, null, null, null, null, null, null, null, '\0', '12');
INSERT INTO `ext_cproduct_c` VALUES ('4028817a343a5c9101343a6fd35f0003', '22', '4028817a33812ffd0133813f25a30002', '4', null, '4993', '', '\r\n11.5X20.3CM\r\n125', null, 'PCS', '300', null, '\0', null, null, null, null, null, '    \r\n   10% \r\n        \r\n 50% \r\n 2012110/\r\n        \r\n ', null, '1.70', '510.00', null, null, null, null, null, null, null, null, '\0', '1');
INSERT INTO `ext_cproduct_c` VALUES ('4028817a343a5c9101343a6fd35f0004', '22', '4028817a33812ffd0133816aacd40018', '4', null, '5400', 'undefined', '\r\n17X23CM', null, 'PCS', '300', null, '\0', null, null, null, null, null, '    \r\n   10% \r\n        \r\n 50% \r\n 2012110/\r\n        \r\n ', null, '3.50', '1050.00', null, null, null, null, null, null, null, null, '\0', '10');
INSERT INTO `ext_cproduct_c` VALUES ('4028817a343a5c9101343a6fd35f0005', '22', '4028817a33812ffd0133816aacd4000d', '4', null, '4996', 'undefined', '\r\n11.5X30.5CM', null, 'PCS', '300', null, '\0', null, null, null, null, null, '    \r\n   10% \r\n        \r\n 50% \r\n 2012110/\r\n        \r\n ', null, '1.70', '510.00', null, null, null, null, null, null, null, null, '\0', '4');
INSERT INTO `ext_cproduct_c` VALUES ('4028817a343a5c9101343a6fd35f0006', '22', '4028817a33812ffd0133816aacd40014', '4', null, '5336', 'undefined', '\r\n14.5X20CM', null, 'PCS', '300', null, '\0', null, null, null, null, null, '    \r\n   10% \r\n        \r\n 50% \r\n 2012110/\r\n        \r\n ', null, '2.00', '600.00', null, null, null, null, null, null, null, null, '\0', '8');
INSERT INTO `ext_cproduct_c` VALUES ('4028817a343a5c9101343a6fd35f0007', '22', '4028817a33812ffd0133813f25a30003', '4', null, '4994', 'undefined', '\r\n11.5X20.3CM', null, 'PCS', '300', null, '\0', null, null, null, null, null, '    \r\n   10% \r\n        \r\n 50% \r\n 2012110/\r\n        \r\n ', null, '1.70', '510.00', null, null, null, null, null, null, null, null, '\0', '2');
INSERT INTO `ext_cproduct_c` VALUES ('4028817a343a5c9101343a6fd35f0008', '20', '4028817a33812ffd0133816aacd40011', '4', null, '6998', 'undefined', '\r\n6-1/2\"X12-1/2\"', null, 'PCS', '300', null, '\0', null, null, null, null, null, '    \r\n   10% \r\n        \r\n 50% \r\n 2012110/\r\n        \r\n ', null, '6.00', '1800.00', null, null, null, null, null, null, null, null, '\0', '11');
INSERT INTO `ext_cproduct_c` VALUES ('4028817a343a5c9101343a6fd35f0009', '22', '4028817a33812ffd0133816aacd4000c', '4', null, '4997', 'undefined', '\r\n11.5X30.5CM', null, 'PCS', '300', null, '\0', null, null, null, null, null, '    \r\n   10% \r\n        \r\n 50% \r\n 2012110/\r\n        \r\n ', null, '1.70', '510.00', null, null, null, null, null, null, null, null, '\0', '5');
INSERT INTO `ext_cproduct_c` VALUES ('4028817a343a5c9101343a6fd35f000a', '19', '4028817a33812ffd0133816aacd40012', '2', null, '5118', 'undefined', '\r\nSWEETS\r\n', null, 'PCS', '600', null, '\0', null, null, null, null, null, '1.\r\n2.2% \r\n3.:20111130', null, '3.00', '1800.00', null, null, null, null, null, null, null, null, '\0', '13');
INSERT INTO `ext_cproduct_c` VALUES ('4028817a343a5c9101343a6fd35f000b', '22', '4028817a33812ffd0133816aacd40015', '4', null, '5337', 'undefined', '\r\n14.5X20CM', null, 'PCS', '300', null, '\0', null, null, null, null, null, '    \r\n   10% \r\n        \r\n 50% \r\n 2012110/\r\n        \r\n ', null, '2.00', '600.00', null, null, null, null, null, null, null, null, '\0', '9');
INSERT INTO `ext_cproduct_c` VALUES ('4028817a343a5c9101343a6fd35f000c', '22', '4028817a33812ffd0133816aacc40009', '4', null, '5331', 'undefined', '\r\n17X23CM', null, 'PCS', '300', null, '\0', null, null, null, null, null, '    \r\n   10% \r\n        \r\n 50% \r\n 2012110/\r\n        \r\n ', null, '3.50', '1050.00', null, null, null, null, null, null, null, null, '\0', '7');
INSERT INTO `ext_cproduct_c` VALUES ('4028817a343a5c9101343a6fd35f000d', '22', '4028817a33812ffd0133813f25a30004', '4', null, '4995', 'undefined', '\r\n11.5X20.3CM', null, 'PCS', '300', null, '\0', null, null, null, null, null, '    \r\n   10% \r\n        \r\n 50% \r\n 2012110/\r\n        \r\n ', null, '1.70', '510.00', null, null, null, null, null, null, null, null, '\0', '3');
INSERT INTO `ext_cproduct_c` VALUES ('4028817a353b8d8e01353cad7b730023', '19', '4028817a3420e78a013421a693820007', '2', null, '5117', 'undefined', '\r\nSWEETS\r\n', null, 'PCS', '300', null, '\0', null, null, null, null, null, '1.\r\n2.2% \r\n3.:2012115', null, '3.00', '900.00', null, null, null, null, null, null, null, null, '\0', '11');
INSERT INTO `ext_cproduct_c` VALUES ('4028817a353b8d8e01353cad7b730024', '4028817a33ecdbf70133ee202e49000b', '4028817a3420e78a013421e2e3c1001a', '4', null, '5337', 'e877a4e2-2e48-4b06-91a8-3fb64f150a0f.jpg', '			\r\n14.5X20CM			\r\n1/      12/			\r\n130', null, 'PCS', '300', null, '\0', null, null, null, null, null, '    \r\n   10% \r\n        \r\n 50% \r\n 2012215/        \r\n ', null, '3.00', '900.00', null, null, null, null, null, null, null, null, '\0', '9');
INSERT INTO `ext_cproduct_c` VALUES ('4028817a353b8d8e01353cad7b730027', '4028817a33ecdbf70133ee202e49000b', '4028817a3420e78a013421a693820002', '4', null, '4995', 'b232e729-a02f-48b2-987b-2c6311827816.jpg', '\r\n			\r\n11.5X20.3CM		\r\n1/     12/	\r\n130', null, 'PCS', '300', null, '\0', null, null, null, null, null, '    \r\n   10% \r\n        \r\n 50% \r\n 2012215/ \r\n        \r\n ', null, '1.70', '510.00', null, null, null, null, null, null, null, null, '\0', '3');
INSERT INTO `ext_cproduct_c` VALUES ('4028817a353b8d8e01353cad7b730029', '4028817a33ecdbf70133ee202e49000b', '4028817a3420e78a013421a693820004', '4', null, '4996', '987692c0-6e47-4117-b6c8-3dbbeaca1b0c.jpg', '\r\n			\r\n11.5X30.5CM		\r\n1/      6/	\r\n130', null, 'PCS', '300', null, '\0', null, null, null, null, null, '    \r\n   10% \r\n        \r\n 50% \r\n 2012215/ \r\n        \r\n ', null, '1.70', '510.00', null, null, null, null, null, null, null, null, '\0', '4');
INSERT INTO `ext_cproduct_c` VALUES ('4028817a353b8d8e01353cad7b73002a', '4028817a33ecdbf70133ee202e49000b', '4028817a3420e78a013421a693820006', '4', null, '4993', 'a803fa9e-dda1-476a-a822-a51b226aca39.jpg', ' \r\n			\r\n11.5X20.3CM		\r\n1/      12/	\r\n130', null, 'PCS', '300', null, '\0', null, null, null, null, null, '    \r\n   10% \r\n        \r\n 50% \r\n 2012215/        \r\n ', null, '1.70', '510.00', null, null, null, null, null, null, null, null, '\0', '1');
INSERT INTO `ext_cproduct_c` VALUES ('4028817a353b8d8e01353cad7b73002b', '4028817a33ecdbf70133ee202e49000b', '4028817a3420e78a013421d2e3fe0014', '4', null, '5331', '51902cb9-1650-480b-8373-2da4c3f2338b.jpg', '			\r\n17X23CM			\r\n1/      6/			\r\n130', null, 'PCS', '300', null, '\0', null, null, null, null, null, '    \r\n   10% \r\n        \r\n 50% \r\n 2012215/        \r\n ', null, '3.50', '1050.00', null, null, null, null, null, null, null, null, '\0', '7');
INSERT INTO `ext_cproduct_c` VALUES ('4028817a353b8d8e01353cad7b73002d', '4028817a33ecdbf70133ee202e49000b', '4028817a3420e78a013421a693820003', '4', null, '4994', '05b37ddc-8904-4df3-8167-b98129c600de.jpg', '\r\n			\r\n11.5X20.3CM		\r\n1/     12/	\r\n130', null, 'PCS', '300', null, '\0', null, null, null, null, null, '    \r\n   10% \r\n        \r\n 50% \r\n 2012215/ \r\n        \r\n ', null, '1.70', '510.00', null, null, null, null, null, null, null, null, '\0', '2');
INSERT INTO `ext_cproduct_c` VALUES ('4028817a353b8d8e01353cadeab80031', '4028817a33ecdbf70133ee202e49000b', '4028817a3420e78a013421a693920011', '4', null, '4997', '7dbc495e-a12c-4eec-9975-c93c1b3f4297.jpg', '\r\n			\r\n11.5X30.5CM		\r\n1/      6/	\r\n130', null, 'PCS', '300', null, '\0', null, null, null, null, null, '    \r\n   10% \r\n        \r\n 50% \r\n 2012215/        \r\n ', null, '1.70', '510.00', null, null, null, null, null, null, null, null, '\0', '5');
INSERT INTO `ext_cproduct_c` VALUES ('4028817a353b8d8e01353cadeab80037', '19', '4028817a3420e78a013421a693820005', '2', null, '5118', 'undefined', '\r\nSWEETS\r\n', null, 'PCS', '300', null, '\0', null, null, null, null, null, '1.\r\n2.2% \r\n3.:2012115', null, '3.00', '900.00', null, null, null, null, null, null, null, null, '\0', '12');
INSERT INTO `ext_cproduct_c` VALUES ('4028817a353b8d8e01353cadec6d003a', '4028817a33ecdbf70133ee202e49000b', '4028817a3420e78a013421d2e3fe0013', '4', null, '5336', 'c8350cd2-47ae-4054-ad81-70004fe4eb44.jpg', '			\r\n 14.5X20CM			\r\n1/      12/			\r\n130', null, 'PCS', '300', null, '\0', null, null, null, null, null, '    \r\n   10% \r\n        \r\n 50% \r\n 2012215/        \r\n ', null, '3.00', '900.00', null, null, null, null, null, null, null, null, '\0', '8');
INSERT INTO `ext_cproduct_c` VALUES ('4028817a353b8d8e01353cadec6d0042', '4028817a33ecdbf70133ee202e49000b', '4028817a3420e78a013421a69382000e', '4', null, '4998', '44fc2f77-af8a-42d3-8d9b-fa2bafa8f47a.jpg', '\r\n			\r\n11.5X30.5CM		\r\n1/      6/	\r\n130', null, 'PCS', '300', null, '\0', null, null, null, null, null, '    \r\n   10% \r\n        \r\n 50% \r\n 2012215/ \r\n        \r\n ', null, '1.70', '510.00', null, null, null, null, null, null, null, null, '\0', '6');
INSERT INTO `ext_cproduct_c` VALUES ('4028817a353b8d8e01353cadec6d0044', '4028817a33ecdbf70133ee202e49000b', '4028817a3420e78a013421e2e3c10016', '4', null, '5400', '601585a1-ba16-42bb-9ffb-d187b521be1f.jpg', '			\r\n17X23CM			\r\n1/      6/			\r\n130', null, 'PCS', '300', null, '\0', null, null, null, null, null, '    \r\n   10% \r\n        \r\n 50% \r\n 2012215/        \r\n ', null, '3.50', '1050.00', null, null, null, null, null, null, null, null, '\0', '10');
INSERT INTO `ext_cproduct_c` VALUES ('4028817a353b8d8e01353d39f06c005d', '19', '4028817a353b8d8e01353d32350d0051', '2', null, '5117', 'aec0cd7f-795e-4c5f-b8c5-532b6479c4be.jpg', '\r\nSWEETS\r\n', null, 'PCS', '100', null, '\0', null, null, null, null, null, '1.\r\n2.2% \r\n3.:201225', null, '3.00', '300.00', null, null, null, null, null, null, null, null, '\0', '1');
INSERT INTO `ext_cproduct_c` VALUES ('4028817a353b8d8e01353d39f06c005e', '4028817a33ecdbf70133ee202e49000b', '4028817a353b8d8e01353d32350d005b', '4', null, '5336', '4436f9d7-b0e2-4926-9cd4-f6c66333c290.jpg', '			\r\n 			\r\n14.5X20CM			\r\n1/      12/			\r\n130', null, 'PCS', '156', null, '\0', null, null, null, null, null, '    \r\n   10% \r\n        \r\n 50% \r\n 2012215/        \r\n ', null, '3.00', '468.00', null, null, null, null, null, null, null, null, '\0', '4');
INSERT INTO `ext_cproduct_c` VALUES ('4028817a353b8d8e01353d39f06c005f', '4028817a33ecdbf70133ee202e49000b', '4028817a353b8d8e01353d32350d005a', '4', null, '5330', 'be775015-234a-4504-ad52-af6af53d2a9c.jpg', '			\r\n			\r\n14.5X20CM			\r\n1/      12/			\r\n130', null, 'PCS', '156', null, '\0', null, null, null, null, null, '    \r\n   10% \r\n        \r\n 50% \r\n 2012215/        \r\n ', null, '3.00', '468.00', null, null, null, null, null, null, null, null, '\0', '3');
INSERT INTO `ext_cproduct_c` VALUES ('4028817a353b8d8e01353d39f06c0060', '19', '4028817a353b8d8e01353d32350d0055', '2', null, '5118', 'undefined', '\r\nSWEETS\r\n', null, 'PCS', '100', null, '\0', null, null, null, null, null, '1.\r\n2.2% \r\n3.:201225', null, '3.00', '300.00', null, null, null, null, null, null, null, null, '\0', '2');
INSERT INTO `ext_cproduct_c` VALUES ('4028817a353b8d8e01353d39f06c0061', '4028817a33ecdbf70133ee202e49000b', '4028817a353b8d8e01353d32350d0057', '4', null, '5337', '673a4e11-3706-4beb-b958-ee1d7c564b3b.jpg', '			\r\n 			\r\n14.5X20CM			\r\n1/      12/			\r\n130', null, 'PCS', '156', null, '\0', null, null, null, null, null, '    \r\n   10% \r\n        \r\n 50% \r\n 2012215/        \r\n ', null, '3.00', '468.00', null, null, null, null, null, null, null, null, '\0', '5');

-- ----------------------------
-- Table structure for ext_cproduct_his_c
-- ----------------------------
DROP TABLE IF EXISTS `ext_cproduct_his_c`;
CREATE TABLE `ext_cproduct_his_c` (
  `EXT_CPRODUCT_ID` varchar(40) NOT NULL,
  `FACTORY_ID` varchar(40) DEFAULT NULL,
  `CONTRACT_PRODUCT_ID` varchar(40) DEFAULT NULL,
  `CTYPE` int(11) DEFAULT NULL COMMENT 'SYS_CODE=0104',
  `PRODUCT_NAME` varchar(200) DEFAULT NULL,
  `PRODUCT_NO` varchar(50) DEFAULT NULL,
  `PRODUCT_IMAGE` varchar(200) DEFAULT NULL,
  `PRODUCT_DESC` varchar(600) DEFAULT NULL,
  `LOADING_RATE` varchar(30) DEFAULT NULL COMMENT 'x/y',
  `PACKING_UNIT` varchar(10) DEFAULT NULL COMMENT 'PCS/SETS',
  `CNUMBER` int(11) DEFAULT NULL,
  `OUT_NUMBER` int(11) DEFAULT NULL,
  `FINISHED` bit(1) DEFAULT NULL,
  `GROSS_WEIGHT` decimal(10,2) DEFAULT NULL,
  `NET_WEIGHT` decimal(10,2) DEFAULT NULL,
  `SIZE_LENGTH` decimal(10,2) DEFAULT NULL,
  `SIZE_WIDTH` decimal(10,2) DEFAULT NULL,
  `SIZE_HEIGHT` decimal(10,2) DEFAULT NULL,
  `PRODUCT_REQUEST` varchar(2000) DEFAULT NULL,
  `FACTORY_NAME` varchar(200) DEFAULT NULL,
  `PRICE` decimal(10,2) DEFAULT NULL,
  `AMOUNT` decimal(10,2) DEFAULT NULL COMMENT ': x',
  `CUNIT` varchar(10) DEFAULT NULL,
  `BOX_NUM` int(11) DEFAULT NULL,
  `EX_PRICE` decimal(10,2) DEFAULT NULL,
  `EX_UNIT` varchar(10) DEFAULT NULL COMMENT '$/',
  `NO_TAX` decimal(10,2) DEFAULT NULL COMMENT '',
  `TAX` decimal(10,2) DEFAULT NULL COMMENT '',
  `COST_PRICE` decimal(10,2) DEFAULT NULL COMMENT '=x/1.17',
  `COST_TAX` decimal(10,2) DEFAULT NULL COMMENT '=x-',
  `ACCESSORIES` bit(1) DEFAULT NULL,
  `ORDER_NO` int(11) DEFAULT NULL,
  PRIMARY KEY (`EXT_CPRODUCT_ID`),
  KEY `FK_Reference_13` (`CONTRACT_PRODUCT_ID`),
  CONSTRAINT `FK_Reference_13` FOREIGN KEY (`CONTRACT_PRODUCT_ID`) REFERENCES `contract_product_his_c` (`CONTRACT_PRODUCT_ID`)
) ENGINE=InnoDB DEFAULT CHARSET=utf8 COMMENT='';

-- ----------------------------
-- Records of ext_cproduct_his_c
-- ----------------------------
INSERT INTO `ext_cproduct_his_c` VALUES ('4028817a3357462e013359291f540007', '16', '4028817a3357462e0133591b86ec0003', '1', null, '2965', 'undefined', '\r\n\r\n20X20X41CM', null, 'PCS', '144', null, '\0', null, null, null, null, null, '1.350\r\n2.\r\n3.1%\r\n4.:20111105', null, '3.20', '460.80', null, null, null, null, null, null, null, null, '\0', '2');
INSERT INTO `ext_cproduct_his_c` VALUES ('4028817a3357462e013359291f640008', '16', '4028817a3357462e0133591b86ec0004', '1', null, '2964', '', '\r\n\r\n22.5X22.5X48.5CM', null, 'PCS', '144', null, '\0', null, null, null, null, null, '1.350\r\n2.\r\n3.1%\r\n4.:20111105', null, '4.00', '576.00', null, null, null, null, null, null, null, null, '\0', '1');
INSERT INTO `ext_cproduct_his_c` VALUES ('4028817a3357462e013359291f640009', '16', '4028817a3357462e0133592355750006', '1', null, '2976', 'undefined', '\r\n\r\n25.7X25.7X35.7CM', null, 'PCS', '144', null, '\0', null, null, null, null, null, '1.350\r\n2.\r\n3.1%\r\n4.:20111105', null, '3.90', '561.60', null, null, null, null, null, null, null, null, '\0', '4');
INSERT INTO `ext_cproduct_his_c` VALUES ('4028817a3357462e013359291f64000a', '16', '4028817a3357462e0133592355750006', '2', null, '2976', 'undefined', '\r\n\r\n21.5X21.5X41CM', null, 'PCS', '144', null, '\0', null, null, null, null, null, '1.350\r\n2.\r\n3.1%\r\n4.:20111105', null, '3.30', '475.20', null, null, null, null, null, null, null, null, '\0', '3');
INSERT INTO `ext_cproduct_his_c` VALUES ('4028817a33812ffd0133820c0a460028', '19', '4028817a33812ffd013382048ff80027', '2', null, '20-37-266/JK1050164', '73be2c8a-b961-4ae9-899a-2d259ecd152b.png', '\r\n\r\n\r\n', null, 'PCS', '1200', null, '\0', null, null, null, null, null, '1.\r\n2.2% \r\n3.:20111205', null, '0.40', '480.00', null, null, null, null, null, null, null, null, '\0', '3');
INSERT INTO `ext_cproduct_his_c` VALUES ('4028817a33812ffd0133820c0a460029', '19', '4028817a33812ffd013382048ff80026', '2', null, '20-37-265/JK1050163', '1af851ab-98ff-4227-ba39-1175dca33c6f.png', '\r\n\r\n\r\n', null, 'PCS', '1200', null, '\0', null, null, null, null, null, '1.\r\n2.2% \r\n3.:20111205', null, '0.38', '456.00', null, null, null, null, null, null, null, null, '\0', '2');
INSERT INTO `ext_cproduct_his_c` VALUES ('4028817a33812ffd0133820c0a46002a', '19', '4028817a33812ffd013382048ff80025', '2', null, '20-37-264/JK1051087', 'bdf6ff59-ab4c-4218-a554-361ec409a04f.png', '\r\n\r\n\r\n', null, 'PCS', '1200', null, '\0', null, null, null, null, null, '1.\r\n2.2% \r\n3.:20111205', null, '0.35', '420.00', null, null, null, null, null, null, null, null, '\0', '1');
INSERT INTO `ext_cproduct_his_c` VALUES ('4028817a33d4f8b40133d994c45e0021', '19', '4028817a33d4f8b40133d9878e880014', '2', null, 'JK169340/13076', 'undefined', '\r\n\r\n', null, 'PCS', '464', null, '\0', null, null, null, null, null, '1.\r\n2.2% \r\n3.:20111120', null, '1.02', '473.28', null, null, null, null, null, null, null, null, '\0', '2');
INSERT INTO `ext_cproduct_his_c` VALUES ('4028817a33d4f8b40133d994c45e0022', '19', '4028817a33d4f8b40133d9878e880016', '2', null, 'JK1050201/12078', '', '\r\n\r\n', null, 'PCS', '204', null, '\0', null, null, null, null, null, '1.\r\n2.2% \r\n3.:20111120', null, '0.80', '163.20', null, null, null, null, null, null, null, null, '\0', '1');
INSERT INTO `ext_cproduct_his_c` VALUES ('4028817a33ecdbf70133edfc84d40001', '19', '4028817a3357462e01336d3a0be10018', '2', null, 'JK1014005', '94d2d773-24b6-412e-b0e3-0fc9dddf0955.png', '\r\n\r\n', null, 'PCS', '1800', null, '\0', null, null, null, null, null, '1.\r\n2.2% \r\n3.:20111210', null, '1.20', '2160.00', null, null, null, null, null, null, null, null, '\0', '4');
INSERT INTO `ext_cproduct_his_c` VALUES ('4028817a33ecdbf70133edfc84e40002', '19', '4028817a3357462e01336d3a0be10019', '2', null, 'JK1080766-3', '29bb909d-d527-475d-bfbe-e5e05a02349c.png', '3\r\n\r\n', null, 'SETS', '600', null, '\0', null, null, null, null, null, '1.\r\n2.2% \r\n3.:20111210', null, '0.60', '360.00', null, null, null, null, null, null, null, null, '\0', '1');
INSERT INTO `ext_cproduct_his_c` VALUES ('4028817a33ecdbf70133edfc84e40003', '19', '4028817a3357462e01336d3a0be10017', '2', null, 'JK1014006', '7be85008-7652-4995-aaca-3ade8405eca9.png', '6\r\n\r\n', null, 'SETS', '300', null, '\0', null, null, null, null, null, '1.\r\n2.2% \r\n3.:20111210', null, '9.00', '2700.00', null, null, null, null, null, null, null, null, '\0', '5');
INSERT INTO `ext_cproduct_his_c` VALUES ('4028817a33ecdbf70133edfc84e40004', '19', '4028817a3357462e01336d3a0be10016', '2', null, 'JK1014001', '7a3d341f-f473-44ce-9bd4-c7f2b87343ca.png', '\r\n\r\n', null, 'PCS', '1000', null, '\0', null, null, null, null, null, '1.\r\n2.2% \r\n3.:20111210', null, '2.40', '2400.00', null, null, null, null, null, null, null, null, '\0', '2');
INSERT INTO `ext_cproduct_his_c` VALUES ('4028817a33ecdbf70133edfc84e40005', '19', '4028817a3357462e01336d3a0be10015', '2', null, 'JK1014003', '73980c53-44f6-4232-8c04-9d08a66eeccb.png', '\r\n\r\n\r\n', null, 'PCS', '1200', null, '\0', null, null, null, null, null, '1.\r\n2.2% \r\n3.:20111210', null, '3.80', '4560.00', null, null, null, null, null, null, null, null, '\0', '3');
INSERT INTO `ext_cproduct_his_c` VALUES ('4028817a343a5c9101343a6fd3200001', '22', '4028817a33812ffd0133816aacd40019', '4', null, '4998', 'undefined', ' \r\n11.5X30.5CM', null, 'PCS', '300', null, '\0', null, null, null, null, null, '    \r\n   10% \r\n        \r\n 50% \r\n 2012110/\r\n        \r\n ', null, '1.70', '510.00', null, null, null, null, null, null, null, null, '\0', '6');
INSERT INTO `ext_cproduct_his_c` VALUES ('4028817a343a5c9101343a6fd35f0002', '19', '4028817a33812ffd0133816aacd40017', '2', null, '5117', 'undefined', '\r\nSWEETS\r\n', null, 'PCS', '300', null, '\0', null, null, null, null, null, '1.\r\n2.2% \r\n3.:20111130', null, '3.00', '900.00', null, null, null, null, null, null, null, null, '\0', '12');
INSERT INTO `ext_cproduct_his_c` VALUES ('4028817a343a5c9101343a6fd35f0003', '22', '4028817a33812ffd0133813f25a30002', '4', null, '4993', '', '\r\n11.5X20.3CM\r\n125', null, 'PCS', '300', null, '\0', null, null, null, null, null, '    \r\n   10% \r\n        \r\n 50% \r\n 2012110/\r\n        \r\n ', null, '1.70', '510.00', null, null, null, null, null, null, null, null, '\0', '1');
INSERT INTO `ext_cproduct_his_c` VALUES ('4028817a343a5c9101343a6fd35f0004', '22', '4028817a33812ffd0133816aacd40018', '4', null, '5400', 'undefined', '\r\n17X23CM', null, 'PCS', '300', null, '\0', null, null, null, null, null, '    \r\n   10% \r\n        \r\n 50% \r\n 2012110/\r\n        \r\n ', null, '3.50', '1050.00', null, null, null, null, null, null, null, null, '\0', '10');
INSERT INTO `ext_cproduct_his_c` VALUES ('4028817a343a5c9101343a6fd35f0005', '22', '4028817a33812ffd0133816aacd4000d', '4', null, '4996', 'undefined', '\r\n11.5X30.5CM', null, 'PCS', '300', null, '\0', null, null, null, null, null, '    \r\n   10% \r\n        \r\n 50% \r\n 2012110/\r\n        \r\n ', null, '1.70', '510.00', null, null, null, null, null, null, null, null, '\0', '4');
INSERT INTO `ext_cproduct_his_c` VALUES ('4028817a343a5c9101343a6fd35f0006', '22', '4028817a33812ffd0133816aacd40014', '4', null, '5336', 'undefined', '\r\n14.5X20CM', null, 'PCS', '300', null, '\0', null, null, null, null, null, '    \r\n   10% \r\n        \r\n 50% \r\n 2012110/\r\n        \r\n ', null, '2.00', '600.00', null, null, null, null, null, null, null, null, '\0', '8');
INSERT INTO `ext_cproduct_his_c` VALUES ('4028817a343a5c9101343a6fd35f0007', '22', '4028817a33812ffd0133813f25a30003', '4', null, '4994', 'undefined', '\r\n11.5X20.3CM', null, 'PCS', '300', null, '\0', null, null, null, null, null, '    \r\n   10% \r\n        \r\n 50% \r\n 2012110/\r\n        \r\n ', null, '1.70', '510.00', null, null, null, null, null, null, null, null, '\0', '2');
INSERT INTO `ext_cproduct_his_c` VALUES ('4028817a343a5c9101343a6fd35f0008', '20', '4028817a33812ffd0133816aacd40011', '4', null, '6998', 'undefined', '\r\n6-1/2\"X12-1/2\"', null, 'PCS', '300', null, '\0', null, null, null, null, null, '    \r\n   10% \r\n        \r\n 50% \r\n 2012110/\r\n        \r\n ', null, '6.00', '1800.00', null, null, null, null, null, null, null, null, '\0', '11');
INSERT INTO `ext_cproduct_his_c` VALUES ('4028817a343a5c9101343a6fd35f0009', '22', '4028817a33812ffd0133816aacd4000c', '4', null, '4997', 'undefined', '\r\n11.5X30.5CM', null, 'PCS', '300', null, '\0', null, null, null, null, null, '    \r\n   10% \r\n        \r\n 50% \r\n 2012110/\r\n        \r\n ', null, '1.70', '510.00', null, null, null, null, null, null, null, null, '\0', '5');
INSERT INTO `ext_cproduct_his_c` VALUES ('4028817a343a5c9101343a6fd35f000a', '19', '4028817a33812ffd0133816aacd40012', '2', null, '5118', 'undefined', '\r\nSWEETS\r\n', null, 'PCS', '600', null, '\0', null, null, null, null, null, '1.\r\n2.2% \r\n3.:20111130', null, '3.00', '1800.00', null, null, null, null, null, null, null, null, '\0', '13');
INSERT INTO `ext_cproduct_his_c` VALUES ('4028817a343a5c9101343a6fd35f000b', '22', '4028817a33812ffd0133816aacd40015', '4', null, '5337', 'undefined', '\r\n14.5X20CM', null, 'PCS', '300', null, '\0', null, null, null, null, null, '    \r\n   10% \r\n        \r\n 50% \r\n 2012110/\r\n        \r\n ', null, '2.00', '600.00', null, null, null, null, null, null, null, null, '\0', '9');
INSERT INTO `ext_cproduct_his_c` VALUES ('4028817a343a5c9101343a6fd35f000c', '22', '4028817a33812ffd0133816aacc40009', '4', null, '5331', 'undefined', '\r\n17X23CM', null, 'PCS', '300', null, '\0', null, null, null, null, null, '    \r\n   10% \r\n        \r\n 50% \r\n 2012110/\r\n        \r\n ', null, '3.50', '1050.00', null, null, null, null, null, null, null, null, '\0', '7');
INSERT INTO `ext_cproduct_his_c` VALUES ('4028817a343a5c9101343a6fd35f000d', '22', '4028817a33812ffd0133813f25a30004', '4', null, '4995', 'undefined', '\r\n11.5X20.3CM', null, 'PCS', '300', null, '\0', null, null, null, null, null, '    \r\n   10% \r\n        \r\n 50% \r\n 2012110/\r\n        \r\n ', null, '1.70', '510.00', null, null, null, null, null, null, null, null, '\0', '3');
INSERT INTO `ext_cproduct_his_c` VALUES ('4028817a353b8d8e01353cad7b730023', '19', '4028817a3420e78a013421a693820007', '2', null, '5117', 'undefined', '\r\nSWEETS\r\n', null, 'PCS', '300', null, '\0', null, null, null, null, null, '1.\r\n2.2% \r\n3.:2012115', null, '3.00', '900.00', null, null, null, null, null, null, null, null, '\0', '11');
INSERT INTO `ext_cproduct_his_c` VALUES ('4028817a353b8d8e01353cad7b730024', '4028817a33ecdbf70133ee202e49000b', '4028817a3420e78a013421e2e3c1001a', '4', null, '5337', 'e877a4e2-2e48-4b06-91a8-3fb64f150a0f.jpg', '			\r\n14.5X20CM			\r\n1/      12/			\r\n130', null, 'PCS', '300', null, '\0', null, null, null, null, null, '    \r\n   10% \r\n        \r\n 50% \r\n 2012215/        \r\n ', null, '3.00', '900.00', null, null, null, null, null, null, null, null, '\0', '9');
INSERT INTO `ext_cproduct_his_c` VALUES ('4028817a353b8d8e01353cad7b730027', '4028817a33ecdbf70133ee202e49000b', '4028817a3420e78a013421a693820002', '4', null, '4995', 'b232e729-a02f-48b2-987b-2c6311827816.jpg', '\r\n			\r\n11.5X20.3CM		\r\n1/     12/	\r\n130', null, 'PCS', '300', null, '\0', null, null, null, null, null, '    \r\n   10% \r\n        \r\n 50% \r\n 2012215/ \r\n        \r\n ', null, '1.70', '510.00', null, null, null, null, null, null, null, null, '\0', '3');
INSERT INTO `ext_cproduct_his_c` VALUES ('4028817a353b8d8e01353cad7b730029', '4028817a33ecdbf70133ee202e49000b', '4028817a3420e78a013421a693820004', '4', null, '4996', '987692c0-6e47-4117-b6c8-3dbbeaca1b0c.jpg', '\r\n			\r\n11.5X30.5CM		\r\n1/      6/	\r\n130', null, 'PCS', '300', null, '\0', null, null, null, null, null, '    \r\n   10% \r\n        \r\n 50% \r\n 2012215/ \r\n        \r\n ', null, '1.70', '510.00', null, null, null, null, null, null, null, null, '\0', '4');
INSERT INTO `ext_cproduct_his_c` VALUES ('4028817a353b8d8e01353cad7b73002a', '4028817a33ecdbf70133ee202e49000b', '4028817a3420e78a013421a693820006', '4', null, '4993', 'a803fa9e-dda1-476a-a822-a51b226aca39.jpg', ' \r\n			\r\n11.5X20.3CM		\r\n1/      12/	\r\n130', null, 'PCS', '300', null, '\0', null, null, null, null, null, '    \r\n   10% \r\n        \r\n 50% \r\n 2012215/        \r\n ', null, '1.70', '510.00', null, null, null, null, null, null, null, null, '\0', '1');
INSERT INTO `ext_cproduct_his_c` VALUES ('4028817a353b8d8e01353cad7b73002b', '4028817a33ecdbf70133ee202e49000b', '4028817a3420e78a013421d2e3fe0014', '4', null, '5331', '51902cb9-1650-480b-8373-2da4c3f2338b.jpg', '			\r\n17X23CM			\r\n1/      6/			\r\n130', null, 'PCS', '300', null, '\0', null, null, null, null, null, '    \r\n   10% \r\n        \r\n 50% \r\n 2012215/        \r\n ', null, '3.50', '1050.00', null, null, null, null, null, null, null, null, '\0', '7');
INSERT INTO `ext_cproduct_his_c` VALUES ('4028817a353b8d8e01353cad7b73002d', '4028817a33ecdbf70133ee202e49000b', '4028817a3420e78a013421a693820003', '4', null, '4994', '05b37ddc-8904-4df3-8167-b98129c600de.jpg', '\r\n			\r\n11.5X20.3CM		\r\n1/     12/	\r\n130', null, 'PCS', '300', null, '\0', null, null, null, null, null, '    \r\n   10% \r\n        \r\n 50% \r\n 2012215/ \r\n        \r\n ', null, '1.70', '510.00', null, null, null, null, null, null, null, null, '\0', '2');
INSERT INTO `ext_cproduct_his_c` VALUES ('4028817a353b8d8e01353cadeab80031', '4028817a33ecdbf70133ee202e49000b', '4028817a3420e78a013421a693920011', '4', null, '4997', '7dbc495e-a12c-4eec-9975-c93c1b3f4297.jpg', '\r\n			\r\n11.5X30.5CM		\r\n1/      6/	\r\n130', null, 'PCS', '300', null, '\0', null, null, null, null, null, '    \r\n   10% \r\n        \r\n 50% \r\n 2012215/        \r\n ', null, '1.70', '510.00', null, null, null, null, null, null, null, null, '\0', '5');
INSERT INTO `ext_cproduct_his_c` VALUES ('4028817a353b8d8e01353cadeab80037', '19', '4028817a3420e78a013421a693820005', '2', null, '5118', 'undefined', '\r\nSWEETS\r\n', null, 'PCS', '300', null, '\0', null, null, null, null, null, '1.\r\n2.2% \r\n3.:2012115', null, '3.00', '900.00', null, null, null, null, null, null, null, null, '\0', '12');
INSERT INTO `ext_cproduct_his_c` VALUES ('4028817a353b8d8e01353cadec6d003a', '4028817a33ecdbf70133ee202e49000b', '4028817a3420e78a013421d2e3fe0013', '4', null, '5336', 'c8350cd2-47ae-4054-ad81-70004fe4eb44.jpg', '			\r\n 14.5X20CM			\r\n1/      12/			\r\n130', null, 'PCS', '300', null, '\0', null, null, null, null, null, '    \r\n   10% \r\n        \r\n 50% \r\n 2012215/        \r\n ', null, '3.00', '900.00', null, null, null, null, null, null, null, null, '\0', '8');
INSERT INTO `ext_cproduct_his_c` VALUES ('4028817a353b8d8e01353cadec6d0042', '4028817a33ecdbf70133ee202e49000b', '4028817a3420e78a013421a69382000e', '4', null, '4998', '44fc2f77-af8a-42d3-8d9b-fa2bafa8f47a.jpg', '\r\n			\r\n11.5X30.5CM		\r\n1/      6/	\r\n130', null, 'PCS', '300', null, '\0', null, null, null, null, null, '    \r\n   10% \r\n        \r\n 50% \r\n 2012215/ \r\n        \r\n ', null, '1.70', '510.00', null, null, null, null, null, null, null, null, '\0', '6');
INSERT INTO `ext_cproduct_his_c` VALUES ('4028817a353b8d8e01353cadec6d0044', '4028817a33ecdbf70133ee202e49000b', '4028817a3420e78a013421e2e3c10016', '4', null, '5400', '601585a1-ba16-42bb-9ffb-d187b521be1f.jpg', '			\r\n17X23CM			\r\n1/      6/			\r\n130', null, 'PCS', '300', null, '\0', null, null, null, null, null, '    \r\n   10% \r\n        \r\n 50% \r\n 2012215/        \r\n ', null, '3.50', '1050.00', null, null, null, null, null, null, null, null, '\0', '10');

-- ----------------------------
-- Table structure for ext_eproduct_c
-- ----------------------------
DROP TABLE IF EXISTS `ext_eproduct_c`;
CREATE TABLE `ext_eproduct_c` (
  `EXT_EPRODUCT_ID` varchar(40) NOT NULL,
  `FACTORY_ID` varchar(40) DEFAULT NULL,
  `EXPORT_PRODUCT_ID` varchar(40) DEFAULT NULL,
  `CONTRACT_PRODUCT_ID` varchar(40) DEFAULT NULL,
  `CTYPE` int(11) DEFAULT NULL COMMENT 'SYS_CODE=0104',
  `PRODUCT_NAME` varchar(200) DEFAULT NULL,
  `PRODUCT_NO` varchar(50) DEFAULT NULL,
  `PRODUCT_IMAGE` varchar(200) DEFAULT NULL,
  `PRODUCT_DESC` varchar(600) DEFAULT NULL,
  `LOADING_RATE` varchar(30) DEFAULT NULL COMMENT 'x/y',
  `PACKING_UNIT` varchar(10) DEFAULT NULL COMMENT 'PCS/SETS',
  `CNUMBER` int(11) DEFAULT NULL,
  `OUT_NUMBER` int(11) DEFAULT NULL,
  `FINISHED` bit(1) DEFAULT NULL,
  `GROSS_WEIGHT` decimal(10,2) DEFAULT NULL,
  `NET_WEIGHT` decimal(10,2) DEFAULT NULL,
  `SIZE_LENGTH` decimal(10,2) DEFAULT NULL,
  `SIZE_WIDTH` decimal(10,2) DEFAULT NULL,
  `SIZE_HEIGHT` decimal(10,2) DEFAULT NULL,
  `PRODUCT_REQUEST` varchar(2000) DEFAULT NULL,
  `FACTORY_NAME` varchar(200) DEFAULT NULL,
  `PRICE` decimal(10,2) DEFAULT NULL,
  `AMOUNT` decimal(10,2) DEFAULT NULL COMMENT ': x',
  `CUNIT` varchar(10) DEFAULT NULL,
  `BOX_NUM` int(11) DEFAULT NULL,
  `EX_PRICE` decimal(10,2) DEFAULT NULL,
  `EX_UNIT` varchar(10) DEFAULT NULL COMMENT '$/',
  `NO_TAX` decimal(10,2) DEFAULT NULL COMMENT '',
  `TAX` decimal(10,2) DEFAULT NULL COMMENT '',
  `COST_PRICE` decimal(10,2) DEFAULT NULL COMMENT '=x/1.17',
  `COST_TAX` decimal(10,2) DEFAULT NULL COMMENT '=x-',
  `ACCESSORIES` bit(1) DEFAULT NULL,
  `ORDER_NO` int(11) DEFAULT NULL,
  PRIMARY KEY (`EXT_EPRODUCT_ID`)
) ENGINE=InnoDB DEFAULT CHARSET=utf8;

-- ----------------------------
-- Records of ext_eproduct_c
-- ----------------------------
INSERT INTO `ext_eproduct_c` VALUES ('042fa1e9-e613-435e-b7bf-f804e005cb2c', '16', 'c97bced5-3921-4e1c-8464-78a444f0f92d', null, null, null, '2976', null, '\r\n\r\n25.7X25.7X35.7CM', null, 'PCS', '144', null, null, null, null, null, null, null, null, null, '3.90', '561.60', null, null, null, null, null, null, null, null, null, null);
INSERT INTO `ext_eproduct_c` VALUES ('06065f21-dfd6-486f-bd07-b81101763f64', '16', '6bea6f74-8038-4533-b048-29e4c7db6b3c', null, null, null, '2964', null, '\r\n\r\n22.5X22.5X48.5CM', null, 'PCS', '144', null, null, null, null, null, null, null, null, null, '4.00', '576.00', null, null, null, null, null, null, null, null, null, null);
INSERT INTO `ext_eproduct_c` VALUES ('0f72cfe4-f5a1-46c7-9cf8-0aeeda1c8f0b', '16', 'fdc1617f-75f6-42b4-8929-bd33c44b2ba2', null, null, null, '2965', null, '\r\n\r\n20X20X41CM', null, 'PCS', '144', null, null, null, null, null, null, null, null, null, '3.20', '460.80', null, null, null, null, null, null, null, null, null, null);
INSERT INTO `ext_eproduct_c` VALUES ('1627bf8a-bbae-4536-ab75-cf4f08cac515', '19', 'ac5d6132-319a-42db-94e5-f3adb3067e9d', null, null, null, 'JK1014003', null, '\r\n\r\n\r\n', null, 'PCS', '1200', null, null, null, null, null, null, null, null, null, '3.80', '4560.00', null, null, null, null, null, null, null, null, null, null);
INSERT INTO `ext_eproduct_c` VALUES ('2b00d48c-456b-4719-b9fc-b005d8e5d864', '16', '68ad1fc7-fc6d-428d-9ebd-fd90963f1b58', null, null, null, '2965', null, '\r\n\r\n20X20X41CM', null, 'PCS', '144', null, null, null, null, null, null, null, null, null, '3.20', '460.80', null, null, null, null, null, null, null, null, null, null);
INSERT INTO `ext_eproduct_c` VALUES ('3577bbd8-9552-4322-ab89-68c8fd6a2f25', null, '2d692411-add1-420f-947e-1affaaed8043', null, null, null, '2976', null, '\r\n\r\n25.7X25.7X35.7CM', null, 'PCS', '144', null, null, null, null, null, null, null, '1.350\r\n2.\r\n3.1%\r\n4.:20111105', null, '3.90', '561.60', null, null, null, null, null, null, null, null, null, '4');
INSERT INTO `ext_eproduct_c` VALUES ('3cb4a915-3cab-4247-bc56-02625507152e', '16', 'c97bced5-3921-4e1c-8464-78a444f0f92d', null, null, null, '2976', null, '\r\n\r\n21.5X21.5X41CM', null, 'PCS', '144', null, null, null, null, null, null, null, null, null, '3.30', '475.20', null, null, null, null, null, null, null, null, null, null);
INSERT INTO `ext_eproduct_c` VALUES ('4949f90e-4f22-4d53-b7e7-aecc1b735d8e', null, '862b7014-217d-4de3-9a9c-22ec091f5081', null, null, null, '2965', null, '\r\n\r\n20X20X41CM', null, 'PCS', '144', null, null, null, null, null, null, null, '1.350\r\n2.\r\n3.1%\r\n4.:20111105', null, '3.20', '460.80', null, null, null, null, null, null, null, null, null, '2');
INSERT INTO `ext_eproduct_c` VALUES ('49c49884-b401-43b0-a780-f4d907571c4a', '16', 'f53e44a3-e84b-4943-b8bf-c96b256da520', null, null, null, '2965', null, '\r\n\r\n20X20X41CM', null, 'PCS', '144', null, null, null, null, null, null, null, null, null, '3.20', '460.80', null, null, null, null, null, null, null, null, null, null);
INSERT INTO `ext_eproduct_c` VALUES ('49d6e061-ddad-4e83-9de6-04c64c979d5e', '16', '9cf47c01-7d64-4f0e-b05a-bb29fa3fc051', null, null, null, '2976', null, '\r\n\r\n21.5X21.5X41CM', null, 'PCS', '144', null, null, null, null, null, null, null, null, null, '3.30', '475.20', null, null, null, null, null, null, null, null, null, null);
INSERT INTO `ext_eproduct_c` VALUES ('5dfaf0d8-9562-420c-bf86-36a3a8ee77fd', '19', '29ad1508-fe8a-435a-9887-a80071f27b0d', null, null, null, 'JK1014006', null, '6\r\n\r\n', null, 'SETS', '300', null, null, null, null, null, null, null, null, null, '9.00', '2700.00', null, null, null, null, null, null, null, null, null, null);
INSERT INTO `ext_eproduct_c` VALUES ('77ac7493-9d90-4315-8ecd-c4705fd8cc9d', '16', 'e414fa24-2dce-4119-803f-48e06cd46d65', null, null, null, '2976', null, '\r\n\r\n21.5X21.5X41CM', null, 'PCS', '144', null, null, null, null, null, null, null, null, null, '3.30', '475.20', null, null, null, null, null, null, null, null, null, null);
INSERT INTO `ext_eproduct_c` VALUES ('80ab89e5-466a-4b31-a6e5-1d49ce0e50f1', null, 'c13be8ba-c15a-4df6-8c16-ca73ff2a08d4', null, null, null, '2964', null, '\r\n\r\n22.5X22.5X48.5CM', null, 'PCS', '144', null, null, null, null, null, null, null, '1.350\r\n2.\r\n3.1%\r\n4.:20111105', null, '4.00', '576.00', null, null, null, null, null, null, null, null, null, '1');
INSERT INTO `ext_eproduct_c` VALUES ('80fd1491-2e79-4215-937a-4335302b7a71', '16', '9cf47c01-7d64-4f0e-b05a-bb29fa3fc051', null, null, null, '2976', null, '\r\n\r\n25.7X25.7X35.7CM', null, 'PCS', '144', null, null, null, null, null, null, null, null, null, '3.90', '561.60', null, null, null, null, null, null, null, null, null, null);
INSERT INTO `ext_eproduct_c` VALUES ('9e68092c-5b24-4eb0-9d47-cdebeee1b4b0', '16', 'e414fa24-2dce-4119-803f-48e06cd46d65', null, null, null, '2976', null, '\r\n\r\n25.7X25.7X35.7CM', null, 'PCS', '144', null, null, null, null, null, null, null, null, null, '3.90', '561.60', null, null, null, null, null, null, null, null, null, null);
INSERT INTO `ext_eproduct_c` VALUES ('ba75bb91-2640-41a8-95d5-9a198bd15ade', '16', '951fc1c3-208f-4240-8e93-2d17dd4e9739', null, null, null, '2964', null, '\r\n\r\n22.5X22.5X48.5CM', null, 'PCS', '144', null, null, null, null, null, null, null, null, null, '4.00', '576.00', null, null, null, null, null, null, null, null, null, null);
INSERT INTO `ext_eproduct_c` VALUES ('bf024a76-669c-4960-a7ea-92e3104313ff', '19', '8bab1082-3a69-469a-8754-736130cfb5c7', null, null, null, 'JK1014005', null, '\r\n\r\n', null, 'PCS', '1800', null, null, null, null, null, null, null, null, null, '1.20', '2160.00', null, null, null, null, null, null, null, null, null, null);
INSERT INTO `ext_eproduct_c` VALUES ('d2599f0b-f993-4da4-a97e-6d2e03f47f97', null, '2d692411-add1-420f-947e-1affaaed8043', null, null, null, '2976', null, '\r\n\r\n21.5X21.5X41CM', null, 'PCS', '144', null, null, null, null, null, null, null, '1.350\r\n2.\r\n3.1%\r\n4.:20111105', null, '3.30', '475.20', null, null, null, null, null, null, null, null, null, '3');
INSERT INTO `ext_eproduct_c` VALUES ('d55f7a39-8d86-493c-962d-07826177f589', '19', 'e1b03127-4727-4885-a14f-6f411f8036c5', null, null, null, 'JK1080766-3', null, '3\r\n\r\n', null, 'SETS', '600', null, null, null, null, null, null, null, null, null, '0.60', '360.00', null, null, null, null, null, null, null, null, null, null);
INSERT INTO `ext_eproduct_c` VALUES ('d75a0e32-086c-4238-8522-13e76d71f37a', '19', 'b2781038-640d-4da3-97e2-ba01dacd9456', null, null, null, 'JK1014001', null, '\r\n\r\n', null, 'PCS', '1000', null, null, null, null, null, null, null, null, null, '2.40', '2400.00', null, null, null, null, null, null, null, null, null, null);
INSERT INTO `ext_eproduct_c` VALUES ('ea68f0e7-b30f-4126-a0e3-b56f039aca0a', '16', 'e6695d62-3b4f-4f71-a304-7856848b4cbe', null, null, null, '2964', null, '\r\n\r\n22.5X22.5X48.5CM', null, 'PCS', '144', null, null, null, null, null, null, null, null, null, '4.00', '576.00', null, null, null, null, null, null, null, null, null, null);

-- ----------------------------
-- Table structure for factory_c
-- ----------------------------
DROP TABLE IF EXISTS `factory_c`;
CREATE TABLE `factory_c` (
  `FACTORY_ID` varchar(40) NOT NULL,
  `FULL_NAME` varchar(200) DEFAULT NULL,
  `FACTORY_NAME` varchar(20) DEFAULT NULL,
  `CONTACTS` varchar(30) DEFAULT NULL,
  `PHONE` varchar(20) DEFAULT NULL,
  `MOBILE` varchar(20) DEFAULT NULL,
  `FAX` varchar(20) DEFAULT NULL,
  `INSPECTOR` varchar(30) DEFAULT NULL,
  `CNOTE` varchar(600) DEFAULT NULL,
  `ORDER_NO` int(11) DEFAULT NULL,
  `STATE` int(11) DEFAULT NULL,
  `CREATE_BY` varchar(40) DEFAULT NULL,
  `CREATE_DEPT` varchar(40) DEFAULT NULL,
  `CREATE_TIME` timestamp NULL DEFAULT NULL,
  PRIMARY KEY (`FACTORY_ID`)
) ENGINE=InnoDB DEFAULT CHARSET=utf8;

-- ----------------------------
-- Records of factory_c
-- ----------------------------
INSERT INTO `factory_c` VALUES ('1', '', '', '', '0354-5041999', '1313333', '', '', '', null, '0', null, null, null);
INSERT INTO `factory_c` VALUES ('10', '', '', '', '0354-5271999', '', '', '', '', null, '0', null, null, null);
INSERT INTO `factory_c` VALUES ('11', '', '', '', '0354-524099', '', '', '', '', null, '0', null, null, null);
INSERT INTO `factory_c` VALUES ('12', '', '', '', null, '13935499967', null, null, null, null, '1', null, null, null);
INSERT INTO `factory_c` VALUES ('13', '', '', '', '0354-5940888', '', '', '', '', null, '1', null, null, null);
INSERT INTO `factory_c` VALUES ('15', '', '', '', '0317-8863999', null, null, null, null, null, '1', null, null, null);
INSERT INTO `factory_c` VALUES ('16', '', '', '', '029-84528015', null, null, null, null, null, '1', null, null, null);
INSERT INTO `factory_c` VALUES ('17', '', '', '', '029-84341858', null, null, null, null, null, '1', null, null, null);
INSERT INTO `factory_c` VALUES ('18', '', '', '', '029-88917456', null, null, null, null, null, '1', null, null, null);
INSERT INTO `factory_c` VALUES ('19', '', '', '', '0354-5278918', '', '', '', '', null, '1', null, null, null);
INSERT INTO `factory_c` VALUES ('2', '', '', '', '0354-5298981', '', '', '', '', null, '1', null, null, null);
INSERT INTO `factory_c` VALUES ('20', '', '', '', '0354-5328850', '', '', '', '', null, '1', null, null, null);
INSERT INTO `factory_c` VALUES ('21', '', '', '', '0354-5071387', '', '', '', '', null, '1', null, null, null);
INSERT INTO `factory_c` VALUES ('22', '', '', '', '', '13834809374', '', '', '', null, '1', null, null, null);
INSERT INTO `factory_c` VALUES ('3', '', '', '', '0354-5248696', '', '', '', '', null, '1', null, null, null);
INSERT INTO `factory_c` VALUES ('4', '', '', '', '0354-5047289', '', '', '', '', null, '1', null, null, null);
INSERT INTO `factory_c` VALUES ('4028817a33d4f8b40133d99621cb0023', '', '', '', '0354-5299987', '', '', '', '', null, '1', null, null, null);
INSERT INTO `factory_c` VALUES ('4028817a33d4f8b40133d9989f5e0024', '', '', '', '0359-7472727', '', '', '', '', null, '1', null, null, null);
INSERT INTO `factory_c` VALUES ('4028817a33de41d80133e982a18a001c', 'PVC', 'PVC', '', '0354-6226591', '', '', '', '', null, '1', null, null, null);
INSERT INTO `factory_c` VALUES ('4028817a33ecdbf70133ee202e49000b', '', '', '', '13835926900', '', '', '', '', null, '1', null, null, null);
INSERT INTO `factory_c` VALUES ('4028817a34f93be50134f9df84470001', '', '', '', '0356-3961959', '13935672348', '0356-3991304', '', '', null, '1', null, null, null);
INSERT INTO `factory_c` VALUES ('4028817a353b8d8e0135415bf0a90070', '', '', '', '029-62990818', '', '', '', '', null, '1', null, null, null);
INSERT INTO `factory_c` VALUES ('4028817a35e0895e0135ec7a4dbe0087', '', '', '', '029-86539568', '', '029-86590565', '', '', null, '1', null, null, null);
INSERT INTO `factory_c` VALUES ('4028817a3632e86601363344d16d0001', '', '', '', '0533-5176946', '', '', '', '', null, '1', null, null, null);
INSERT INTO `factory_c` VALUES ('4028817a371a8d7f01372a74451f0068', '', '', '', '0354-5288919', '', '', '', '', null, '1', null, null, null);
INSERT INTO `factory_c` VALUES ('4028817a37583d45013758d152450038', '', '', '', '0354-5109398', '', '', '', '', null, '1', null, null, null);
INSERT INTO `factory_c` VALUES ('4028817a38024a04013803e3a8a2004b', '', '', '', '0354-3939793', '', '', '', '', null, '1', null, null, null);
INSERT INTO `factory_c` VALUES ('4028817a382b4fd401382b9aad2a0008', '', '', '', '0354-5018888', '', '', '', '', null, '1', null, null, null);
INSERT INTO `factory_c` VALUES ('4028817a38736298013874c51a800036', '', '', '', '0354-5326986', '13834893800', '0354-5826197', '', '', null, '1', null, null, null);
INSERT INTO `factory_c` VALUES ('4028817a389cc7b701389d1efd940001', '', '', '', '0358-3099923', '19033470988', '0358-3098183', '', '', null, '1', null, null, null);
INSERT INTO `factory_c` VALUES ('4028817a39b2b37f0139b46268c40025', '', '', '', '0354-5041938', '', '', '', '', null, '1', null, null, null);
INSERT INTO `factory_c` VALUES ('4028817a3aa9f950013ab0b6c98d0050', '', '', '', '0654-9018444', '', '', '', '', null, '1', null, null, null);
INSERT INTO `factory_c` VALUES ('4028817a3aa9f950013ab97f64110053', '', '', '', '18936896666', '', '', '', '', null, '1', null, null, null);
INSERT INTO `factory_c` VALUES ('4028817a3abe8f15013ac019a61f0031', '', '', '', '0154-5282888', '', '', '', '', null, '1', null, null, null);
INSERT INTO `factory_c` VALUES ('4028817a3ae2ac42013ae3550357000d', '', '', '', '13791903888', '', '', '', '', null, '1', null, null, null);
INSERT INTO `factory_c` VALUES ('5', '', '', '', '0354-5019656', '', '', '', '', null, '1', null, null, null);
INSERT INTO `factory_c` VALUES ('6', '', '', '', '0354-5299160', null, null, null, null, null, '1', null, null, null);
INSERT INTO `factory_c` VALUES ('7', '', '', '', '0354-5299499', '', '', '', '', null, '1', null, null, null);
INSERT INTO `factory_c` VALUES ('8', '', '', '', '0354-5299539', null, null, null, null, null, '1', null, null, null);
INSERT INTO `factory_c` VALUES ('9', '', '', '', '0354-5041927', '', '', '', '', null, '1', null, null, null);
INSERT INTO `factory_c` VALUES ('ff808081301885760130189e47ca0013', '', '', '', '0358-3934083', '', '', '', '', null, '1', null, null, null);

-- ----------------------------
-- Table structure for hpa_normal_tissue_csv
-- ----------------------------
DROP TABLE IF EXISTS `hpa_normal_tissue_csv`;
CREATE TABLE `hpa_normal_tissue_csv` (
  `id` varchar(255) DEFAULT NULL,
  `breast` varchar(255) DEFAULT NULL,
  `adipocytes` varchar(255) DEFAULT NULL,
  `Negative` varchar(255) DEFAULT NULL,
  `Staining` varchar(255) DEFAULT NULL,
  `Supportive` varchar(255) DEFAULT NULL
) ENGINE=InnoDB DEFAULT CHARSET=utf8;

-- ----------------------------
-- Records of hpa_normal_tissue_csv
-- ----------------------------

-- ----------------------------
-- Table structure for hpa_txt
-- ----------------------------
DROP TABLE IF EXISTS `hpa_txt`;
CREATE TABLE `hpa_txt` (
  `ENSG00000196422` varchar(255) DEFAULT NULL,
  `urinary bladder` varchar(255) DEFAULT NULL,
  `urothelial cells` varchar(255) DEFAULT NULL,
  `Weak` varchar(255) DEFAULT NULL,
  `Staining` varchar(255) DEFAULT NULL,
  `Uncertain` varchar(255) DEFAULT NULL
) ENGINE=InnoDB DEFAULT CHARSET=utf8;

-- ----------------------------
-- Records of hpa_txt
-- ----------------------------
INSERT INTO `hpa_txt` VALUES ('ENSG00000196428', 'urinary bladder', 'urothelial cells', 'Moderate', 'Staining', 'Uncertain');
INSERT INTO `hpa_txt` VALUES ('ENSG00000196436', 'urinary bladder', 'urothelial cells', 'High', 'APE', 'Low');
INSERT INTO `hpa_txt` VALUES ('ENSG00000196437', 'urinary bladder', 'urothelial cells', 'Strong', 'Staining', 'Uncertain');
INSERT INTO `hpa_txt` VALUES ('ENSG00000196440', 'urinary bladder', 'urothelial cells', 'Moderate', 'Staining', 'Uncertain');
INSERT INTO `hpa_txt` VALUES ('ENSG00000196449', 'urinary bladder', 'urothelial cells', 'Negative', 'Staining', 'Uncertain');
INSERT INTO `hpa_txt` VALUES ('ENSG00000196453', 'urinary bladder', 'urothelial cells', 'Moderate', 'Staining', 'Uncertain');
INSERT INTO `hpa_txt` VALUES ('ENSG00000196455', 'urinary bladder', 'urothelial cells', 'Moderate', 'Staining', 'Uncertain');
INSERT INTO `hpa_txt` VALUES ('ENSG00000196459', 'urinary bladder', 'urothelial cells', 'Weak', 'Staining', 'Uncertain');
INSERT INTO `hpa_txt` VALUES ('ENSG00000196465', 'urinary bladder', 'urothelial cells', 'High', 'APE', 'Low');
INSERT INTO `hpa_txt` VALUES ('ENSG00000196466', 'urinary bladder', 'urothelial cells', 'Strong', 'Staining', 'Uncertain');
INSERT INTO `hpa_txt` VALUES ('ENSG00000196470', 'urinary bladder', 'urothelial cells', 'Moderate', 'Staining', 'Uncertain');
INSERT INTO `hpa_txt` VALUES ('ENSG00000196476', 'urinary bladder', 'urothelial cells', 'Weak', 'Staining', 'Uncertain');

-- ----------------------------
-- Table structure for login_log_p
-- ----------------------------
DROP TABLE IF EXISTS `login_log_p`;
CREATE TABLE `login_log_p` (
  `LOGIN_LOG_ID` varchar(40) NOT NULL,
  `LOGIN_NAME` varchar(30) DEFAULT NULL,
  `IP_ADDRESS` varchar(20) DEFAULT NULL,
  `LOGIN_TIME` datetime DEFAULT NULL,
  PRIMARY KEY (`LOGIN_LOG_ID`)
) ENGINE=InnoDB DEFAULT CHARSET=utf8;

-- ----------------------------
-- Records of login_log_p
-- ----------------------------
INSERT INTO `login_log_p` VALUES ('00330EC5-4F2C-48BB-AFC1-ADC5CBAEB7AC', '001|', '192.168.1.110', '2012-01-17 14:04:46');
INSERT INTO `login_log_p` VALUES ('009275C9-7459-4862-B339-C7CD13C244D6', '001|', '192.168.1.110', '2012-01-17 11:57:33');
INSERT INTO `login_log_p` VALUES ('00D0157A-AD60-4856-802E-A3461F6939E0', '001|', '127.0.0.1', '2011-10-07 12:37:29');
INSERT INTO `login_log_p` VALUES ('00DA73C6-8DB4-402A-BEE0-95BDD79D0CDB', '001|', '192.168.1.103', '2012-09-11 10:56:23');
INSERT INTO `login_log_p` VALUES ('011BD53F-99AF-4B45-B23B-4E02723BE7D7', '001|', '192.168.1.106', '2012-10-29 14:23:51');
INSERT INTO `login_log_p` VALUES ('015CC22A-5C53-4597-B4AC-B51694D75C86', '001|', '192.168.1.103', '2012-01-20 16:03:49');
INSERT INTO `login_log_p` VALUES ('01970044-E8A0-41DD-A7CB-EF0E012FE798', '001|', '192.168.1.103', '2012-01-18 11:40:17');
INSERT INTO `login_log_p` VALUES ('01C6DB18-D8AC-48CE-B3F2-09BCDFD8D9A3', '001|', '127.0.0.1', '2011-08-21 22:34:13');
INSERT INTO `login_log_p` VALUES ('01F90304-E542-4B5E-9B3B-E49C17B6E891', '001|', '192.168.1.106', '2011-10-18 11:15:42');
INSERT INTO `login_log_p` VALUES ('02AF06BD-65E4-4E02-8128-9E43B2AE06B6', 'anonymous|', '192.168.1.109', '2012-08-14 09:54:00');
INSERT INTO `login_log_p` VALUES ('02B4B900-9D3F-4306-8F54-6395FDB5234A', '001|', '192.168.1.106', '2012-10-29 14:38:24');
INSERT INTO `login_log_p` VALUES ('02E0CA26-C6E2-4C90-B94C-4CB7C63A7971', '001|', '127.0.0.1', '2011-09-26 19:48:13');
INSERT INTO `login_log_p` VALUES ('03C5ACAB-C6C4-456F-9B3D-64A80BBECADA', '001|', '127.0.0.1', '2011-09-18 22:49:41');
INSERT INTO `login_log_p` VALUES ('03ED9524-0BBA-4082-8FA6-2F6BA905A627', '001|', '127.0.0.1', '2011-09-21 19:32:38');
INSERT INTO `login_log_p` VALUES ('042027CF-496F-4C79-BDD8-F3BFC05EDBCC', 'anonymous|', '192.168.1.114', '2012-01-20 12:15:28');
INSERT INTO `login_log_p` VALUES ('0451DE27-3C35-4054-B27B-80EC5F5303E9', '001|', '127.0.0.1', '2011-08-20 00:14:17');
INSERT INTO `login_log_p` VALUES ('0464165A-6013-4AF8-8ED3-9350369780ED', '001|', '127.0.0.1', '2011-10-01 21:39:43');
INSERT INTO `login_log_p` VALUES ('04ED9BC3-FB5F-4F89-9DF6-5F34FE0ACB26', '001|', '127.0.0.1', '2011-08-26 20:19:15');
INSERT INTO `login_log_p` VALUES ('05586466-481A-4426-A237-D06BB78FA27A', '001|', '192.168.1.110', '2012-02-09 10:33:01');
INSERT INTO `login_log_p` VALUES ('06376BC7-200F-442A-85F4-27578A9BAA54', 'anonymous|', '192.168.1.114', '2012-01-20 11:53:21');
INSERT INTO `login_log_p` VALUES ('06767A52-69EC-430D-B15C-9BDB0952CF53', 'anonymous|', '192.168.1.105', '2012-04-16 16:00:36');
INSERT INTO `login_log_p` VALUES ('07C0244F-BFAC-45D4-945A-91B1E7B060F4', 'anonymous|', '192.168.1.111', '2012-09-06 09:19:19');
INSERT INTO `login_log_p` VALUES ('07D7377C-F34E-4295-A773-C62FCDE27275', '001|', '127.0.0.1', '2011-09-17 22:54:46');
INSERT INTO `login_log_p` VALUES ('0886BF0D-6CAD-499A-9B2F-27BE6AAD6232', '001|', '127.0.0.1', '2011-10-01 21:03:53');
INSERT INTO `login_log_p` VALUES ('08B680ED-D8D6-41D7-A21D-377F14A98D00', '001|', '127.0.0.1', '2011-10-07 15:00:45');
INSERT INTO `login_log_p` VALUES ('08D3AB2B-7377-4655-86CD-218CBBFDD77C', '001|', '192.168.1.115', '2012-01-31 09:47:34');
INSERT INTO `login_log_p` VALUES ('091A50DF-C09F-4CE8-9A17-895453989987', 'anonymous|', '192.168.1.103', '2011-12-02 17:14:41');
INSERT INTO `login_log_p` VALUES ('09D1F647-5775-4E7A-8952-ED62C1B8CD55', '001|', '127.0.0.1', '2013-03-09 22:01:46');
INSERT INTO `login_log_p` VALUES ('0A71E925-A06B-4228-8103-468C44F235C3', '001|', '127.0.0.1', '2011-09-26 22:36:06');
INSERT INTO `login_log_p` VALUES ('0A8D201D-F56F-42E6-A87F-A6C49875A617', '001|', '192.168.1.115', '2012-02-03 15:09:22');
INSERT INTO `login_log_p` VALUES ('0ABAD9A6-CCFA-49E3-B117-7FCDC139D6FD', 'anonymous|', '192.168.1.106', '2012-03-29 16:38:46');
INSERT INTO `login_log_p` VALUES ('0AF5FB33-34EB-4C9D-9BC4-14DE5B017249', '001|', '192.168.1.112', '2012-05-21 14:34:48');
INSERT INTO `login_log_p` VALUES ('0B2BB269-E8B5-4780-862F-19375B86D544', '001|', '192.168.1.106', '2012-05-07 11:36:50');
INSERT INTO `login_log_p` VALUES ('0C1DD696-88D1-4737-854A-639CA191E50F', '001|', '127.0.0.1', '2011-10-06 18:41:57');
INSERT INTO `login_log_p` VALUES ('0CC13A98-B1A0-45AA-A9BD-9A9ED069D37E', '001|', '127.0.0.1', '2011-10-07 12:21:01');
INSERT INTO `login_log_p` VALUES ('0CEAE7DF-318D-444B-BBC7-E5C8711F3577', '001|', '127.0.0.1', '2013-02-22 13:32:48');
INSERT INTO `login_log_p` VALUES ('0D0ACA9A-275F-40A9-9516-FA90772D7544', '001|', '192.168.1.105', '2011-11-14 08:28:58');
INSERT INTO `login_log_p` VALUES ('0E0BED1C-7D64-4899-B2A7-BCB7917A369D', 'anonymous|', '192.168.1.105', '2012-04-17 11:15:20');
INSERT INTO `login_log_p` VALUES ('0E3C46A5-DAA2-48B4-BEB9-522572D133B4', '001|', '127.0.0.1', '2011-10-06 18:32:21');
INSERT INTO `login_log_p` VALUES ('0E3D4123-DE0E-48A5-80E9-3BA0DA0C202A', 'anonymous|', '192.168.1.105', '2011-11-14 08:34:43');
INSERT INTO `login_log_p` VALUES ('0ED653F4-2450-4E0E-BF82-775E9C5A85BA', '001|', '127.0.0.1', '2011-09-17 21:22:18');
INSERT INTO `login_log_p` VALUES ('1018CA16-0828-49D3-AD73-065C88FC3A99', '001|', '127.0.0.1', '2011-10-05 01:19:13');
INSERT INTO `login_log_p` VALUES ('103546FD-CF89-4593-946F-0167A9BE4578', '001|', '127.0.0.1', '2013-03-09 23:00:03');
INSERT INTO `login_log_p` VALUES ('108ABD5F-F9C0-48B9-9614-6EF6104DE2AC', 'anonymous|', '192.168.1.112', '2012-05-02 10:08:39');
INSERT INTO `login_log_p` VALUES ('109F777E-EFC7-4814-9D3E-69BA7201C62F', 'anonymous|', '127.0.0.1', '2013-03-07 16:53:01');
INSERT INTO `login_log_p` VALUES ('10E293A2-FF4C-47B4-9C69-DA544C26DE2B', '001|', '192.168.1.110', '2012-01-16 09:25:30');
INSERT INTO `login_log_p` VALUES ('1114E38F-3DB2-4708-8D4D-46C94F6811DB', '001|', '127.0.0.1', '2011-08-27 21:13:31');
INSERT INTO `login_log_p` VALUES ('112F4543-9FFC-4093-9D14-A9B5F1BE87F2', '001|', '192.168.1.104', '2012-11-02 15:48:32');
INSERT INTO `login_log_p` VALUES ('1159EC64-F65C-487A-A185-D692F974B8BF', 'anonymous|', '192.168.1.112', '2012-05-02 14:19:27');
INSERT INTO `login_log_p` VALUES ('11682A60-421D-497C-937B-F5CA404068A0', '001|', '192.168.1.104', '2012-06-19 11:06:48');
INSERT INTO `login_log_p` VALUES ('1177E8CC-25F2-4E93-B351-4943819AC267', 'anonymous|', '192.168.1.101', '2012-08-31 09:58:27');
INSERT INTO `login_log_p` VALUES ('11D879B0-F163-458D-A9AB-7229729F599E', '001|', '127.0.0.1', '2011-08-27 14:45:31');
INSERT INTO `login_log_p` VALUES ('129377A4-C8BA-4C1F-A1C2-B19EE02DE982', '001|', '192.168.1.110', '2012-01-17 11:59:07');
INSERT INTO `login_log_p` VALUES ('12A0B150-BF96-4E05-95ED-2019E47CE750', '001|', '192.168.1.102', '2011-09-24 10:06:36');
INSERT INTO `login_log_p` VALUES ('12C6D077-62C1-46BF-8FC2-249394E50919', '001|', '127.0.0.1', '2011-09-23 00:11:44');
INSERT INTO `login_log_p` VALUES ('131B77E1-F97B-48A5-A58F-9F873F3447E5', '001|', '192.168.1.115', '2012-02-02 14:44:12');
INSERT INTO `login_log_p` VALUES ('1323C4C0-8387-4227-A086-66A3614A0AD5', '001|', '192.168.1.115', '2012-02-03 09:24:53');
INSERT INTO `login_log_p` VALUES ('13531B13-BD61-4223-82CB-1CDD91CE70DC', 'anonymous|', '192.168.1.112', '2012-07-26 09:29:12');
INSERT INTO `login_log_p` VALUES ('135EB6E9-D6FF-43CD-B5A5-3EA4AB3A8C79', '001|', '192.168.1.103', '2012-10-18 11:27:15');
INSERT INTO `login_log_p` VALUES ('1397A21A-407C-4713-AF9E-161C9A90A4E2', 'anonymous|', '192.168.1.112', '2012-07-26 09:07:27');
INSERT INTO `login_log_p` VALUES ('13BDDADC-7D6E-4918-92F7-91F96D3C9EF1', 'anonymous|', '192.168.1.112', '2012-06-01 15:04:02');
INSERT INTO `login_log_p` VALUES ('13BFDEC8-A223-4882-AB91-887250C3FC04', 'anonymous|', '192.168.1.103', '2012-09-14 16:36:59');
INSERT INTO `login_log_p` VALUES ('14149700-5698-495E-8C52-1A20660C6FF9', '001|', '127.0.0.1', '2011-08-27 22:21:07');
INSERT INTO `login_log_p` VALUES ('141BCA03-BB2B-4B87-9108-61295E1FE487', '001|', '127.0.0.1', '2011-08-21 22:35:21');
INSERT INTO `login_log_p` VALUES ('14351CBC-C434-4AF9-980D-37BB0C3F76E1', '001|', '192.168.1.115', '2012-02-01 09:55:59');
INSERT INTO `login_log_p` VALUES ('146892A3-C818-41C3-8698-8C7D760C4340', '001|', '127.0.0.1', '2011-08-21 23:10:08');
INSERT INTO `login_log_p` VALUES ('14748A0B-5977-4AA7-A68E-4C4256A01BF2', '001|', '127.0.0.1', '2011-09-25 18:27:58');
INSERT INTO `login_log_p` VALUES ('151E09DC-F651-42D9-A298-27EEF6ACFB28', '001|', '192.168.1.100', '2012-06-27 09:39:42');
INSERT INTO `login_log_p` VALUES ('15C183E1-9500-4BFF-AFB4-31C4B844BAE6', '001|', '127.0.0.1', '2011-08-27 23:44:15');
INSERT INTO `login_log_p` VALUES ('168854EA-C92D-45F4-8EB4-166596335B52', '001|', '192.168.1.106', '2012-05-08 11:16:25');
INSERT INTO `login_log_p` VALUES ('168B7ADB-632C-4A4E-BAB0-2D21EFCFE0A0', '001|', '127.0.0.1', '2011-09-16 21:21:13');
INSERT INTO `login_log_p` VALUES ('16ED96D0-C008-4DCE-B880-50CF0472F542', 'anonymous|', '192.168.1.107', '2012-11-08 09:40:07');
INSERT INTO `login_log_p` VALUES ('175CA69C-B542-4B4D-A67F-B3340807B8AA', 'anonymous|', '192.168.1.111', '2012-09-06 13:40:45');
INSERT INTO `login_log_p` VALUES ('17618DFE-5517-4242-9405-699FF9F2B973', 'anonymous|', '192.168.1.110', '2012-10-29 13:52:44');
INSERT INTO `login_log_p` VALUES ('1770D63E-404D-450F-8F76-9089D619CC18', '001|', '192.168.1.104', '2012-06-19 15:57:30');
INSERT INTO `login_log_p` VALUES ('186B6DAF-8F56-4FF7-A646-84C30D1A6D53', '001|', '192.168.1.106', '2012-10-30 16:07:01');
INSERT INTO `login_log_p` VALUES ('18AAF7D8-F795-4378-8975-9E3F429E96C3', '001|', '192.168.1.109', '2012-11-23 10:51:27');
INSERT INTO `login_log_p` VALUES ('1933F97A-B042-49AA-8A1A-3FA631580CC4', 'anonymous|', '192.168.1.112', '2012-07-26 09:16:16');
INSERT INTO `login_log_p` VALUES ('1991B0B9-D32A-48F5-8F49-2B0D4573A66B', '001|', '127.0.0.1', '2011-10-06 12:26:16');
INSERT INTO `login_log_p` VALUES ('19983FE7-E249-4881-BC15-40586848A546', 'anonymous|', '127.0.0.1', '2012-11-27 11:06:36');
INSERT INTO `login_log_p` VALUES ('19A278AD-5614-4F6B-8720-CE4035A64AF2', 'anonymous|', '192.168.1.110', '2012-10-29 13:23:39');
INSERT INTO `login_log_p` VALUES ('19E76666-BFDE-4D59-B32F-11CAEF51C42E', '001|', '127.0.0.1', '2011-10-07 00:15:54');
INSERT INTO `login_log_p` VALUES ('19FFE3B2-63F9-49F6-B0A1-3451B5BAD496', '001|', '192.168.1.115', '2012-01-31 13:47:26');
INSERT INTO `login_log_p` VALUES ('1A5012E7-CA72-4D2C-9BD2-D72DAEC79D83', '001|', '127.0.0.1', '2011-10-07 12:27:43');
INSERT INTO `login_log_p` VALUES ('1AB04EC8-96CA-411D-B0CF-AC867CEF331C', '001|', '192.168.1.106', '2012-10-30 11:33:45');
INSERT INTO `login_log_p` VALUES ('1B08FD11-BCE1-434E-AA99-9635471EFF7B', '001|', '192.168.1.106', '2012-10-29 17:11:33');
INSERT INTO `login_log_p` VALUES ('1B38E3E3-1DAF-4853-A283-092BDC876E2F', '001|', '127.0.0.1', '2011-10-07 16:41:47');
INSERT INTO `login_log_p` VALUES ('1B5FC7D3-E84D-40CC-ABD9-730CEB476307', '001|', '127.0.0.1', '2011-09-28 22:57:58');
INSERT INTO `login_log_p` VALUES ('1B655B21-9D3B-46EA-AEAF-F3F62C74BBCF', '001|', '127.0.0.1', '2011-10-06 10:26:07');
INSERT INTO `login_log_p` VALUES ('1BAEFFE6-CA02-4949-8A75-6419333D4E36', 'anonymous|', '192.168.1.250', '2012-07-11 15:31:17');
INSERT INTO `login_log_p` VALUES ('1BBDE9CC-0C89-46D7-B691-21CB6682D1D9', '001|', '192.168.1.100', '2012-07-11 10:23:58');
INSERT INTO `login_log_p` VALUES ('1BBE3A3C-F7B6-4878-8871-BEFC5A4AB270', '001|', '127.0.0.1', '2011-10-07 00:33:29');
INSERT INTO `login_log_p` VALUES ('1BC989D7-FF9E-4A3D-BB57-7778FC89A263', '001|', '192.168.1.102', '2012-07-23 10:35:14');
INSERT INTO `login_log_p` VALUES ('1BDDB409-D790-43C9-BCAE-0777FC6CDAC7', 'anonymous|', '192.168.1.103', '2012-09-14 16:43:18');
INSERT INTO `login_log_p` VALUES ('1C2BF2D9-A00D-4E5E-9FFB-3589D15FF16A', '001|', '192.168.1.115', '2012-02-02 13:21:50');
INSERT INTO `login_log_p` VALUES ('1C51A4E6-7CA4-425D-BD32-551881479CFA', '001|', '127.0.0.1', '2011-10-04 10:52:42');
INSERT INTO `login_log_p` VALUES ('1CFF71C5-A753-458A-8F52-F838900F4A24', 'anonymous|', '192.168.1.103', '2011-10-18 10:05:13');
INSERT INTO `login_log_p` VALUES ('1D7D0E31-F4B6-4EF4-AEE6-3ACE7DA9A48B', '001|', '192.168.1.102', '2012-07-23 09:42:56');
INSERT INTO `login_log_p` VALUES ('1D92740F-D0E8-4929-833B-D602FD204C47', '001|', '192.168.1.110', '2012-01-31 10:36:15');
INSERT INTO `login_log_p` VALUES ('1E38770B-6150-4034-940D-7609B47C88A6', '001|', '192.168.1.104', '2012-06-19 16:36:14');
INSERT INTO `login_log_p` VALUES ('1EF9FE75-F6D4-477D-86B0-14F73CDD0D6D', '001|', '192.168.1.103', '2012-10-19 11:36:35');
INSERT INTO `login_log_p` VALUES ('1F271A0B-EDB1-4A55-B5FE-9837A35C2395', '001|', '192.168.1.103', '2012-09-11 15:24:37');
INSERT INTO `login_log_p` VALUES ('1F9472E3-1B37-42EF-BABD-8228D5A60DF2', '001|', '127.0.0.1', '2011-08-27 21:44:31');
INSERT INTO `login_log_p` VALUES ('1FE8AD39-6AB0-414F-9F72-E7F291D5EE40', '001|', '192.168.1.115', '2012-01-30 13:31:47');
INSERT INTO `login_log_p` VALUES ('200B153D-90F3-427E-B5F3-5CB430319920', '001|', '127.0.0.1', '2011-08-21 09:59:00');
INSERT INTO `login_log_p` VALUES ('201AA7F0-8E85-400E-B7E7-885D64278CB9', '001|', '192.168.1.105', '2011-09-24 10:33:32');
INSERT INTO `login_log_p` VALUES ('201CB44A-B244-446F-81AC-4136153DB008', '001|', '127.0.0.1', '2011-09-26 20:29:12');
INSERT INTO `login_log_p` VALUES ('207D9A59-7330-4DB4-9704-A0CFF584FDBF', '001|', '192.168.1.103', '2011-11-26 13:22:48');
INSERT INTO `login_log_p` VALUES ('20D09711-D3E2-40BA-8AFD-DEC5F7F7F4C6', '001|', '127.0.0.1', '2011-10-03 08:47:39');
INSERT INTO `login_log_p` VALUES ('2120970A-1335-4FE0-81E2-A3698C1F3563', '001|', '127.0.0.1', '2011-09-17 23:46:45');
INSERT INTO `login_log_p` VALUES ('21228B54-D00F-40E6-8CAE-8652DC811188', '001|', '192.168.1.102', '2012-09-19 09:48:07');
INSERT INTO `login_log_p` VALUES ('21337851-620C-4E31-ADA1-08F9D692E076', '001|', '127.0.0.1', '2011-10-02 00:34:26');
INSERT INTO `login_log_p` VALUES ('2191758C-872C-4B0B-9FBF-55A6F10126FD', 'anonymous|', '127.0.0.1', '2012-11-27 10:55:03');
INSERT INTO `login_log_p` VALUES ('21DE607B-0E68-4EE1-9C65-8D55526B1382', 'liuxiaoshan||', '192.168.1.107', '2012-05-02 17:19:08');
INSERT INTO `login_log_p` VALUES ('21F1856C-9B48-4B27-9A9D-460B3868D192', 'anonymous|', '192.168.1.107', '2012-11-08 09:12:08');
INSERT INTO `login_log_p` VALUES ('220336B2-7FD2-458D-8426-50A88D8868E2', '001|', '127.0.0.1', '2012-11-27 11:24:25');
INSERT INTO `login_log_p` VALUES ('228A0984-5BE4-4FFF-B5C4-A09ECB8A46F2', '001|', '192.168.1.100', '2012-07-11 11:04:11');
INSERT INTO `login_log_p` VALUES ('22DA6C12-23B0-4A34-928A-11732D9BD218', '001|', '192.168.1.106', '2012-10-29 14:42:08');
INSERT INTO `login_log_p` VALUES ('23661154-F280-43FC-BA18-C445FFBCF40D', '001|', '127.0.0.1', '2013-03-09 23:30:16');
INSERT INTO `login_log_p` VALUES ('237D9844-5C50-4843-AEDD-98DE912C08B5', '001|', '192.168.1.115', '2012-01-31 13:54:07');
INSERT INTO `login_log_p` VALUES ('2424F2EA-0768-45FF-B9B5-9448B8364EC8', '001|', '127.0.0.1', '2013-03-09 23:30:31');
INSERT INTO `login_log_p` VALUES ('24652510-1930-45D1-BAA5-5D4D2144F8D2', '001|', '192.168.1.115', '2012-02-03 11:59:03');
INSERT INTO `login_log_p` VALUES ('24894E43-794A-41A3-A012-8F0406BEAF94', 'anonymous|', '192.168.1.250', '2012-07-11 15:17:12');
INSERT INTO `login_log_p` VALUES ('2492ABB0-20F4-400F-908F-1EA295674998', '001|', '192.168.1.115', '2012-01-31 12:01:31');
INSERT INTO `login_log_p` VALUES ('24B15961-1603-4152-A68B-F99301FE52E3', 'anonymous|', '192.168.1.103', '2011-12-05 10:06:14');
INSERT INTO `login_log_p` VALUES ('25FB47F1-7F86-4DB0-AC4B-66339043C08C', '001|', '127.0.0.1', '2011-08-21 20:23:18');
INSERT INTO `login_log_p` VALUES ('26473199-8658-4F7F-8C68-2C27EDA43C95', '001|', '192.168.1.100', '2012-07-11 14:20:30');
INSERT INTO `login_log_p` VALUES ('264D1896-41C8-4F62-974E-33E0EABDAA3E', '001|', '192.168.1.114', '2012-03-31 17:40:35');
INSERT INTO `login_log_p` VALUES ('26573894-76D2-4798-B05B-5E0C0CB4DD65', '001|', '192.168.1.103', '2011-11-26 13:15:12');
INSERT INTO `login_log_p` VALUES ('269CEFEB-67A3-481F-9142-DF15E6C7202E', 'anonymous|', '192.168.1.103', '2012-09-10 11:40:47');
INSERT INTO `login_log_p` VALUES ('27255170-0926-42DD-BF8B-45D20D69B4D1', 'anonymous|', '192.168.1.112', '2012-03-23 18:00:01');
INSERT INTO `login_log_p` VALUES ('275B005C-E72E-4281-A6D1-2CD389AC4D78', 'anonymous|', '192.168.1.107', '2012-11-08 10:12:30');
INSERT INTO `login_log_p` VALUES ('2808E396-34EA-4B01-8ECB-0B72B94A5164', 'anonymous|', '192.168.1.250', '2012-07-11 14:52:24');
INSERT INTO `login_log_p` VALUES ('29A6FD8E-3F69-4EEC-A5C4-0706C227BB52', '001|', '192.168.1.106', '2012-05-07 11:37:38');
INSERT INTO `login_log_p` VALUES ('29CA2D77-25BA-4987-8AD1-DBA6AD3637D9', '001|', '127.0.0.1', '2011-08-24 23:33:40');
INSERT INTO `login_log_p` VALUES ('29E5F036-ABB5-49B5-92EA-57CD9A077C84', 'anonymous|', '192.168.1.110', '2012-10-29 13:32:58');
INSERT INTO `login_log_p` VALUES ('2A00E72F-8DEB-413D-BC84-2B87D4DAB0D4', '001|', '127.0.0.1', '2011-08-21 11:21:12');
INSERT INTO `login_log_p` VALUES ('2A5FCFE6-C252-44B7-B980-51A2F514EA26', '001|', '192.168.1.104', '2012-11-02 15:18:56');
INSERT INTO `login_log_p` VALUES ('2A723397-F714-42EF-9F01-06FD4AED1C48', '001|', '127.0.0.1', '2011-08-21 22:26:22');
INSERT INTO `login_log_p` VALUES ('2AFE3F35-5AB3-45B8-ACAC-2787AE781149', '001|', '127.0.0.1', '2011-08-21 09:22:27');
INSERT INTO `login_log_p` VALUES ('2B12F143-58A4-4E8C-886C-DB1BCF40725B', '001|', '192.168.1.110', '2012-02-16 16:27:56');
INSERT INTO `login_log_p` VALUES ('2B2C5E4F-19ED-4D8C-BF25-A7BD1395A5A4', '001|', '127.0.0.1', '2011-10-06 17:12:23');
INSERT INTO `login_log_p` VALUES ('2B39C82C-C07D-4414-8683-5A24E5160708', '001|', '192.168.1.106', '2012-10-30 09:46:59');
INSERT INTO `login_log_p` VALUES ('2B63F315-7BA2-4E7C-8D34-FD807D8FD294', 'anonymous|', '192.168.1.109', '2012-08-14 09:31:03');
INSERT INTO `login_log_p` VALUES ('2BBB1453-BF9D-4012-A088-5636711B800E', '001|', '192.168.1.115', '2012-01-21 09:00:40');
INSERT INTO `login_log_p` VALUES ('2BC77AB7-5AE2-4775-B921-A2988D1F4330', 'anonymous|', '192.168.1.107', '2012-10-30 16:18:25');
INSERT INTO `login_log_p` VALUES ('2BC9E787-7CCB-494B-921F-81DDAA84BBC9', 'anonymous|', '192.168.1.117', '2012-02-15 17:25:09');
INSERT INTO `login_log_p` VALUES ('2C05F161-0CF9-4142-ABD1-DF151D1686DB', '001|', '192.168.1.110', '2012-02-27 10:52:13');
INSERT INTO `login_log_p` VALUES ('2C316061-4B54-42E2-BBB9-B348254250E8', '001|', '127.0.0.1', '2011-08-19 22:59:09');
INSERT INTO `login_log_p` VALUES ('2C3B9D8C-5837-47D2-A51B-085742BC3246', '001|', '127.0.0.1', '2011-10-03 09:00:48');
INSERT INTO `login_log_p` VALUES ('2CAA2DB1-7038-47F6-9ED8-930DC93C5FC7', '001|', '192.168.1.103', '2012-09-11 11:14:38');
INSERT INTO `login_log_p` VALUES ('2CD25F48-1E15-4BB3-998C-E686C2BF975C', '001|', '192.168.1.110', '2012-01-18 13:55:13');
INSERT INTO `login_log_p` VALUES ('2CE7EBAA-F0BC-44AD-A3FA-A549378C6987', '001|', '192.168.1.102', '2011-09-24 10:21:22');
INSERT INTO `login_log_p` VALUES ('2D05D3DF-A38D-4886-8658-9F2F4470F22A', '001|', '127.0.0.1', '2011-08-21 18:38:44');
INSERT INTO `login_log_p` VALUES ('2D475E0C-F15E-4ED0-98C9-75EFB1F16314', 'anonymous|', '192.168.1.114', '2012-05-17 11:25:09');
INSERT INTO `login_log_p` VALUES ('2D54E569-6F8B-4281-B3A0-404F7026E2F8', 'anonymous|', '192.168.1.107', '2012-10-31 14:28:03');
INSERT INTO `login_log_p` VALUES ('2D5ADBFC-2675-4415-92F8-1BF82FF34463', '001|', '127.0.0.1', '2011-09-21 20:09:38');
INSERT INTO `login_log_p` VALUES ('2D77EEA3-EABC-428E-8DE1-E8748B82A393', 'anonymous|', '192.168.1.106', '2012-09-14 09:20:26');
INSERT INTO `login_log_p` VALUES ('2DABB6F3-DB4F-4707-BF9C-A9385E352A47', 'anonymous|', '192.168.1.110', '2012-10-29 14:07:55');
INSERT INTO `login_log_p` VALUES ('2DB43E71-B5A2-471A-B242-968058C117A0', 'anonymous|', '127.0.0.1', '2012-11-27 10:52:46');
INSERT INTO `login_log_p` VALUES ('2E3E9EE3-91B3-4F15-B46B-AB70DB44D475', '001|', '192.168.1.109', '2012-11-23 15:32:02');
INSERT INTO `login_log_p` VALUES ('2E68F221-90A0-447F-9645-51ECF0C528AB', 'anonymous|', '192.168.1.114', '2012-01-20 11:58:43');
INSERT INTO `login_log_p` VALUES ('2EC56A38-103E-4955-A74D-D251C6631A55', '001|', '127.0.0.1', '2011-10-18 09:42:25');
INSERT INTO `login_log_p` VALUES ('2FEE3C8B-97BA-4C2C-A533-95C62D75BD6E', 'anonymous|', '192.168.1.107', '2012-05-02 15:11:24');
INSERT INTO `login_log_p` VALUES ('2FF8499A-6EAD-4548-BEE9-0CA7DDB48484', '001|', '192.168.1.104', '2012-06-19 16:07:22');
INSERT INTO `login_log_p` VALUES ('3004CDF0-3AC6-458C-BC62-AF5B6C7F601D', '001|', '127.0.0.1', '2011-08-21 20:12:20');
INSERT INTO `login_log_p` VALUES ('3012147C-9F5B-4FEF-9CDF-882E0E3E2875', 'anonymous|', '192.168.1.110', '2012-10-29 13:13:23');
INSERT INTO `login_log_p` VALUES ('3017ACD7-8D6E-449E-827D-3540A8178AFF', '001|', '127.0.0.1', '2011-08-27 11:45:24');
INSERT INTO `login_log_p` VALUES ('301CADBD-923A-47DD-B705-114A4773571E', '001|', '192.168.1.110', '2012-01-18 16:08:47');
INSERT INTO `login_log_p` VALUES ('307270B4-10AA-4752-BE69-E1F7C1DCE976', '001|', '127.0.0.1', '2011-10-03 08:35:09');
INSERT INTO `login_log_p` VALUES ('30ACD6F4-D048-4811-912E-6D6809EBE4B4', '001|', '127.0.0.1', '2011-08-28 11:40:22');
INSERT INTO `login_log_p` VALUES ('30F95314-499F-4CB7-9E00-BB81AE7D3056', '001|', '192.168.1.115', '2012-01-29 14:05:28');
INSERT INTO `login_log_p` VALUES ('31123A9E-A283-4D66-B489-82C7F3363BBC', '001|', '192.168.1.109', '2012-11-23 09:51:53');
INSERT INTO `login_log_p` VALUES ('31980BD3-FB24-4995-B8A7-1FFF59E461DA', '001|', '192.168.1.103', '2011-10-18 10:10:30');
INSERT INTO `login_log_p` VALUES ('31A64C2A-77DE-4019-815E-E43A39E4AAEE', '001|', '127.0.0.1', '2011-10-04 23:01:46');
INSERT INTO `login_log_p` VALUES ('31CAFFF3-C60C-4D42-B984-57F36B744687', '001|', '127.0.0.1', '2011-09-26 00:18:49');
INSERT INTO `login_log_p` VALUES ('3207E308-BA72-400A-9502-221776DB9C35', 'anonymous|', '192.168.1.103', '2011-12-02 17:15:22');
INSERT INTO `login_log_p` VALUES ('322DAB4D-BECF-44B7-A47B-9685D4EDC894', '001|', '192.168.1.102', '2011-09-24 10:00:26');
INSERT INTO `login_log_p` VALUES ('32B8F34E-E3F4-47B7-BFBD-A62E16B3908F', '001|', '192.168.1.110', '2012-01-13 15:43:35');
INSERT INTO `login_log_p` VALUES ('33585EF7-72B6-4045-9372-1054069BE70E', '001|', '192.168.1.114', '2012-04-01 13:52:06');
INSERT INTO `login_log_p` VALUES ('3396FDD3-58A0-4E09-A939-0D36BC5799A6', '001|', '127.0.0.1', '2011-09-28 23:03:46');
INSERT INTO `login_log_p` VALUES ('33ECC45B-E6D2-449D-BE4D-F679345A335C', '001|', '127.0.0.1', '2011-10-07 13:00:08');
INSERT INTO `login_log_p` VALUES ('351944AC-38F7-44E4-9CEB-E004115DDF43', '001|', '192.168.1.106', '2012-10-30 13:42:57');
INSERT INTO `login_log_p` VALUES ('354EAEB5-F559-4318-B9B1-6DCE6FEEE7C3', '001|', '192.168.1.109', '2012-11-23 09:35:23');
INSERT INTO `login_log_p` VALUES ('3575CB46-95ED-4B0F-8E1A-A8F391BFCCCD', '001|', '192.168.1.109', '2012-11-09 10:19:23');
INSERT INTO `login_log_p` VALUES ('35898414-7715-44EA-9756-8B0862E31302', 'anonymous|', '192.168.1.117', '2012-02-15 17:48:34');
INSERT INTO `login_log_p` VALUES ('35C0536F-C3A5-4EAF-A011-83612EB473C8', '001|', '192.168.1.110', '2012-02-14 10:58:01');
INSERT INTO `login_log_p` VALUES ('363812C2-DDFD-44E7-B474-E5DC90D639BF', '001|', '127.0.0.1', '2011-09-18 14:18:59');
INSERT INTO `login_log_p` VALUES ('364F49C2-3367-4717-874C-78444AC13818', 'anonymous|', '192.168.1.112', '2012-03-23 18:09:55');
INSERT INTO `login_log_p` VALUES ('36EA9239-F568-40EC-AC3D-8BC20FD0EE5F', '001|', '127.0.0.1', '2011-10-06 23:57:13');
INSERT INTO `login_log_p` VALUES ('37009E43-C1C5-4305-A4C3-EA36D95BC5B6', 'anonymous|', '192.168.1.110', '2012-10-29 12:57:52');
INSERT INTO `login_log_p` VALUES ('370F8792-2AEF-48EE-9F96-E5C5538D6131', '001|', '127.0.0.1', '2011-10-01 20:30:28');
INSERT INTO `login_log_p` VALUES ('3718C124-5F93-4786-8E18-6EF70E9FEB10', '001|', '192.168.1.109', '2012-11-09 10:37:42');
INSERT INTO `login_log_p` VALUES ('375076D6-2835-40B2-A832-7D61E0B1D557', '001|', '192.168.1.102', '2011-09-24 10:03:17');
INSERT INTO `login_log_p` VALUES ('3783FB98-7D1D-4500-B9AB-C2808FA90F91', 'anonymous|', '192.168.1.112', '2012-03-23 18:00:01');
INSERT INTO `login_log_p` VALUES ('383B8C8B-6EC5-40ED-9E26-8D75DF7E3AB3', '001|', '192.168.1.106', '2012-05-05 09:57:13');
INSERT INTO `login_log_p` VALUES ('38B3158C-947C-4413-8487-EE381D3DB125', '001|', '127.0.0.1', '2011-10-07 01:56:45');
INSERT INTO `login_log_p` VALUES ('390FD75A-9698-4D9A-A649-00D6C32221DE', '001|', '192.168.1.112', '2012-05-17 11:19:59');
INSERT INTO `login_log_p` VALUES ('395471C7-BEB7-46E4-8B4C-ED97BBBCFFDE', '001|', '127.0.0.1', '2011-10-01 18:36:30');
INSERT INTO `login_log_p` VALUES ('3B180289-F46D-4CBB-A156-66F80B9CB3AE', '001|', '192.168.1.106', '2012-05-05 11:45:51');
INSERT INTO `login_log_p` VALUES ('3B5EE029-4C94-4A38-B027-73776B14D464', '001|', '192.168.1.102', '2012-09-19 10:44:00');
INSERT INTO `login_log_p` VALUES ('3BC7C2E2-D054-4883-ADFB-C14B76F6C656', '001|', '192.168.1.115', '2012-01-31 13:24:29');
INSERT INTO `login_log_p` VALUES ('3CB24C26-AAD5-443D-89C4-BDC69B95A745', 'anonymous|', '192.168.1.111', '2012-09-06 10:05:59');
INSERT INTO `login_log_p` VALUES ('3D585F12-C8FC-42EE-9BB1-2052258A755A', '001|', '192.168.1.103', '2012-09-11 11:01:03');
INSERT INTO `login_log_p` VALUES ('3DE2D3DF-699A-4AB1-A5E3-C60E10A05A46', 'anonymous|', '192.168.1.103', '2011-12-02 14:10:45');
INSERT INTO `login_log_p` VALUES ('3E315916-5B39-49F9-9CD8-096FAE73E73C', 'anonymous|', '192.168.1.103', '2012-05-17 08:45:54');
INSERT INTO `login_log_p` VALUES ('3E553D1D-CF27-4FCA-837A-5F5004DB2206', 'anonymous|', '192.168.1.107', '2012-05-02 16:08:37');
INSERT INTO `login_log_p` VALUES ('3E8A6DD2-CD6D-44B3-BBF4-EEFC4C935BF4', '001|', '127.0.0.1', '2011-08-21 19:53:47');
INSERT INTO `login_log_p` VALUES ('3E8C4B3B-54DF-4446-89A4-596AEE9B1092', 'anonymous|', '192.168.1.103', '2012-05-17 10:49:41');
INSERT INTO `login_log_p` VALUES ('3EE2FF28-128A-42AA-B6D3-F6FF5780C202', '001|', '127.0.0.1', '2011-10-06 17:53:30');
INSERT INTO `login_log_p` VALUES ('3EE5ADD6-9C81-464E-8763-25761411DC3A', 'anonymous|', '192.168.1.117', '2012-02-15 15:02:22');
INSERT INTO `login_log_p` VALUES ('3FCC961F-77A8-4799-8438-F4D59C5869E0', 'anonymous|', '192.168.1.106', '2012-03-29 16:31:57');
INSERT INTO `login_log_p` VALUES ('3FCEE369-9FEC-4777-B1A7-C30A65957338', 'anonymous|', '192.168.1.104', '2011-10-31 08:24:19');
INSERT INTO `login_log_p` VALUES ('3FCFD611-252A-4394-8619-D99954FFF6E0', '001|', '192.168.1.114', '2012-03-31 16:07:05');
INSERT INTO `login_log_p` VALUES ('3FDB6D6A-1018-4DEF-B3EB-1E7D049624D9', '001|', '192.168.1.110', '2012-01-13 17:01:18');
INSERT INTO `login_log_p` VALUES ('40234015-D7AD-4BF2-AB40-1D94288581FD', '001|', '192.168.1.115', '2012-02-03 16:01:58');
INSERT INTO `login_log_p` VALUES ('403F1176-00FE-48BE-8E12-F198E2386EE7', '001|', '127.0.0.1', '2011-08-24 23:37:40');
INSERT INTO `login_log_p` VALUES ('40865F80-E37D-48F9-AA82-57B09AF0A82C', '001|', '192.168.1.115', '2012-01-31 13:47:51');
INSERT INTO `login_log_p` VALUES ('426C3C26-AA4F-415E-B878-5900BCDD3DC6', '001|', '127.0.0.1', '2013-03-09 23:33:34');
INSERT INTO `login_log_p` VALUES ('42E5C875-C6E1-40B5-B761-41886A3DE524', '001|', '127.0.0.1', '2011-08-21 17:51:06');
INSERT INTO `login_log_p` VALUES ('42ED3BDD-54FA-4A48-9248-37609E8EFC41', 'anonymous|', '192.168.1.103', '2012-05-17 09:15:51');
INSERT INTO `login_log_p` VALUES ('43068DB6-11D5-45BA-993F-BFD99C885712', '001|', '127.0.0.1', '2011-09-14 20:13:49');
INSERT INTO `login_log_p` VALUES ('439F16C1-3AF0-4765-9679-A7D5AE5E95C9', 'anonymous|', '192.168.1.106', '2012-03-29 16:36:13');
INSERT INTO `login_log_p` VALUES ('44EF6141-6ABA-4F48-8C87-2E61E6A1672E', '001|', '127.0.0.1', '2011-08-20 22:50:53');
INSERT INTO `login_log_p` VALUES ('45430562-13B1-4ADA-8203-30E6A6D32260', '001|', '127.0.0.1', '2011-09-04 09:13:09');
INSERT INTO `login_log_p` VALUES ('457D45ED-70D5-4317-BE39-DCA24D510DCD', 'anonymous|', '192.168.1.106', '2012-03-30 09:12:27');
INSERT INTO `login_log_p` VALUES ('45B4BB2F-0F8B-47E0-97F7-9B261D36DE9A', '001|', '127.0.0.1', '2012-11-27 11:38:20');
INSERT INTO `login_log_p` VALUES ('463031C6-2A53-4470-8AD9-8A80EAEA9C0E', 'liuxiaoshan||', '192.168.1.107', '2012-05-02 17:19:53');
INSERT INTO `login_log_p` VALUES ('46A7E187-2670-4957-8034-A47A4B6873F2', '001|', '127.0.0.1', '2011-08-22 23:32:51');
INSERT INTO `login_log_p` VALUES ('46D48948-8A15-4C4E-9726-526D6E08556F', '001|', '192.168.1.103', '2012-10-18 16:27:06');
INSERT INTO `login_log_p` VALUES ('47980F1D-1B30-4D92-9DBE-B4C031B7BB43', '001|', '127.0.0.1', '2011-08-27 12:07:59');
INSERT INTO `login_log_p` VALUES ('47A44E8B-0001-4624-B728-051966DFB3B8', '001|', '127.0.0.1', '2011-09-06 16:13:03');
INSERT INTO `login_log_p` VALUES ('47B43958-A874-4F23-A43A-8CBA063A3899', '001|', '127.0.0.1', '2011-08-27 11:59:43');
INSERT INTO `login_log_p` VALUES ('47F1633E-F2AF-43A0-9C84-BFA4C8EF9AD5', '001|', '127.0.0.1', '2011-10-05 08:19:06');
INSERT INTO `login_log_p` VALUES ('48ED0172-6E12-4B23-AAF2-BB35F98C4924', '001|', '127.0.0.1', '2011-09-25 23:26:23');
INSERT INTO `login_log_p` VALUES ('48F0886B-32A9-47A1-B6BB-49EBA31761F1', '001|', '127.0.0.1', '2011-10-06 16:45:51');
INSERT INTO `login_log_p` VALUES ('49349870-4E61-421E-8DBA-0B4FB9CDA90D', '001|', '127.0.0.1', '2011-08-27 22:08:26');
INSERT INTO `login_log_p` VALUES ('4A19FE79-C846-4B59-AE31-1AAF089B671F', '001|', '192.168.1.103', '2012-01-20 15:33:16');
INSERT INTO `login_log_p` VALUES ('4A245A22-6647-41F9-93F1-343F75F8E5BA', 'anonymous|', '192.168.1.105', '2011-11-04 16:06:38');
INSERT INTO `login_log_p` VALUES ('4A8315A7-BF69-4832-A987-3D652FC1CB70', 'anonymous|', '192.168.1.103', '2012-09-14 16:34:34');
INSERT INTO `login_log_p` VALUES ('4A91C497-7179-44BC-B043-A8EE81A6B7B6', 'anonymous|', '192.168.1.103', '2011-12-02 12:17:05');
INSERT INTO `login_log_p` VALUES ('4AC5113C-442A-47F3-A699-4F18396F6156', 'anonymous|', '192.168.1.114', '2012-01-20 11:51:47');
INSERT INTO `login_log_p` VALUES ('4ADFDFF0-FBBD-4EC6-B452-EC30A5F20E7F', '001|', '192.168.1.115', '2012-02-03 10:05:42');
INSERT INTO `login_log_p` VALUES ('4B057C80-5E9B-4FA3-9214-C5525BC99655', 'anonymous|', '192.168.1.112', '2012-06-01 15:57:20');
INSERT INTO `login_log_p` VALUES ('4B3339D6-8FDF-4A80-A5D7-B8DE58E56CAD', '001|', '192.168.1.115', '2012-02-02 08:55:56');
INSERT INTO `login_log_p` VALUES ('4B8C7A1B-BB50-4180-87E2-998AE790B85D', '001|', '127.0.0.1', '2011-10-06 17:46:04');
INSERT INTO `login_log_p` VALUES ('4C7B3E46-9DF8-42B0-A461-B74A1FBDF745', '001|', '127.0.0.1', '2011-08-30 06:33:37');
INSERT INTO `login_log_p` VALUES ('4CD33CE0-2FF9-4A61-8A89-646628045D66', '001|', '192.168.1.106', '2012-10-30 15:57:17');
INSERT INTO `login_log_p` VALUES ('4D0CA543-EF7C-4A86-AB79-265308123C1D', '001|', '192.168.1.110', '2012-02-09 10:49:46');
INSERT INTO `login_log_p` VALUES ('4D672DA9-276C-46A9-942D-DBF7C344A31A', 'anonymous|', '192.168.1.117', '2012-02-15 14:46:29');
INSERT INTO `login_log_p` VALUES ('4DAAEA8B-ED71-40C4-AACC-C81DF580DB5E', 'anonymous|', '192.168.1.103', '2011-12-02 13:50:03');
INSERT INTO `login_log_p` VALUES ('4DD7A416-1D2F-4A4C-A41B-F4C7B8AB7086', 'anonymous|', '192.168.1.107', '2012-11-08 11:27:01');
INSERT INTO `login_log_p` VALUES ('4DDEBB5E-2049-4C9F-8192-7551428F5B64', '001|', '192.168.1.106', '2011-10-18 11:30:49');
INSERT INTO `login_log_p` VALUES ('4DF70734-DC02-4AD1-9167-AC86C388794D', '001|', '192.168.1.109', '2012-11-23 15:50:17');
INSERT INTO `login_log_p` VALUES ('4E59D1E9-827F-4D77-A5F9-5573B91BFE9B', 'anonymous|', '192.168.1.103', '2011-12-02 17:00:21');
INSERT INTO `login_log_p` VALUES ('4E61A8CE-9D32-43DD-BF56-09FD259836CC', 'anonymous|', '192.168.1.107', '2012-10-30 16:23:22');
INSERT INTO `login_log_p` VALUES ('4E74706C-E748-4460-BB0D-8A689EE054B8', 'anonymous|', '192.168.1.103', '2012-09-10 11:09:00');
INSERT INTO `login_log_p` VALUES ('4E7B89F4-9FC0-41CE-9707-D8970B65020A', '001|', '192.168.1.106', '2012-10-30 10:11:19');
INSERT INTO `login_log_p` VALUES ('4EF7C984-5E04-4C3F-82EC-A209BBEE9BB1', '001|', '192.168.1.114', '2012-04-01 14:17:14');
INSERT INTO `login_log_p` VALUES ('4F1FC363-7BD4-4BA3-9C13-D398B760FCA7', '001|', '192.168.1.110', '2012-01-31 16:37:48');
INSERT INTO `login_log_p` VALUES ('4F503A4B-8DF7-4518-AFC2-B3EBC64A48F8', '001|', '127.0.0.1', '2011-08-22 18:49:53');
INSERT INTO `login_log_p` VALUES ('4F6651B3-F05A-43E9-B7CD-77C2A48CB3E8', '001|', '192.168.1.115', '2012-02-03 11:58:15');
INSERT INTO `login_log_p` VALUES ('4FB5949C-3503-4EE4-9C9B-78144F7E9C03', '001|', '192.168.1.115', '2012-02-01 10:54:41');
INSERT INTO `login_log_p` VALUES ('4FCF4A54-1C6D-4C79-BD28-BAA3E6D0726E', 'anonymous|', '192.168.1.106', '2012-03-29 15:56:52');
INSERT INTO `login_log_p` VALUES ('4FD63E18-812C-47E2-AFE0-EADC7B5C1E91', '001|', '192.168.1.110', '2012-01-17 12:01:34');
INSERT INTO `login_log_p` VALUES ('4FE246EE-CE00-4776-B5AB-BF47A357C8D7', 'anonymous|', '192.168.1.117', '2012-02-15 15:02:27');
INSERT INTO `login_log_p` VALUES ('4FEA45AE-194E-464E-9E3C-6BEB249C6747', '001|', '192.168.1.102', '2012-09-19 09:22:06');
INSERT INTO `login_log_p` VALUES ('4FF98B4D-DE53-49E4-8CC7-11592737786C', '001|', '127.0.0.1', '2011-09-25 20:28:54');
INSERT INTO `login_log_p` VALUES ('507036DE-CDE7-4A15-9494-BA0D61EE252E', 'anonymous|', '192.168.1.117', '2012-02-15 15:18:07');
INSERT INTO `login_log_p` VALUES ('50BEC893-656B-4BC5-B69F-3607A66A1556', '001|', '192.168.1.115', '2012-01-31 13:41:34');
INSERT INTO `login_log_p` VALUES ('511712BA-CF9F-4B7E-BB54-F13B93F62D4B', '001|', '127.0.0.1', '2011-08-27 18:44:01');
INSERT INTO `login_log_p` VALUES ('51B21BA7-8D3D-4BEA-A013-285CACEC849B', '001|', '192.168.1.109', '2012-11-23 15:30:40');
INSERT INTO `login_log_p` VALUES ('51EDCA13-9867-4069-8CEC-A6F7720014CC', '001|', '127.0.0.1', '2011-09-04 23:24:50');
INSERT INTO `login_log_p` VALUES ('52052599-3860-4A97-9185-882A472E75B4', '001|', '192.168.1.104', '2012-07-19 09:44:25');
INSERT INTO `login_log_p` VALUES ('522FA07B-7023-4ACA-8626-441890D4DBFC', '001|', '192.168.1.110', '2012-01-20 15:29:10');
INSERT INTO `login_log_p` VALUES ('52935FA1-D468-4D9A-916A-69B8447E7E15', '001|', '192.168.1.102', '2012-07-23 15:26:08');
INSERT INTO `login_log_p` VALUES ('52D8FD3D-4474-46F5-9BAF-2B6E9D090EB2', 'anonymous|', '192.168.1.109', '2012-08-14 09:14:38');
INSERT INTO `login_log_p` VALUES ('532C7503-FCE6-4D68-B214-D0FC043A87CA', '001|', '192.168.1.110', '2012-01-16 10:19:37');
INSERT INTO `login_log_p` VALUES ('536F5D9D-6912-4071-8AF1-F69532EC38D7', '001|', '192.168.198.1', '2011-09-24 09:10:13');
INSERT INTO `login_log_p` VALUES ('53BA3CD2-7765-472D-AF06-6D9678B1382D', '001|', '127.0.0.1', '2011-10-03 08:57:21');
INSERT INTO `login_log_p` VALUES ('546C540F-77A0-4ED1-B8BC-64E7647B450B', '001|', '192.168.1.103', '2011-10-18 11:13:39');
INSERT INTO `login_log_p` VALUES ('5499D513-DF04-4ABC-8C9E-0886E08B4A2F', '001|', '192.168.1.106', '2012-10-30 15:48:37');
INSERT INTO `login_log_p` VALUES ('55B7DB5A-B2C2-420E-9E9A-AE6F6A7582B2', '001|', '192.168.1.115', '2012-01-31 14:06:35');
INSERT INTO `login_log_p` VALUES ('55D80221-B4EB-4A62-9B5D-177E4BBFD71E', '001|', '127.0.0.1', '2011-08-20 00:30:15');
INSERT INTO `login_log_p` VALUES ('56573699-39DF-4E68-8C7B-35F789393A04', 'anonymous|', '192.168.1.103', '2011-12-05 11:57:14');
INSERT INTO `login_log_p` VALUES ('56692AAE-3546-460F-871B-09D1BE4A1C47', '001|', '192.168.1.103', '2011-10-18 11:11:29');
INSERT INTO `login_log_p` VALUES ('568E760C-6D8A-49E9-BDDA-49114B3AB0B8', '001|', '192.168.1.106', '2012-05-08 10:14:21');
INSERT INTO `login_log_p` VALUES ('5723BD5B-4C62-4377-A319-1E4A1BF5DE32', '001|', '127.0.0.1', '2013-03-07 22:36:53');
INSERT INTO `login_log_p` VALUES ('575BCE37-83AD-4144-B205-3BD62210542E', '001|', '192.168.1.110', '2012-02-09 09:05:39');
INSERT INTO `login_log_p` VALUES ('576045F8-5D5F-46CA-8460-9F4A9CBD67A1', '001|', '127.0.0.1', '2011-08-27 21:39:39');
INSERT INTO `login_log_p` VALUES ('57AC4C5F-9543-4036-90B8-6C907EB93EFF', '001|', '192.168.1.115', '2012-02-02 10:56:42');
INSERT INTO `login_log_p` VALUES ('57D8D2AB-02AE-43D3-A05C-3ED09991AA1E', '001|', '192.168.1.106', '2012-05-07 14:18:06');
INSERT INTO `login_log_p` VALUES ('57ECA128-2A4C-4434-B758-7B95EF2F8715', 'anonymous|', '192.168.1.103', '2012-09-14 14:49:17');
INSERT INTO `login_log_p` VALUES ('58641A3B-445D-44BA-8E54-C01E8C3B807A', 'anonymous|', '192.168.1.112', '2012-03-23 16:44:21');
INSERT INTO `login_log_p` VALUES ('58740EF0-5121-4807-8DC5-742A4C7E03F7', '001|', '127.0.0.1', '2011-08-29 23:04:38');
INSERT INTO `login_log_p` VALUES ('5885DC82-06E2-4799-B4C9-37B1D8234D79', '001|', '192.168.1.103', '2012-09-11 15:31:37');
INSERT INTO `login_log_p` VALUES ('58D90853-EDD2-4EB9-82D8-C58FF51EEDC9', '001|', '127.0.0.1', '2011-08-28 10:34:07');
INSERT INTO `login_log_p` VALUES ('59BFAAF4-D1E7-4903-9BAA-05A3515C075D', '001|', '192.168.1.102', '2011-09-24 10:19:58');
INSERT INTO `login_log_p` VALUES ('59EEEBC1-07D7-49C1-90A2-EA2DD1438CCF', 'anonymous|', '192.168.1.105', '2012-04-17 09:44:07');
INSERT INTO `login_log_p` VALUES ('59F83FF6-3887-46FB-A5D4-B8F4A646427B', 'anonymous|', '192.168.1.101', '2012-08-31 09:58:27');
INSERT INTO `login_log_p` VALUES ('5A9D62F4-618C-4195-AC9E-BFC6B07A266D', '001|', '127.0.0.1', '2011-08-28 21:35:54');
INSERT INTO `login_log_p` VALUES ('5AAE780B-C129-4B2B-9C82-825135AC2617', '001|', '192.168.1.103', '2012-10-19 13:31:17');
INSERT INTO `login_log_p` VALUES ('5AC30ABC-D217-474F-A183-B12AE32EA6F4', '001|', '127.0.0.1', '2011-10-07 17:26:08');
INSERT INTO `login_log_p` VALUES ('5C35B59D-138A-4004-B1CD-46004075AF7D', '001|', '192.168.1.103', '2012-10-19 09:29:10');
INSERT INTO `login_log_p` VALUES ('5C633327-8966-493F-B0C0-DD259FDF66FB', '001|', '192.168.1.114', '2012-05-17 11:05:19');
INSERT INTO `login_log_p` VALUES ('5C63543A-9CA7-447C-A406-96CD9EC7A14C', '001|', '127.0.0.1', '2011-10-05 00:05:40');
INSERT INTO `login_log_p` VALUES ('5C6F4C47-E9DE-4E63-AFA6-9D3FC94254DA', 'anonymous|', '192.168.1.103', '2012-09-10 09:53:16');
INSERT INTO `login_log_p` VALUES ('5CA623D4-2520-4D6C-911E-706BDB8BB91B', '001|', '127.0.0.1', '2011-09-26 01:28:58');
INSERT INTO `login_log_p` VALUES ('5CBCE1AA-4470-4BC7-940D-30A27EAC4BE4', '001|', '192.168.1.112', '2012-05-21 09:52:25');
INSERT INTO `login_log_p` VALUES ('5CC8C4C3-D2BD-4D97-89A4-F58858534B6A', '001|', '192.168.1.106', '2012-05-05 09:33:44');
INSERT INTO `login_log_p` VALUES ('5CD97648-C89A-4626-87AF-FB98E5A8FFB8', 'anonymous|', '192.168.1.117', '2012-02-16 09:40:03');
INSERT INTO `login_log_p` VALUES ('5DA297A1-2F72-4898-98B6-CFC0E45734FF', '001|', '127.0.0.1', '2011-09-14 22:08:53');
INSERT INTO `login_log_p` VALUES ('5DBBE7B5-3712-4566-83EC-73E31BE4DA3F', '001|', '127.0.0.1', '2011-08-27 22:44:19');
INSERT INTO `login_log_p` VALUES ('5DF01839-9A88-4C55-911C-F31B74CB66DE', '001|', '127.0.0.1', '2011-10-01 20:52:04');
INSERT INTO `login_log_p` VALUES ('5E79F544-4613-4202-882C-A4643D8576F4', '001|', '127.0.0.1', '2011-08-28 14:21:04');
INSERT INTO `login_log_p` VALUES ('5FC5091C-9B41-4B2D-AE02-FA34E25CB6CC', '001|', '192.168.1.115', '2012-02-02 11:42:50');
INSERT INTO `login_log_p` VALUES ('5FF1CD33-99C7-443F-9FB6-68419532CF07', '001|', '192.168.1.104', '2012-11-02 09:33:42');
INSERT INTO `login_log_p` VALUES ('6013B555-4961-4E8D-9D53-71EAB8F58768', '001|', '192.168.1.115', '2012-01-31 11:00:26');
INSERT INTO `login_log_p` VALUES ('6041D286-9F10-479A-83FE-014996C2DA72', '001|', '127.0.0.1', '2011-09-21 22:15:01');
INSERT INTO `login_log_p` VALUES ('607E3C00-84EC-4CDC-B144-1D5B9AEE0CD0', '001|', '127.0.0.1', '2011-10-07 01:48:28');
INSERT INTO `login_log_p` VALUES ('609A1D93-F539-48F1-90CE-201C78D06D2D', 'anonymous|', '192.168.1.103', '2012-09-14 16:29:33');
INSERT INTO `login_log_p` VALUES ('60DA5D79-9FB9-4398-9B9F-8A280A0073D3', '001|', '192.168.1.103', '2012-09-11 15:08:40');
INSERT INTO `login_log_p` VALUES ('61081B70-8FC4-4824-9EF1-F454BC7B3F97', '001|', '127.0.0.1', '2011-09-18 12:10:12');
INSERT INTO `login_log_p` VALUES ('613D6342-0792-4492-8E2D-50A43A14ED84', '001|', '192.168.1.103', '2011-12-02 09:19:00');
INSERT INTO `login_log_p` VALUES ('615A38E7-A667-4D3C-AF50-C82908949C21', '001|', '192.168.1.103', '2012-01-20 15:35:52');
INSERT INTO `login_log_p` VALUES ('61903231-076A-48F4-BFA7-1C8A6B2C104D', 'anonymous|', '192.168.1.111', '2012-09-06 14:39:38');
INSERT INTO `login_log_p` VALUES ('61BA34BF-A5D1-484C-859B-9A2D569404D1', '001|', '192.168.1.103', '2011-10-18 10:05:29');
INSERT INTO `login_log_p` VALUES ('61CD9F26-F01A-4711-A0EC-705E949F1B6E', '001|', '192.168.1.103', '2012-10-19 11:00:12');
INSERT INTO `login_log_p` VALUES ('61D75EE0-8B8B-438B-B450-9F6AF64504EC', '001|', '192.168.1.115', '2012-02-01 12:07:22');
INSERT INTO `login_log_p` VALUES ('61DD5FC3-7AE6-4194-B319-82A61D15C500', '001|', '127.0.0.1', '2013-03-07 22:38:27');
INSERT INTO `login_log_p` VALUES ('624D7D86-AD8D-4614-B49D-D08B551532B5', '001|', '127.0.0.1', '2011-10-04 09:12:28');
INSERT INTO `login_log_p` VALUES ('6264E92F-6845-47E2-8778-8497E162FEF4', '001|', '127.0.0.1', '2011-09-26 22:46:44');
INSERT INTO `login_log_p` VALUES ('630051EF-E94F-4F0E-8D44-FADD7E38A69F', '001|', '192.168.1.106', '2012-05-07 09:58:33');
INSERT INTO `login_log_p` VALUES ('63B692CC-DA2B-4F00-A787-4F0F9E05F7C8', 'anonymous|', '127.0.0.1', '2013-03-07 16:55:11');
INSERT INTO `login_log_p` VALUES ('63F5A562-33E2-4210-9055-CEAC483C9221', '001|', '127.0.0.1', '2011-09-18 10:12:55');
INSERT INTO `login_log_p` VALUES ('645A112F-922C-4702-A10A-6F4068DA9CF0', '001|', '192.168.1.103', '2012-01-20 16:02:23');
INSERT INTO `login_log_p` VALUES ('6466D93F-4100-41A7-8D6D-09A9A369D48A', '001|', '127.0.0.1', '2011-10-02 10:49:40');
INSERT INTO `login_log_p` VALUES ('64D7F1D4-1CA1-4841-8A61-6D3DAEE1F68B', 'anonymous|', '192.168.1.103', '2011-12-05 11:21:19');
INSERT INTO `login_log_p` VALUES ('64EBB200-B13B-4439-A797-893BDD810CF8', '001|', '192.168.1.110', '2012-01-17 12:03:11');
INSERT INTO `login_log_p` VALUES ('64F5E932-0467-4573-A80A-4A7B2176DB98', 'anonymous|', '192.168.1.109', '2012-08-14 09:54:21');
INSERT INTO `login_log_p` VALUES ('6541C6A9-3D52-4D21-A0B5-E18F6C92F093', '001|', '127.0.0.1', '2011-09-06 18:56:05');
INSERT INTO `login_log_p` VALUES ('6561A4F4-8A6D-4AFE-86F0-F75A03B93F82', '001|', '192.168.1.100', '2012-07-11 08:56:55');
INSERT INTO `login_log_p` VALUES ('656DA3B4-F6D4-4C4D-9D35-10F8AC566F09', 'anonymous|', '192.168.1.103', '2012-05-17 09:48:37');
INSERT INTO `login_log_p` VALUES ('6578B984-3E57-42C7-9A93-7587DDE4B7A0', '001|', '127.0.0.1', '2011-08-21 21:02:31');
INSERT INTO `login_log_p` VALUES ('6587E26F-9140-48C0-9E42-6887077E9127', '001|', '127.0.0.1', '2011-08-21 22:53:03');
INSERT INTO `login_log_p` VALUES ('65BF6993-0A22-4749-8DF8-DC5213617402', '001|', '192.168.1.110', '2012-02-27 10:42:49');
INSERT INTO `login_log_p` VALUES ('660355DB-EBF7-43F7-BB81-148DD90ECE74', '001|', '127.0.0.1', '2011-09-23 00:04:08');
INSERT INTO `login_log_p` VALUES ('6654EB66-FDA4-4826-8466-D43D55B86252', '001|', '127.0.0.1', '2011-10-07 00:43:59');
INSERT INTO `login_log_p` VALUES ('66610C09-B85C-4FBF-9F42-70B7E51C2AAC', '001|', '192.168.1.106', '2012-10-30 15:05:50');
INSERT INTO `login_log_p` VALUES ('66C9121B-8AF7-412D-A93D-264AC05E8587', 'anonymous|', '192.168.1.103', '2012-09-14 16:44:29');
INSERT INTO `login_log_p` VALUES ('66DA4ABB-F2D8-44AE-A17F-75FE83A6A995', 'anonymous|', '192.168.1.111', '2012-09-06 09:40:32');
INSERT INTO `login_log_p` VALUES ('66EC12B6-3172-4A14-8FF4-90C38D43E2BC', '001|', '192.168.1.102', '2011-09-24 09:29:51');
INSERT INTO `login_log_p` VALUES ('672DE03E-8C16-4B91-8CF0-C8F1E21B492B', '001|', '192.168.1.103', '2012-01-20 15:56:48');
INSERT INTO `login_log_p` VALUES ('678FAFC5-BA38-4DF3-940A-591DF6871386', '001|', '127.0.0.1', '2011-08-27 12:19:06');
INSERT INTO `login_log_p` VALUES ('67F7FD53-B17C-44A6-8C3D-1BD1F6A7DC02', '001|', '192.168.1.106', '2012-05-05 09:57:31');
INSERT INTO `login_log_p` VALUES ('68777177-3A21-414E-A9E9-9F3514A77201', 'anonymous|', '192.168.1.107', '2012-11-08 13:38:36');
INSERT INTO `login_log_p` VALUES ('689A693A-949A-4DB9-A733-4AF6B84D4FA1', 'anonymous|', '192.168.1.105', '2011-11-04 16:06:38');
INSERT INTO `login_log_p` VALUES ('697F43C8-4E9C-48CD-939E-20A085BD2849', 'anonymous|', '192.168.1.110', '2012-10-29 13:27:10');
INSERT INTO `login_log_p` VALUES ('69B4E1BB-E3F9-441A-96CB-9D50EA5BCE14', 'anonymous|', '192.168.1.112', '2012-06-01 15:16:10');
INSERT INTO `login_log_p` VALUES ('69D91A7B-D65A-4A4D-8A74-7DFA84041944', '001|', '192.168.1.106', '2012-05-05 10:51:54');
INSERT INTO `login_log_p` VALUES ('69FDABE8-D5E1-4791-A7E4-DBCBB63014A6', 'anonymous|', '192.168.1.105', '2012-10-11 09:09:10');
INSERT INTO `login_log_p` VALUES ('6AA0150E-7B36-4BB4-9D80-9DBF98DECD3C', '001|', '127.0.0.1', '2011-08-21 19:20:41');
INSERT INTO `login_log_p` VALUES ('6ACB1B36-7DCF-4F0C-BCAF-3D7AD5CD017A', '001|', '192.168.1.103', '2011-10-18 10:20:52');
INSERT INTO `login_log_p` VALUES ('6AFC293D-97E3-4477-9D5D-7A5AB7407975', '001|', '127.0.0.1', '2011-08-27 11:09:17');
INSERT INTO `login_log_p` VALUES ('6B5AEA20-47A0-4968-89FB-BE8C7BB7F0FD', 'anonymous|', '192.168.1.107', '2012-11-08 10:49:16');
INSERT INTO `login_log_p` VALUES ('6B686828-F3C5-4088-9B79-C95C2957D838', '001|', '192.168.1.104', '2012-06-19 10:31:41');
INSERT INTO `login_log_p` VALUES ('6BD87552-B5AE-4534-9D72-03F755BC6BE5', 'anonymous|', '192.168.1.105', '2012-07-26 10:17:36');
INSERT INTO `login_log_p` VALUES ('6C16E450-D136-40B3-9FE4-3B3DE9225212', 'anonymous|', '192.168.1.111', '2012-09-06 09:33:43');
INSERT INTO `login_log_p` VALUES ('6C1E94AC-FA73-4DD2-85FF-A48812A47AC4', '001|', '192.168.1.115', '2012-02-03 11:59:46');
INSERT INTO `login_log_p` VALUES ('6C20D4FB-082B-4DEC-BFD9-7ACE6F1E33B7', '001|', '127.0.0.1', '2011-08-24 23:49:58');
INSERT INTO `login_log_p` VALUES ('6CCB907D-077F-4D81-B59C-65E3EAFA842E', '001|', '192.168.1.110', '2012-02-09 09:05:38');
INSERT INTO `login_log_p` VALUES ('6DDBB58B-387E-4CDA-AE3A-E222361FB936', '001|', '127.0.0.1', '2011-10-01 21:32:29');
INSERT INTO `login_log_p` VALUES ('6E3BCBB0-67B6-4824-9075-A1FFFF65900F', 'anonymous|', '192.168.1.103', '2012-09-14 14:31:13');
INSERT INTO `login_log_p` VALUES ('6E462F19-FA41-40F2-9E91-B945844A5905', '001|', '192.168.1.103', '2011-11-26 13:04:30');
INSERT INTO `login_log_p` VALUES ('6E5D04F5-639A-47B5-A334-9EA8DB062AA9', '001|', '192.168.1.103', '2012-10-19 09:54:05');
INSERT INTO `login_log_p` VALUES ('6E5F2E29-C381-4A51-BECB-E6E1F4D7116B', '001|', '192.168.1.115', '2012-02-03 15:26:42');
INSERT INTO `login_log_p` VALUES ('6EDC61D1-3CB6-4797-B554-7DBEE73F7D8C', '001|', '127.0.0.1', '2011-10-01 21:39:43');
INSERT INTO `login_log_p` VALUES ('6F412804-71E0-47A6-A77D-E2757762B3AA', '001|', '192.168.1.106', '2012-10-29 16:20:54');
INSERT INTO `login_log_p` VALUES ('6F7F02A4-2754-4B26-A992-3B1ACB64433F', '001|', '192.168.1.115', '2012-01-31 14:13:45');
INSERT INTO `login_log_p` VALUES ('70089D1E-2431-4A6A-9FAC-238B2A9C14F0', '001|', '192.168.1.115', '2012-02-03 12:03:52');
INSERT INTO `login_log_p` VALUES ('7030FF57-2438-46AE-81C4-058D41843C52', 'anonymous|', '192.168.1.105', '2011-11-04 16:42:24');
INSERT INTO `login_log_p` VALUES ('703411C9-B9F5-4AD9-AC90-D9ACB2EC9961', '001|', '192.168.1.102', '2011-09-24 10:07:22');
INSERT INTO `login_log_p` VALUES ('7038B59B-47A7-4BFE-A73A-8CEDD80A7E47', 'anonymous|', '192.168.1.112', '2012-07-26 08:45:53');
INSERT INTO `login_log_p` VALUES ('70F0375A-70E4-479F-80BE-EDA659110E82', '001|', '127.0.0.1', '2011-08-21 22:42:40');
INSERT INTO `login_log_p` VALUES ('71371376-EDCE-4770-A54E-D707CFA0D68D', '001|', '192.168.1.103', '2012-09-11 15:24:52');
INSERT INTO `login_log_p` VALUES ('714F0BD4-93E4-40C5-93F6-4FF0743B46B4', '001|', '192.168.1.103', '2012-10-18 16:36:31');
INSERT INTO `login_log_p` VALUES ('7183200A-83F8-46E8-BDE8-3B9E50951D1E', '001|', '192.168.1.103', '2012-09-11 16:07:20');
INSERT INTO `login_log_p` VALUES ('71B09C34-E1BA-4121-BBEF-74D8060DA784', '001|', '192.168.1.110', '2012-02-09 09:06:07');
INSERT INTO `login_log_p` VALUES ('7218126D-5946-4DD1-9D67-631481E23260', '001|', '127.0.0.1', '2011-08-19 23:33:01');
INSERT INTO `login_log_p` VALUES ('723C1E52-C98C-4785-8BE3-6EC48BD13AAD', '001|', '127.0.0.1', '2011-10-01 21:32:51');
INSERT INTO `login_log_p` VALUES ('725B2CA4-92CC-4580-9DD1-47C032AC5E35', 'anonymous|', '192.168.1.103', '2011-12-05 11:11:56');
INSERT INTO `login_log_p` VALUES ('7307C7A0-7BD3-4A74-97C1-A9A9C4FCB3E5', '001|', '192.168.1.110', '2012-01-20 15:15:01');
INSERT INTO `login_log_p` VALUES ('73096BA8-36EE-4E46-BE44-AC4F562E03FE', '001|', '127.0.0.1', '2011-10-01 22:47:49');
INSERT INTO `login_log_p` VALUES ('73271092-2068-4D97-A5E5-D5C99DB94CD9', 'anonymous|', '192.168.1.107', '2012-10-31 11:44:54');
INSERT INTO `login_log_p` VALUES ('73343453-D636-4696-93A3-F824FD7BA714', '001|', '192.168.1.110', '2012-02-16 15:57:15');
INSERT INTO `login_log_p` VALUES ('738B23BA-20D9-4AF0-88F6-25963CDDE2A5', '001|', '127.0.0.1', '2011-08-24 23:59:25');
INSERT INTO `login_log_p` VALUES ('7529AFE3-8576-4B52-AB4E-EF59EB3FCF2D', '001|', '127.0.0.1', '2011-08-28 03:12:30');
INSERT INTO `login_log_p` VALUES ('76115389-6984-4894-8894-9DF55F526CE5', 'anonymous|', '192.168.1.105', '2011-11-14 08:31:07');
INSERT INTO `login_log_p` VALUES ('7621C3A1-4987-49D4-81AA-79B5F221F266', '001|', '127.0.0.1', '2011-09-06 19:28:37');
INSERT INTO `login_log_p` VALUES ('7627E19C-099E-454C-A829-8CC544A0DB17', '001|', '192.168.1.102', '2011-09-24 10:19:58');
INSERT INTO `login_log_p` VALUES ('76334485-C09B-4D8F-B7DC-00522E7FD9A1', '001|', '127.0.0.1', '2011-10-01 21:43:23');
INSERT INTO `login_log_p` VALUES ('76473DDE-4313-4CCB-9BE7-ACCF40ECE6CB', 'anonymous|', '192.168.1.103', '2012-09-14 16:33:26');
INSERT INTO `login_log_p` VALUES ('764BA857-8176-46BC-85FD-E6ACDFA28FDA', '001|', '127.0.0.1', '2011-08-28 14:54:36');
INSERT INTO `login_log_p` VALUES ('765B0F25-5110-47EA-907F-CA6A6A62AEFF', '001|', '192.168.1.103', '2011-10-18 10:09:31');
INSERT INTO `login_log_p` VALUES ('7673601A-98FD-44ED-88D8-82D7CBF8A462', '001|', '192.168.1.102', '2012-09-19 10:56:37');
INSERT INTO `login_log_p` VALUES ('76A6AEB1-F1B4-4540-8202-ED4847568173', 'anonymous|', '127.0.0.1', '2013-03-07 16:53:11');
INSERT INTO `login_log_p` VALUES ('76BB29AE-2AA5-4A86-A1FB-9FA41D04B07B', '001|', '127.0.0.1', '2011-10-06 12:17:43');
INSERT INTO `login_log_p` VALUES ('77B6BE18-95EE-4A7E-8A2B-4F7802F3318D', '001|', '127.0.0.1', '2011-10-06 23:51:34');
INSERT INTO `login_log_p` VALUES ('77E4F2F2-054F-449A-AEF4-8AC75B4E9C4C', '001|', '127.0.0.1', '2011-10-04 10:50:59');
INSERT INTO `login_log_p` VALUES ('78570D44-ADE1-4682-858E-79FE83FD9C9C', '001|', '127.0.0.1', '2011-10-01 21:32:29');
INSERT INTO `login_log_p` VALUES ('786D2521-DC0E-4814-A1B6-4DA95CF1E1F5', '001|', '127.0.0.1', '2011-09-04 21:59:53');
INSERT INTO `login_log_p` VALUES ('787924A2-A9F5-4EAD-B4B1-328385534CB0', 'anonymous|', '192.168.1.117', '2012-02-15 14:43:34');
INSERT INTO `login_log_p` VALUES ('787E49CC-AC35-4C65-AA29-C9D85399A27C', 'anonymous|', '192.168.1.100', '2012-06-27 09:39:22');
INSERT INTO `login_log_p` VALUES ('78EBACC7-310B-4DB4-AE1D-95495659D7A9', '001|', '127.0.0.1', '2011-10-07 01:00:31');
INSERT INTO `login_log_p` VALUES ('78F83E52-00E8-47F8-9AE9-5FD7718A96F1', '001|', '127.0.0.1', '2011-10-06 16:57:15');
INSERT INTO `login_log_p` VALUES ('792A8547-6227-4613-A3A0-CD14F1E57272', '001|', '192.168.1.110', '2012-02-16 16:05:14');
INSERT INTO `login_log_p` VALUES ('798F1D28-73DC-4E77-9D42-6C413D9E9CD4', 'anonymous|', '192.168.1.112', '2012-05-02 15:11:16');
INSERT INTO `login_log_p` VALUES ('79A23823-00BF-48BD-8C16-24A73725DD0B', '001|', '192.168.1.102', '2011-09-24 10:31:15');
INSERT INTO `login_log_p` VALUES ('7A174D92-0094-4A81-9B3D-EE63701F458E', '001|', '127.0.0.1', '2011-08-27 14:36:31');
INSERT INTO `login_log_p` VALUES ('7A1B2D43-DB18-49C6-80E1-FF4E96717111', '001|', '192.168.1.103', '2012-10-18 17:26:10');
INSERT INTO `login_log_p` VALUES ('7A8F7602-DC8D-498F-A01E-2F122590A81B', '001|', '192.168.1.112', '2012-05-21 08:53:32');
INSERT INTO `login_log_p` VALUES ('7AB8EE8E-53AF-44BD-AECE-52F8DC5ACCC8', '001|', '127.0.0.1', '2011-10-01 21:32:29');
INSERT INTO `login_log_p` VALUES ('7B4A3A67-A5C2-4654-ACEE-A8A8F59E2D82', '001|', '127.0.0.1', '2011-09-28 23:46:34');
INSERT INTO `login_log_p` VALUES ('7B99B26E-4BAF-4580-821D-5B89497EEAB1', 'anonymous|', '192.168.1.110', '2012-10-29 14:23:41');
INSERT INTO `login_log_p` VALUES ('7BDCB745-3D72-4B1C-8DD7-79029409F5DB', 'anonymous|', '127.0.0.1', '2012-11-27 11:15:12');
INSERT INTO `login_log_p` VALUES ('7BEC04B3-9A25-4701-BCE3-85C9257B3BC7', '001|', '192.168.1.106', '2012-05-07 17:46:46');
INSERT INTO `login_log_p` VALUES ('7BF8F82F-39D5-4778-AF36-1AD03ECF40F3', 'anonymous|', '192.168.1.104', '2011-10-31 08:26:55');
INSERT INTO `login_log_p` VALUES ('7C0ECEE7-E6DC-4519-BCF2-6699908A27F9', '001|', '192.168.1.110', '2012-03-01 09:30:03');
INSERT INTO `login_log_p` VALUES ('7C1DC756-9D0B-4167-8018-35BB1750E36D', '001|', '127.0.0.1', '2013-03-09 23:00:20');
INSERT INTO `login_log_p` VALUES ('7C4318B1-F823-487F-884F-5A0177373468', '001|', '192.168.1.104', '2012-07-19 09:13:47');
INSERT INTO `login_log_p` VALUES ('7CABA1A9-9162-4BA0-A156-391B956390C8', 'anonymous|', '127.0.0.1', '2012-11-27 11:06:36');
INSERT INTO `login_log_p` VALUES ('7CD0BFB0-E729-488D-8BFF-C07083A48E0C', '001|', '127.0.0.1', '2011-08-27 13:56:43');
INSERT INTO `login_log_p` VALUES ('7D1ABAA3-A3AF-4912-BA49-4C96FED2717D', '001|', '192.168.1.115', '2012-02-01 12:29:41');
INSERT INTO `login_log_p` VALUES ('7D469830-1A3F-4FA7-BA38-8C4930620890', 'anonymous|', '192.168.1.103', '2011-12-02 17:14:05');
INSERT INTO `login_log_p` VALUES ('7D6B5A00-CCB6-4FB2-BE15-6DE3CC971AFF', 'anonymous|', '192.168.1.250', '2012-07-11 16:11:23');
INSERT INTO `login_log_p` VALUES ('7D8405FF-4F4C-4D2F-A9CD-53C551A777AD', '001|', '192.168.1.106', '2012-05-07 14:17:50');
INSERT INTO `login_log_p` VALUES ('7D8CB188-B0EB-420B-8D60-2128EA7A58BC', 'anonymous|', '192.168.1.112', '2012-03-23 15:50:51');
INSERT INTO `login_log_p` VALUES ('7D990CB4-0573-408D-BD66-BA6BDD29AD1A', '001|', '127.0.0.1', '2011-12-02 09:12:54');
INSERT INTO `login_log_p` VALUES ('7DC86574-6C83-4492-943E-53F16B75348C', '001|', '192.168.1.112', '2012-05-17 11:24:25');
INSERT INTO `login_log_p` VALUES ('7E0661F2-2D8A-4B41-9CEC-E23F8796C991', '001|', '192.168.1.103', '2012-10-18 13:07:09');
INSERT INTO `login_log_p` VALUES ('7E275BE4-4BBF-4D4C-971F-BC189360F6AC', '001|', '192.168.1.102', '2012-07-23 15:21:23');
INSERT INTO `login_log_p` VALUES ('7E3CF735-53E8-4AEA-BD58-C51D837F9A6E', '001|', '192.168.1.109', '2012-11-23 15:07:50');
INSERT INTO `login_log_p` VALUES ('7E4A0DD4-B453-432F-8BF5-2E5DE1EE6D79', '001|', '192.168.1.110', '2012-01-20 11:40:41');
INSERT INTO `login_log_p` VALUES ('7E522A3B-D629-40DC-A956-72CD4227315D', '001|', '192.168.1.115', '2012-01-31 13:54:50');
INSERT INTO `login_log_p` VALUES ('7EAFB091-B107-4D6B-BBB0-F6C7CC23AE88', '001|', '192.168.1.110', '2012-01-17 11:02:49');
INSERT INTO `login_log_p` VALUES ('7ED8F53E-F653-4D11-B03B-4F7880C21E58', 'anonymous|', '192.168.1.117', '2012-02-16 15:38:36');
INSERT INTO `login_log_p` VALUES ('7F13C191-A62E-47A6-A486-743E116140AE', '001|', '127.0.0.1', '2011-10-04 09:15:30');
INSERT INTO `login_log_p` VALUES ('7F29EB50-EED6-4FDE-9494-D88FA128AB8A', '001|', '192.168.1.102', '2011-09-24 10:28:08');
INSERT INTO `login_log_p` VALUES ('7F36645E-442E-4759-9BAF-15987E85269A', '001|', '192.168.1.114', '2012-05-17 11:16:33');
INSERT INTO `login_log_p` VALUES ('7F843B76-EA7A-4A7A-9904-87E4F0CE0681', '001|', '127.0.0.1', '2011-08-22 22:11:00');
INSERT INTO `login_log_p` VALUES ('7F9547B3-CD33-4213-B8BA-BC28ACE3966B', '001|', '192.168.1.104', '2012-11-02 09:33:43');
INSERT INTO `login_log_p` VALUES ('7FD56AF6-EA56-4414-A2FE-A256A2ECF572', 'anonymous|', '192.168.1.117', '2012-02-15 16:57:28');
INSERT INTO `login_log_p` VALUES ('8068858A-511D-4318-B7EE-F48913148F91', '001|', '127.0.0.1', '2011-08-27 21:53:22');
INSERT INTO `login_log_p` VALUES ('806D710C-A7AB-440A-8A53-E6FCD5A56D44', '001|', '192.168.1.104', '2012-11-02 09:33:42');
INSERT INTO `login_log_p` VALUES ('8089FF5F-F53C-40D9-AD10-9D00158F41FC', '001|', '127.0.0.1', '2011-10-01 20:16:36');
INSERT INTO `login_log_p` VALUES ('8139B9CA-4992-48AF-8B3B-FF766A346895', '001|', '127.0.0.1', '2011-09-25 22:09:28');
INSERT INTO `login_log_p` VALUES ('8140B398-1FC6-415A-9445-3EF6ADFF0705', '001|', '127.0.0.1', '2011-10-06 17:42:37');
INSERT INTO `login_log_p` VALUES ('8234FA2F-3C90-4BCD-B3F2-91F4F2613341', 'anonymous|', '192.168.1.103', '2011-12-02 17:01:20');
INSERT INTO `login_log_p` VALUES ('824DBCD8-CD46-4429-B3E8-0C6F05F252DC', '001|', '127.0.0.1', '2011-09-25 14:13:08');
INSERT INTO `login_log_p` VALUES ('82D11904-5801-411F-AA5D-A5D33D384206', '001|', '192.168.1.115', '2012-02-03 11:59:00');
INSERT INTO `login_log_p` VALUES ('8321F83A-B621-4ADD-BE08-3A226E273A0A', '001|', '192.168.1.102', '2012-09-19 10:42:24');
INSERT INTO `login_log_p` VALUES ('83AA147C-CC54-4B5E-B81E-B1E9121FA7E9', 'show||', '127.0.0.1', '2013-03-07 16:52:59');
INSERT INTO `login_log_p` VALUES ('83E1C4A9-92A1-4C1A-BA38-FBB0A974368A', '001|', '192.168.1.103', '2011-12-02 09:14:34');
INSERT INTO `login_log_p` VALUES ('84745B5D-1CD4-493D-AA9D-809300035202', '001|', '192.168.1.114', '2012-05-17 11:22:47');
INSERT INTO `login_log_p` VALUES ('8489A6BD-A10D-4B06-B234-92AC2BAB042D', '001|', '192.168.1.100', '2012-07-19 10:15:22');
INSERT INTO `login_log_p` VALUES ('84D89992-4401-46D5-A08D-9D9EF06D5375', '001|', '192.168.1.115', '2012-01-29 13:30:40');
INSERT INTO `login_log_p` VALUES ('8597181E-5261-4475-AAE7-53051C6D1868', '001|', '192.168.1.104', '2012-11-02 14:25:02');
INSERT INTO `login_log_p` VALUES ('85BAD8BC-D7C3-441E-8125-BD94D5941411', '001|', '127.0.0.1', '2011-09-04 23:13:03');
INSERT INTO `login_log_p` VALUES ('85FDB439-9D97-4FCD-960C-5F703B778A0F', 'anonymous|', '192.168.1.117', '2012-02-15 17:38:04');
INSERT INTO `login_log_p` VALUES ('864E0E18-8C52-4862-910B-30617821BC26', 'anonymous|', '192.168.1.107', '2012-11-08 09:12:07');
INSERT INTO `login_log_p` VALUES ('86645B76-31DC-4127-9E81-A8888BDFB7E3', '001|', '192.168.1.115', '2012-02-02 17:54:42');
INSERT INTO `login_log_p` VALUES ('8691E620-3EF6-46BB-9307-7AC91DA8BECB', '001|', '192.168.1.103', '2012-10-18 10:37:38');
INSERT INTO `login_log_p` VALUES ('86A81D0A-C35D-4BD2-A44F-8AAF616AA51A', '001|', '192.168.1.103', '2012-10-18 16:38:03');
INSERT INTO `login_log_p` VALUES ('8707775C-F6B0-4333-A69A-3F6BEEF38FB6', '001|', '192.168.1.115', '2012-01-31 10:15:25');
INSERT INTO `login_log_p` VALUES ('8708B0BC-E480-45EB-8B9E-6CFC49A17993', '001|', '127.0.0.1', '2013-03-09 23:30:31');
INSERT INTO `login_log_p` VALUES ('87164801-5025-4649-AF5F-0002A986A62F', 'anonymous|', '192.168.1.103', '2012-09-14 11:07:47');
INSERT INTO `login_log_p` VALUES ('872D9620-1D28-4F5F-9EE2-53BA63DA86CC', '001|', '127.0.0.1', '2011-09-25 23:32:33');
INSERT INTO `login_log_p` VALUES ('8767CE02-E28F-4A75-ADBE-6B352C9D0DA7', 'anonymous|', '192.168.1.105', '2011-11-04 16:06:47');
INSERT INTO `login_log_p` VALUES ('8776C25A-3C6B-4296-82AA-990FEFCE8293', '001|', '127.0.0.1', '2011-09-18 09:56:03');
INSERT INTO `login_log_p` VALUES ('881A37F0-E967-449F-9407-CD5D38FA1B48', '001|', '127.0.0.1', '2013-02-22 13:33:44');
INSERT INTO `login_log_p` VALUES ('881B9408-2E79-4283-A8B9-906C89FF20D1', '001|', '192.168.1.102', '2012-09-19 10:26:04');
INSERT INTO `login_log_p` VALUES ('88264BA3-0EE9-4437-AFF4-3D64E876E9DD', '001|', '192.168.1.250', '2011-10-31 08:11:13');
INSERT INTO `login_log_p` VALUES ('88383C22-5248-4262-989F-2FB661F78CF6', '001|', '127.0.0.1', '2011-08-21 18:40:34');
INSERT INTO `login_log_p` VALUES ('8851E361-91BA-4D5B-A9F4-A09A99F4F8D1', '001|', '127.0.0.1', '2011-10-07 17:14:46');
INSERT INTO `login_log_p` VALUES ('88851342-56D5-43D1-9BB3-BADEFD24B15F', '001|', '192.168.1.110', '2012-01-16 16:50:43');
INSERT INTO `login_log_p` VALUES ('896B0DF7-C9A8-4055-B88A-FD69AC2ADE62', '001|', '127.0.0.1', '2011-08-21 22:13:42');
INSERT INTO `login_log_p` VALUES ('89CE1CE3-9FC0-48B8-B6A9-20BA775077EA', '001|', '192.168.1.114', '2012-03-31 17:44:55');
INSERT INTO `login_log_p` VALUES ('89E1BF6A-7822-4609-8364-8EBA0B3D1C4F', 'anonymous|', '192.168.1.112', '2012-07-26 09:08:09');
INSERT INTO `login_log_p` VALUES ('89F1085C-2251-490D-A6FC-32F873ED814D', '001|', '127.0.0.1', '2011-11-26 11:39:17');
INSERT INTO `login_log_p` VALUES ('8A19B9A0-AE8D-4EF8-A260-FBBE63810C64', '001|', '192.168.1.110', '2012-02-16 16:06:12');
INSERT INTO `login_log_p` VALUES ('8A4F4A62-25C1-40C7-B82B-786FEB8982C6', 'anonymous|', '192.168.1.109', '2012-08-14 09:16:16');
INSERT INTO `login_log_p` VALUES ('8A8DBA9B-4D05-4415-A5D6-579698FEA5CA', 'anonymous|', '192.168.1.111', '2012-09-06 11:49:17');
INSERT INTO `login_log_p` VALUES ('8AF6923E-D6A6-436C-9D83-F47F5C5F5048', '001|', '127.0.0.1', '2011-09-04 10:47:12');
INSERT INTO `login_log_p` VALUES ('8B2E349B-FF31-41B6-8035-687EA3F3F60F', '001|', '192.168.1.103', '2012-10-18 16:37:27');
INSERT INTO `login_log_p` VALUES ('8B4EF89A-B85E-4C28-8A65-992A5D08EE7C', '001|', '192.168.1.105', '2011-09-24 10:50:53');
INSERT INTO `login_log_p` VALUES ('8B5D3124-AD4E-450F-A31E-A3F6D693999F', 'anonymous|', '192.168.1.112', '2012-06-01 10:05:00');
INSERT INTO `login_log_p` VALUES ('8BB0A4E1-9800-4EB1-B461-F9CF4299D049', '001|', '192.168.1.103', '2012-09-11 15:41:21');
INSERT INTO `login_log_p` VALUES ('8C176BC8-310C-4E53-82BC-04E38DC2CF9D', '001|', '192.168.1.104', '2012-06-19 16:25:32');
INSERT INTO `login_log_p` VALUES ('8C2070CB-FC09-4AFC-BB74-6DABEAA9384F', '001|', '192.168.1.110', '2012-01-13 16:41:56');
INSERT INTO `login_log_p` VALUES ('8C42C4C6-CB28-456B-A637-7F4FE690BCE5', '001|', '192.168.1.104', '2012-11-02 10:07:03');
INSERT INTO `login_log_p` VALUES ('8C47AC08-90AB-46E2-9029-3DC0FE485AE0', '001|', '192.168.1.103', '2012-09-11 09:51:45');
INSERT INTO `login_log_p` VALUES ('8C7FBEAB-803C-472D-B274-E89816D1DEF1', '001|', '192.168.1.115', '2012-01-31 10:13:44');
INSERT INTO `login_log_p` VALUES ('8CE2FD72-C1B0-4DE5-A006-77EA692087FF', '001|', '192.168.1.106', '2012-05-05 10:05:10');
INSERT INTO `login_log_p` VALUES ('8D16E3C2-1B7A-44E1-AF3C-1BA5C1090B6D', '001|', '192.168.1.110', '2012-01-17 11:36:33');
INSERT INTO `login_log_p` VALUES ('8D6677A3-F51D-4EFF-8BB7-CA4EE76E8174', '001|', '192.168.1.109', '2012-11-23 15:32:58');
INSERT INTO `login_log_p` VALUES ('8D7AF39F-453B-42AE-8079-43F44914869A', 'anonymous|', '192.168.1.103', '2012-09-14 11:52:32');
INSERT INTO `login_log_p` VALUES ('8D825324-2093-4AAB-8F0C-1D96B304AEF8', 'anonymous|', '192.168.1.103', '2012-05-17 09:21:17');
INSERT INTO `login_log_p` VALUES ('8D85F5EE-DF16-414A-B47A-2A717C360538', '001|', '192.168.1.103', '2012-10-19 11:38:51');
INSERT INTO `login_log_p` VALUES ('8D967B7B-09AE-4E8F-A347-729FA755EBAC', '001|', '127.0.0.1', '2011-08-19 17:14:57');
INSERT INTO `login_log_p` VALUES ('8E047615-EF56-4EB7-9159-D942850AC83D', 'anonymous|', '192.168.1.111', '2012-09-06 10:36:04');
INSERT INTO `login_log_p` VALUES ('8E1C0C17-9E0B-4CAD-ABDE-A3FB36EA9E4B', '001|', '127.0.0.1', '2011-08-27 12:03:58');
INSERT INTO `login_log_p` VALUES ('8EA5997B-8E5F-47C5-BC05-56341B65AB07', '001|', '192.168.1.115', '2012-01-31 14:00:32');
INSERT INTO `login_log_p` VALUES ('8EC19C59-6CDA-4D1B-A8EC-DE5A42067F44', '001|', '127.0.0.1', '2011-10-01 20:45:25');
INSERT INTO `login_log_p` VALUES ('8EEE8CCC-B7FB-49C5-937D-F93BB8F1DBDE', 'anonymous|', '192.168.1.250', '2012-07-11 14:41:18');
INSERT INTO `login_log_p` VALUES ('8EEFBD45-FD57-4F4C-96EB-5DA96DAEEF4E', 'anonymous|', '192.168.1.112', '2012-05-02 14:19:26');
INSERT INTO `login_log_p` VALUES ('8F20BB68-50F9-41B9-BBBE-ED1C856BECF4', '001|', '192.168.1.110', '2012-02-09 09:05:38');
INSERT INTO `login_log_p` VALUES ('8F6612DE-6C1A-45AA-8D06-03DD888408B4', '001|', '127.0.0.1', '2011-12-20 13:20:37');
INSERT INTO `login_log_p` VALUES ('8FF63E4E-8252-428E-B949-14DB0C7CCAB9', 'anonymous|', '192.168.1.112', '2012-07-26 09:08:34');
INSERT INTO `login_log_p` VALUES ('90AFE891-9B24-4D07-B311-8603DF8AFAA2', '001|', '192.168.1.115', '2012-01-30 09:37:15');
INSERT INTO `login_log_p` VALUES ('90F7AED6-9F2F-4E0F-8550-84BE88C5A20E', '001|', '192.168.1.104', '2012-11-02 14:14:23');
INSERT INTO `login_log_p` VALUES ('91D82A23-D9A5-40CF-8B17-406332B8290B', '001|', '192.168.1.112', '2012-05-17 11:27:41');
INSERT INTO `login_log_p` VALUES ('924491E1-185A-45FE-A24D-FE9BA9DEA6B0', 'anonymous|', '192.168.1.107', '2012-10-30 16:08:24');
INSERT INTO `login_log_p` VALUES ('924A386C-7A55-4002-A5EA-2D4C0BDCD77A', '001|', '127.0.0.1', '2011-10-01 21:34:28');
INSERT INTO `login_log_p` VALUES ('92678805-A4A4-4500-A6A8-198945446F7C', '001|', '127.0.0.1', '2011-09-03 21:34:27');
INSERT INTO `login_log_p` VALUES ('9274F59E-8452-41BF-B8F9-D8A761C19E41', '001|', '127.0.0.1', '2011-08-29 23:39:51');
INSERT INTO `login_log_p` VALUES ('9275E776-A7EB-4E6E-BA69-C3659AA3F487', '001|', '192.168.1.102', '2012-09-19 11:04:12');
INSERT INTO `login_log_p` VALUES ('934337DE-A68B-4D47-B0A2-DBF7BD819640', 'anonymous|', '192.168.1.117', '2012-02-16 15:36:54');
INSERT INTO `login_log_p` VALUES ('93638F65-C81F-4622-8577-F9A9F18DC65E', 'anonymous|', '192.168.1.112', '2012-03-23 18:00:01');
INSERT INTO `login_log_p` VALUES ('93A5A7E6-9A60-4AB3-9D1B-2AB9E675DC1E', 'anonymous|', '192.168.1.114', '2012-05-17 11:25:00');
INSERT INTO `login_log_p` VALUES ('94013DB2-A2C7-43EE-B382-1FC2C86329FA', '001|', '192.168.1.115', '2012-01-31 13:49:44');
INSERT INTO `login_log_p` VALUES ('945A32EC-DCC9-4BE7-97EC-461EFF1AA080', '001|', '127.0.0.1', '2011-08-21 19:00:11');
INSERT INTO `login_log_p` VALUES ('94803BAB-4221-4415-9B80-1A3F97448595', '001|', '192.168.1.110', '2012-01-16 13:44:04');
INSERT INTO `login_log_p` VALUES ('94CED788-1B92-4988-85B9-2B5C14D375D5', '001|', '192.168.1.109', '2012-11-23 15:33:49');
INSERT INTO `login_log_p` VALUES ('955FAA88-E29A-4D86-A2F5-94EC58F06E34', '001|', '192.168.1.103', '2012-09-11 14:01:53');
INSERT INTO `login_log_p` VALUES ('95798C56-AD0C-4AB5-8A6D-D3A76A294A6E', '001|', '127.0.0.1', '2011-08-21 22:35:00');
INSERT INTO `login_log_p` VALUES ('958CB586-A889-4F80-AE32-EED675D2BC12', '001|', '192.168.1.103', '2012-10-18 17:17:25');
INSERT INTO `login_log_p` VALUES ('9637EE03-2BBC-4AB9-BE4C-05298D915211', '001|', '192.168.1.106', '2012-10-30 14:49:02');
INSERT INTO `login_log_p` VALUES ('96A13005-A540-4BAB-BB9D-A6D9EB5CF8A9', '001|', '192.168.1.106', '2012-05-07 09:16:15');
INSERT INTO `login_log_p` VALUES ('97182B9D-338B-4735-9763-A3964A3DB69A', '001|', '127.0.0.1', '2011-09-25 23:48:37');
INSERT INTO `login_log_p` VALUES ('97BE5CAE-C5A3-4F21-BE70-E97D1996B46C', '001|', '127.0.0.1', '2011-09-26 23:13:05');
INSERT INTO `login_log_p` VALUES ('97FC48FF-ABC5-4CDF-A6AD-0C2B592C31B6', '001|', '192.168.1.100', '2011-09-24 09:29:09');
INSERT INTO `login_log_p` VALUES ('983F7469-6E83-4B31-80F5-F4C942541F1B', '001|', '127.0.0.1', '2011-09-26 01:20:06');
INSERT INTO `login_log_p` VALUES ('9876DC86-B2FA-426D-8731-B9FC489A919D', 'anonymous|', '192.168.1.107', '2012-10-31 15:55:47');
INSERT INTO `login_log_p` VALUES ('9896D17A-BDE4-4392-89B3-998D978FB6EB', '001|', '192.168.1.102', '2012-07-23 14:07:57');
INSERT INTO `login_log_p` VALUES ('98D228BF-9A60-41F0-B47B-F42A396F174C', '001|', '192.168.1.109', '2012-11-09 11:57:26');
INSERT INTO `login_log_p` VALUES ('98F049C4-0179-46DD-BDB9-2BE6F8132C0F', '001|', '127.0.0.1', '2011-10-06 18:02:38');
INSERT INTO `login_log_p` VALUES ('98F73EC1-E130-4CD6-B169-3024D709C81A', '001|', '192.168.1.104', '2012-11-02 14:21:10');
INSERT INTO `login_log_p` VALUES ('99342E92-9B1C-45C3-B893-82DE4135C9A1', 'anonymous|', '192.168.1.103', '2011-12-02 09:52:00');
INSERT INTO `login_log_p` VALUES ('993F1EB4-2D2B-45B6-AE99-5F4394E289D6', '001|', '192.168.1.115', '2012-01-30 17:08:31');
INSERT INTO `login_log_p` VALUES ('9952BCF0-A48B-480F-AA2A-DF890AF36C48', 'anonymous|', '192.168.1.111', '2012-09-06 09:38:33');
INSERT INTO `login_log_p` VALUES ('9958BAF8-E882-4516-9ABD-78372EA0BE3B', '001|', '192.168.1.109', '2012-11-23 15:54:13');
INSERT INTO `login_log_p` VALUES ('9A035D84-020D-4FF8-953F-BD109E510913', '001|', '192.168.1.110', '2012-01-16 09:43:47');
INSERT INTO `login_log_p` VALUES ('9A48D24D-FE64-4997-B5B0-E69A54AFA739', '001|', '192.168.1.110', '2012-02-08 13:27:35');
INSERT INTO `login_log_p` VALUES ('9A671D3E-62AA-4C67-B7FF-6FB590AA9221', '001|', '192.168.1.110', '2012-02-27 10:53:23');
INSERT INTO `login_log_p` VALUES ('9A87C401-41F1-4A5F-8821-6DBE93F6C3E4', '001|', '192.168.1.104', '2012-06-19 16:18:46');
INSERT INTO `login_log_p` VALUES ('9AC3B131-CA68-443F-83D6-67ADD54B40BC', '001|', '192.168.1.106', '2012-10-30 15:27:56');
INSERT INTO `login_log_p` VALUES ('9B3E1328-47A9-418D-BD95-6383E47E4FBE', '001|', '127.0.0.1', '2011-09-18 23:04:51');
INSERT INTO `login_log_p` VALUES ('9B947C87-C368-43F3-A680-5B91B9B4F057', 'anonymous|', '192.168.1.109', '2012-08-14 11:36:08');
INSERT INTO `login_log_p` VALUES ('9BA5C995-0500-401B-A15D-7DBBA1D0C6CC', 'anonymous|', '192.168.1.103', '2011-12-02 11:28:20');
INSERT INTO `login_log_p` VALUES ('9BAFE212-7288-492F-BBB8-15D2C13610EF', 'anonymous|', '192.168.1.103', '2012-09-14 14:24:48');
INSERT INTO `login_log_p` VALUES ('9BD8FBC2-42DA-4C5E-97EE-03C306564BC5', '001|', '192.168.1.106', '2012-10-29 14:35:16');
INSERT INTO `login_log_p` VALUES ('9C005EA2-DEA1-4681-AEEA-7B8F4B00C390', '001|', '192.168.1.110', '2012-02-16 15:55:46');
INSERT INTO `login_log_p` VALUES ('9C5C3093-C8F3-42A6-B539-5382B84B1654', 'anonymous|', '192.168.1.103', '2011-12-02 17:07:54');
INSERT INTO `login_log_p` VALUES ('9C7EB6FA-9C43-4448-99A7-09EB2B6B8498', 'anonymous|', '192.168.1.112', '2012-03-23 18:02:05');
INSERT INTO `login_log_p` VALUES ('9CFAAD5D-D633-4918-A8AE-4948D67E8370', '001|', '192.168.1.115', '2012-01-29 11:44:40');
INSERT INTO `login_log_p` VALUES ('9D26A6C4-F4BF-4D6A-81F0-656E6819D10B', 'anonymous|', '192.168.1.102', '2011-09-24 10:33:23');
INSERT INTO `login_log_p` VALUES ('9D33505C-3063-4B55-8EC5-E3F5EB41F7E7', 'anonymous|', '192.168.1.106', '2012-09-14 10:50:47');
INSERT INTO `login_log_p` VALUES ('9D885E78-B8D9-4AC0-93B2-F79BD9E4CD03', '001|', '127.0.0.1', '2011-09-14 18:56:08');
INSERT INTO `login_log_p` VALUES ('9DB95B5F-F3F6-49EA-B7F5-327191B4435C', '001|', '192.168.1.109', '2012-11-09 11:11:45');
INSERT INTO `login_log_p` VALUES ('9DC1FD6E-E255-4FCC-B7F6-385E134DBBD5', '001|', '127.0.0.1', '2011-09-28 22:44:32');
INSERT INTO `login_log_p` VALUES ('9E409CBB-0F8B-4AB5-AE2C-552F71040ABA', 'anonymous|', '192.168.1.103', '2012-05-17 11:05:13');
INSERT INTO `login_log_p` VALUES ('9E9C1820-68E2-4EC7-A7D0-C96FAF1639D8', '001|', '192.168.1.250', '2012-07-11 16:42:59');
INSERT INTO `login_log_p` VALUES ('9EBE3CDC-E488-4F21-960B-06D7D4B08B8C', '001|', '192.168.1.100', '2012-07-11 14:38:30');
INSERT INTO `login_log_p` VALUES ('9EBF8579-0B28-4004-959B-0CC0CC091B4D', '001|', '192.168.1.102', '2012-09-19 10:44:27');
INSERT INTO `login_log_p` VALUES ('9EC76488-6E10-4B45-9DF9-B77F63FB1559', '001|', '192.168.1.103', '2012-10-19 12:43:20');
INSERT INTO `login_log_p` VALUES ('A00CE633-9261-427C-828A-C5E0542D598E', '001|', '192.168.1.106', '2012-10-30 12:00:21');
INSERT INTO `login_log_p` VALUES ('A058F71F-71F4-4518-854F-918B8ED9A217', '001|', '192.168.1.109', '2012-11-23 12:45:20');
INSERT INTO `login_log_p` VALUES ('A0BD3EA4-D338-411E-92FC-57AD314914FE', 'anonymous|', '192.168.1.114', '2012-01-20 11:50:29');
INSERT INTO `login_log_p` VALUES ('A1F3F0D6-4D97-468A-A31F-3CC676F35CC2', '001|', '192.168.1.103', '2011-10-18 10:06:43');
INSERT INTO `login_log_p` VALUES ('A24BA621-A457-4A70-B66F-CA3C4673A08D', 'anonymous|', '192.168.1.110', '2012-10-29 14:23:33');
INSERT INTO `login_log_p` VALUES ('A258951A-2753-41AF-9BB6-0670B3B28EDC', 'anonymous|', '192.168.1.103', '2012-09-14 10:52:16');
INSERT INTO `login_log_p` VALUES ('A2A9340F-88AE-4625-AC96-B16FEAA86BB3', '001|', '192.168.1.110', '2012-02-09 10:14:51');
INSERT INTO `login_log_p` VALUES ('A2C69C90-5BE5-4366-9C6A-60FBB6219880', '001|', '192.168.1.103', '2012-08-13 10:26:57');
INSERT INTO `login_log_p` VALUES ('A2F393CA-2037-4F3C-8A4E-C53E149042F1', 'anonymous|', '192.168.1.103', '2012-05-17 08:44:17');
INSERT INTO `login_log_p` VALUES ('A31B82F9-285C-4621-8CC9-F807903B6DEC', '001|', '192.168.1.104', '2012-07-19 09:13:47');
INSERT INTO `login_log_p` VALUES ('A33304E5-C958-4356-969F-2F27FD2099C5', '001|', '192.168.1.110', '2012-01-20 11:39:04');
INSERT INTO `login_log_p` VALUES ('A4272723-435F-4618-8EA7-9CF555B550EB', '001|', '127.0.0.1', '2011-10-02 01:25:24');
INSERT INTO `login_log_p` VALUES ('A45187AD-638A-461E-9895-B96E9F252D44', 'anonymous|', '192.168.1.103', '2011-12-02 16:43:48');
INSERT INTO `login_log_p` VALUES ('A4823BD2-EEF8-4F54-B16D-357B88450A65', '001|', '127.0.0.1', '2011-08-21 22:34:32');
INSERT INTO `login_log_p` VALUES ('A49AB13F-5AAB-4C28-B2EA-136DB08F51CC', '001|', '192.168.1.115', '2012-02-03 16:33:33');
INSERT INTO `login_log_p` VALUES ('A6BDE852-C080-4772-9799-6D2D5C074CF2', 'anonymous|', '192.168.1.103', '2011-12-02 12:19:30');
INSERT INTO `login_log_p` VALUES ('A70F67A4-1E09-4945-B203-DD5A87EA0AB0', '001|', '192.168.1.115', '2012-01-31 13:46:22');
INSERT INTO `login_log_p` VALUES ('A76E8210-3977-4AD9-A9CC-EDF474D12BFF', '001|', '127.0.0.1', '2011-08-28 15:28:43');
INSERT INTO `login_log_p` VALUES ('A7802851-4F04-4794-9906-246D0E04CF62', '001|', '192.168.1.115', '2012-02-02 15:22:17');
INSERT INTO `login_log_p` VALUES ('A81350FE-4CC0-40A1-95C5-2D77E6134DFC', '001|', '127.0.0.1', '2011-10-04 10:28:11');
INSERT INTO `login_log_p` VALUES ('A814B5E0-D06A-48E9-82A5-2531802AE731', '001|', '127.0.0.1', '2011-10-01 21:53:49');
INSERT INTO `login_log_p` VALUES ('A8178B60-FAFD-43F4-9924-A4314A3D984E', '001|', '127.0.0.1', '2011-09-22 00:24:06');
INSERT INTO `login_log_p` VALUES ('A884B32D-DECE-497D-9EDC-F9B2639D5CA5', '001|', '192.168.1.110', '2012-01-31 16:38:44');
INSERT INTO `login_log_p` VALUES ('A8AB1FD9-879F-439D-968B-3C7D60A8E597', 'anonymous|', '192.168.1.117', '2012-02-16 15:30:55');
INSERT INTO `login_log_p` VALUES ('A8BBAD2B-D020-4981-8BBE-FB28E4AEAD3B', 'anonymous|', '192.168.1.101', '2012-08-31 09:26:21');
INSERT INTO `login_log_p` VALUES ('A90C9C8C-5D6E-410E-926E-25FE0FAE3727', '001|', '192.168.1.115', '2012-02-03 11:55:12');
INSERT INTO `login_log_p` VALUES ('A9435658-1314-4A02-B4A0-4B4AB578AE4C', 'liuxiaoshan||', '192.168.1.107', '2012-05-02 17:13:24');
INSERT INTO `login_log_p` VALUES ('A96A2477-7967-456E-B17B-3C43A0D95AB3', 'anonymous|', '192.168.1.111', '2012-09-06 13:56:26');
INSERT INTO `login_log_p` VALUES ('A987CAF1-FFF6-4A18-AEA4-9EEDFAC892D7', '001|', '127.0.0.1', '2011-08-27 18:53:38');
INSERT INTO `login_log_p` VALUES ('A9CDB577-1330-4CA3-A17A-908F7159A50C', 'anonymous|', '192.168.1.110', '2012-10-29 11:15:59');
INSERT INTO `login_log_p` VALUES ('AA13D14F-177B-47FB-AEB1-D42498A2E894', '001|', '192.168.1.103', '2012-10-18 16:39:32');
INSERT INTO `login_log_p` VALUES ('AA2E78B4-1A6E-4B8F-BD8A-27C819A5CAC2', 'anonymous|', '127.0.0.1', '2012-11-27 11:10:20');
INSERT INTO `login_log_p` VALUES ('AA3D3792-54F0-4537-A179-0895BD9103AA', '001|', '192.168.1.115', '2012-01-31 10:13:44');
INSERT INTO `login_log_p` VALUES ('AA8D6254-5981-4FDB-A963-45448AF5069F', '001|', '192.168.1.112', '2012-05-21 11:34:28');
INSERT INTO `login_log_p` VALUES ('AAF792C4-0799-45F7-AFAC-1890AC3F5740', '001|', '127.0.0.1', '2011-09-22 20:54:50');
INSERT INTO `login_log_p` VALUES ('AB123356-32E2-4582-9B43-28DF6F503DCC', '001|', '192.168.1.110', '2012-02-06 14:31:10');
INSERT INTO `login_log_p` VALUES ('AB34DFB9-C9F9-4FA7-BB19-DBADD642B620', 'anonymous|', '192.168.1.103', '2011-12-02 12:17:57');
INSERT INTO `login_log_p` VALUES ('AB407546-9FB5-4AC4-96F9-2E631108EB95', 'anonymous|', '192.168.1.117', '2012-02-16 15:10:10');
INSERT INTO `login_log_p` VALUES ('AB425E25-5DCC-4BF5-8EF5-55C3B7887590', '001|', '192.168.1.103', '2012-10-19 09:24:40');
INSERT INTO `login_log_p` VALUES ('AB753D7F-6BF5-40A2-8F9A-3AB53D709E2F', '001|', '192.168.1.104', '2012-06-19 16:25:20');
INSERT INTO `login_log_p` VALUES ('AB7A1209-609C-44C9-8EF4-7A0287780552', 'anonymous|', '192.168.1.105', '2012-07-26 09:33:58');
INSERT INTO `login_log_p` VALUES ('ABC8DEE1-8761-4EC0-A404-6D09BD9F9C3B', '001|', '127.0.0.1', '2011-08-21 18:51:53');
INSERT INTO `login_log_p` VALUES ('AC698560-CCD5-4866-808C-39BF6C0E9441', '001|', '192.168.1.103', '2011-11-26 11:40:36');
INSERT INTO `login_log_p` VALUES ('ACA37558-B2D3-491A-A291-3271D7541C9E', '001|', '192.168.1.110', '2012-01-31 16:38:54');
INSERT INTO `login_log_p` VALUES ('AD83D841-A3DC-4D60-94C1-91C772446C8E', '001|', '127.0.0.1', '2011-08-21 20:57:02');
INSERT INTO `login_log_p` VALUES ('AE0B4CB6-558E-4573-857F-51C502189F9B', '001|', '127.0.0.1', '2011-08-21 17:51:07');
INSERT INTO `login_log_p` VALUES ('AF0BB670-236A-4342-B394-7AAAE7306230', '001|', '192.168.1.110', '2012-01-31 16:37:48');
INSERT INTO `login_log_p` VALUES ('AF38AE26-1D67-42BA-9B51-F80AB4C36D21', 'anonymous|', '192.168.1.117', '2012-02-16 09:54:40');
INSERT INTO `login_log_p` VALUES ('AF5E98A1-FC7C-4BB6-9B65-F32C3330DED7', 'anonymous|', '192.168.1.112', '2012-05-02 14:19:27');
INSERT INTO `login_log_p` VALUES ('AFF6F59D-DBBB-4CA0-91E5-FC6A9A413C2F', '001|', '192.168.1.100', '2012-07-19 10:40:20');
INSERT INTO `login_log_p` VALUES ('B01CD8A6-7921-4279-8252-5C7509559354', 'anonymous|', '127.0.0.1', '2012-11-27 10:52:46');
INSERT INTO `login_log_p` VALUES ('B0827F1C-A0D8-49D4-AC14-DC5BE9789D33', '001|', '127.0.0.1', '2011-11-26 11:38:45');
INSERT INTO `login_log_p` VALUES ('B0A6C352-6725-4BB2-A89A-2EEDD3E43E11', 'anonymous|', '127.0.0.1', '2011-12-06 12:28:39');
INSERT INTO `login_log_p` VALUES ('B14BF165-FFAA-4F65-88AE-6C6C3A0D6826', '001|', '192.168.1.115', '2012-01-31 11:55:41');
INSERT INTO `login_log_p` VALUES ('B16CE97C-A308-486F-A59B-1A628C0FC95D', '001|', '192.168.1.102', '2012-09-19 10:58:34');
INSERT INTO `login_log_p` VALUES ('B1BDEA3F-7BC5-460D-9EF1-ECD9EC9A093C', 'anonymous|', '192.168.1.107', '2012-05-02 17:13:11');
INSERT INTO `login_log_p` VALUES ('B1D706E7-0F96-4BE7-B5DC-28E0F0136153', '001|', '192.168.1.106', '2012-05-08 09:04:13');
INSERT INTO `login_log_p` VALUES ('B1DA8A4C-FE41-4745-8502-0E8F7F0DAF91', '001|', '192.168.1.106', '2012-10-29 14:36:44');
INSERT INTO `login_log_p` VALUES ('B27CA8B2-AB3A-40C8-8AF7-62E696BE940A', '001|', '192.168.1.110', '2012-02-14 10:56:18');
INSERT INTO `login_log_p` VALUES ('B280DC5B-E08F-4F98-AB61-3E8244893BAD', 'anonymous|', '127.0.0.1', '2012-11-27 11:10:36');
INSERT INTO `login_log_p` VALUES ('B2C0AA08-A9A6-415C-9291-E7DCBEF3EE3F', '001|', '192.168.1.114', '2012-05-17 11:15:08');
INSERT INTO `login_log_p` VALUES ('B3BC60DD-1953-43F2-8CAE-2E37D225DDFD', '001|', '192.168.1.103', '2012-10-19 10:46:43');
INSERT INTO `login_log_p` VALUES ('B3BFF4AA-AB2B-41AD-A1FE-4E239B85C872', 'anonymous|', '192.168.1.100', '2012-06-27 08:31:53');
INSERT INTO `login_log_p` VALUES ('B40CF9B9-D0E5-4590-BEEE-2C3ECC91028C', '001|', '192.168.1.106', '2012-10-30 15:01:56');
INSERT INTO `login_log_p` VALUES ('B453CA01-7424-484F-B203-9CE879D7A3A1', '001|', '127.0.0.1', '2011-09-26 19:36:34');
INSERT INTO `login_log_p` VALUES ('B4CAF971-2926-4888-8392-22616E4FB48F', '001|', '127.0.0.1', '2011-10-07 00:33:29');
INSERT INTO `login_log_p` VALUES ('B5980652-F6D5-4DE2-B7FA-71A623AC78A6', '001|', '192.168.1.104', '2012-06-19 16:35:22');
INSERT INTO `login_log_p` VALUES ('B59EE8AB-6BF3-4A4B-A4F6-2594AD631472', '001|', '192.168.1.110', '2012-01-17 14:12:36');
INSERT INTO `login_log_p` VALUES ('B5F3D5F1-F83F-463B-96EB-21FF51DD7399', '001|', '127.0.0.1', '2011-10-07 18:37:35');
INSERT INTO `login_log_p` VALUES ('B665BA0A-8B12-4736-B5FA-88DF97A0C9D8', '001|', '192.168.1.102', '2012-09-19 10:25:51');
INSERT INTO `login_log_p` VALUES ('B71481E9-EAE0-42BE-A4C0-15FC1330B79F', 'anonymous|', '192.168.1.250', '2012-07-11 16:41:25');
INSERT INTO `login_log_p` VALUES ('B74FACB1-867C-40FD-B1EB-9D76D73C5756', '001|', '192.168.1.104', '2012-06-19 16:31:21');
INSERT INTO `login_log_p` VALUES ('B7A3E04C-13CA-4B70-86F0-5960A17B49FB', '001|', '192.168.1.115', '2012-02-03 12:33:23');
INSERT INTO `login_log_p` VALUES ('B84C9CE8-7C9F-47B6-B200-2D487942FDFB', '001|', '192.168.1.104', '2012-07-19 09:20:22');
INSERT INTO `login_log_p` VALUES ('B8BDBF6D-53A5-46CA-8753-EA8110D1DAD9', 'anonymous|', '192.168.1.104', '2011-12-02 09:31:49');
INSERT INTO `login_log_p` VALUES ('B9063843-216A-474A-9580-D822712159D1', '001|', '192.168.1.115', '2012-02-03 16:33:35');
INSERT INTO `login_log_p` VALUES ('B91B5ECC-4DD3-492F-B6E1-7D7BDD2FD3E0', '001|', '127.0.0.1', '2011-08-27 20:43:15');
INSERT INTO `login_log_p` VALUES ('B9233270-24CE-4EA9-AA6D-38827BCC0E0C', '001|', '192.168.1.115', '2012-02-01 10:02:43');
INSERT INTO `login_log_p` VALUES ('B946F290-DB76-412C-A2E4-A764F5F60945', 'anonymous|', '192.168.1.105', '2011-11-14 08:35:58');
INSERT INTO `login_log_p` VALUES ('B978BD92-601A-4482-8361-502B926DCDB5', '001|', '192.168.1.115', '2012-01-31 11:08:29');
INSERT INTO `login_log_p` VALUES ('BA03810F-EF1C-49C9-BE91-F71C90D4FC2A', '001|', '127.0.0.1', '2011-08-27 20:41:33');
INSERT INTO `login_log_p` VALUES ('BA4A7DB1-8ABB-4B5E-B7FE-D7BB72043E85', '001|', '192.168.1.110', '2012-01-13 09:16:25');
INSERT INTO `login_log_p` VALUES ('BAD1E914-F782-4F82-A65C-576B3D7F663C', '001|', '192.168.1.112', '2012-05-21 11:14:16');
INSERT INTO `login_log_p` VALUES ('BADA1647-A6DD-4E67-9B33-73F428F65C7C', '001|', '127.0.0.1', '2011-08-27 23:24:21');
INSERT INTO `login_log_p` VALUES ('BB1DD715-5186-47BB-A3CD-2BCC53BE33A3', '001|', '192.168.1.103', '2012-10-19 13:21:00');
INSERT INTO `login_log_p` VALUES ('BB2551C2-8C31-4D71-9556-EF14149043D2', '001|', '127.0.0.1', '2011-09-18 23:19:23');
INSERT INTO `login_log_p` VALUES ('BC03FBB1-AB80-4D9B-9136-65AB866DEC4C', 'anonymous|', '192.168.1.104', '2011-12-02 09:31:09');
INSERT INTO `login_log_p` VALUES ('BC760A01-E3EB-4B75-AA22-52A75C2DE697', 'anonymous|', '192.168.1.114', '2012-01-20 11:51:41');
INSERT INTO `login_log_p` VALUES ('BCC756FE-615B-41AA-B792-321C3AC37D3B', 'anonymous|', '192.168.1.109', '2012-08-14 10:22:18');
INSERT INTO `login_log_p` VALUES ('BDCCDEF4-74DF-42E2-A608-7A0C8BFABB60', '001|', '127.0.0.1', '2013-03-09 23:00:20');
INSERT INTO `login_log_p` VALUES ('BDE3F91F-45AE-4551-A454-97C19DB256BD', 'anonymous|', '192.168.1.107', '2012-10-30 16:10:20');
INSERT INTO `login_log_p` VALUES ('BE66D35D-F761-4B2A-8314-7792F2DE3378', '001|', '127.0.0.1', '2011-10-01 20:32:14');
INSERT INTO `login_log_p` VALUES ('BF16A372-5BA4-446E-A2C8-A0770618E530', '001|', '127.0.0.1', '2011-08-24 20:09:17');
INSERT INTO `login_log_p` VALUES ('BFAF1555-621D-4FCC-86F9-3B5BA40833CD', '001|', '127.0.0.1', '2011-08-21 20:03:05');
INSERT INTO `login_log_p` VALUES ('C0155AD8-1FD2-4A08-87F4-051AF39600B6', 'anonymous|', '192.168.1.112', '2012-06-01 08:39:27');
INSERT INTO `login_log_p` VALUES ('C035B3EF-2818-46CB-BAF6-51F2BF2F1E0B', '001|', '192.168.1.104', '2012-11-01 09:02:53');
INSERT INTO `login_log_p` VALUES ('C079A51F-5CEE-4EEC-B264-1F24436DFB6B', '001|', '192.168.1.110', '2012-01-13 16:43:18');
INSERT INTO `login_log_p` VALUES ('C1058444-4720-4382-8666-04DE1618CF6D', '001|', '192.168.1.103', '2011-11-26 13:16:02');
INSERT INTO `login_log_p` VALUES ('C1408D9A-6ABF-45A3-A057-DF2185A64F7A', '001|', '192.168.1.115', '2012-01-30 16:21:51');
INSERT INTO `login_log_p` VALUES ('C151FAB8-0FA2-4E5F-9A3C-4DBA9AFB319D', 'anonymous|', '192.168.1.104', '2011-10-31 08:47:36');
INSERT INTO `login_log_p` VALUES ('C1B208BF-C4B8-4FF6-8958-83AE5F0F7887', '001|', '127.0.0.1', '2011-08-27 21:01:30');
INSERT INTO `login_log_p` VALUES ('C1B8B8B6-945B-4FA9-BA5F-A3979580831C', 'anonymous|', '192.168.1.103', '2012-09-10 11:12:19');
INSERT INTO `login_log_p` VALUES ('C1BFF06F-BFC3-45A5-80A7-153D57FE2F15', 'anonymous|', '192.168.1.103', '2012-05-17 11:04:15');
INSERT INTO `login_log_p` VALUES ('C1EB2B08-7220-4860-ABFD-B87819159F74', '001|', '127.0.0.1', '2013-03-09 19:46:28');
INSERT INTO `login_log_p` VALUES ('C22D2CD3-9F50-4159-AED1-D2A81382708B', '001|', '192.168.1.102', '2011-09-24 09:31:12');
INSERT INTO `login_log_p` VALUES ('C23DAE63-1128-4485-9967-EA6F7FD52C21', '001|', '127.0.0.1', '2011-08-27 14:08:17');
INSERT INTO `login_log_p` VALUES ('C250F998-D20F-4C51-A11B-280AB900920A', '001|', '192.168.1.115', '2012-01-31 13:56:49');
INSERT INTO `login_log_p` VALUES ('C251ED88-2C93-4E9B-BC36-5B0A3D794D86', 'anonymous|', '192.168.1.114', '2012-05-17 11:22:15');
INSERT INTO `login_log_p` VALUES ('C3728E46-2384-46EF-9477-06391D117D1F', '001|', '127.0.0.1', '2011-08-29 20:33:28');
INSERT INTO `login_log_p` VALUES ('C3794DFF-CB51-47BF-912E-6BFD860F727C', '001|', '127.0.0.1', '2011-09-06 15:51:47');
INSERT INTO `login_log_p` VALUES ('C3BFB621-22C6-4C0D-BBAA-910F0B12B1A6', 'anonymous|', '192.168.1.105', '2012-04-16 17:45:28');
INSERT INTO `login_log_p` VALUES ('C3E7B9F1-1C32-422D-87D2-F1A650011F30', 'anonymous|', '192.168.1.103', '2011-12-05 11:23:05');
INSERT INTO `login_log_p` VALUES ('C54532F3-3BE1-47BE-9C0A-1F789EE9C7C5', '001|', '192.168.1.115', '2012-02-01 11:51:54');
INSERT INTO `login_log_p` VALUES ('C547C25B-65FC-49A6-AC00-564FE51AE2AD', 'anonymous|', '192.168.1.110', '2012-10-29 09:23:06');
INSERT INTO `login_log_p` VALUES ('C560A573-87BB-462A-BDD5-BF02E1D9A1CF', 'anonymous|', '192.168.1.106', '2012-09-14 10:51:36');
INSERT INTO `login_log_p` VALUES ('C57C9B4F-69B6-4ACB-86CF-1EF1E59D293E', '001|', '192.168.1.110', '2012-01-17 12:01:46');
INSERT INTO `login_log_p` VALUES ('C58C0DBB-AA61-4C81-847E-C2C8BA7A4E24', '001|', '192.168.1.104', '2012-11-02 10:15:06');
INSERT INTO `login_log_p` VALUES ('C5C14666-B75F-48A4-8359-B3D0F3323835', 'anonymous|', '192.168.1.106', '2012-03-29 16:34:58');
INSERT INTO `login_log_p` VALUES ('C63B8A36-3416-4241-A6E9-71FFC940C826', '001|', '192.168.1.110', '2012-02-16 15:39:36');
INSERT INTO `login_log_p` VALUES ('C65D7725-8AE1-47A4-99FB-F2909D99C74B', '001|', '192.168.1.115', '2012-02-02 16:34:00');
INSERT INTO `login_log_p` VALUES ('C6895D8C-4A97-437B-9530-ED9B2276F8EF', 'anonymous|', '192.168.1.103', '2012-09-10 10:39:32');
INSERT INTO `login_log_p` VALUES ('C6963255-69F9-4835-BD44-73AA8C4495DD', 'anonymous|', '192.168.1.105', '2012-04-17 10:34:24');
INSERT INTO `login_log_p` VALUES ('C6BCC149-1682-4199-BC9B-19FB86BB8B93', '001|', '127.0.0.1', '2011-09-22 23:59:24');
INSERT INTO `login_log_p` VALUES ('C718A63B-521B-437D-BACF-A596FF78FFFE', 'anonymous|', '192.168.1.105', '2012-10-11 09:09:11');
INSERT INTO `login_log_p` VALUES ('C77647D4-F6DC-42E1-8A09-3CAE672DCE32', '001|', '192.168.1.102', '2011-09-24 10:20:04');
INSERT INTO `login_log_p` VALUES ('C77D3E3D-F50C-4911-8BEB-B6B9F9B1463D', '001|', '127.0.0.1', '2011-10-06 18:14:48');
INSERT INTO `login_log_p` VALUES ('C7D6E80A-CE0E-4EEB-8760-F6B9B397A4D4', 'anonymous|', '192.168.1.103', '2011-12-02 12:20:32');
INSERT INTO `login_log_p` VALUES ('C7F0F6D8-0C58-4633-9AAC-FDE59C3AF8DC', '001|', '127.0.0.1', '2011-10-07 01:18:56');
INSERT INTO `login_log_p` VALUES ('C7F53F80-A9F3-4B8A-A6EC-9515EFCF5AF4', '001|', '192.168.1.103', '2012-10-19 14:16:12');
INSERT INTO `login_log_p` VALUES ('C82AF7E0-C10F-4AB9-9774-48913C224546', '001|', '192.168.1.110', '2012-01-20 12:15:37');
INSERT INTO `login_log_p` VALUES ('C83D6E4A-82F9-4B71-BE06-514D9DF7BC2F', '001|', '192.168.1.102', '2011-09-24 10:31:40');
INSERT INTO `login_log_p` VALUES ('C85E299F-5233-4CAE-9037-CA4B9C1BC894', '001|', '127.0.0.1', '2011-09-21 22:45:19');
INSERT INTO `login_log_p` VALUES ('C86A8EBC-28A9-45D4-BAEF-9C0B30E8A422', '001|', '127.0.0.1', '2011-09-25 19:30:05');
INSERT INTO `login_log_p` VALUES ('C8A524F5-9E42-4020-BEF2-74D155B97663', '001|', '192.168.1.106', '2012-10-30 13:42:23');
INSERT INTO `login_log_p` VALUES ('C8F79CA0-E258-40E0-997D-1B53E2B3C013', '001|', '192.168.1.109', '2012-11-23 15:31:37');
INSERT INTO `login_log_p` VALUES ('C8F9708D-DD73-488A-85B1-B28AF83C2D99', '001|', '192.168.1.106', '2012-05-07 11:38:15');
INSERT INTO `login_log_p` VALUES ('C8FEED65-6F5B-4A77-843C-FB777944D456', '001|', '127.0.0.1', '2011-09-04 11:36:18');
INSERT INTO `login_log_p` VALUES ('C90199F4-436C-487C-9D5C-EC97BD41E5BA', '001|', '127.0.0.1', '2011-10-07 02:16:43');
INSERT INTO `login_log_p` VALUES ('C9276A48-4498-4928-8BE0-A4081BFB0179', 'anonymous|', '192.168.1.250', '2012-07-11 14:58:04');
INSERT INTO `login_log_p` VALUES ('C9E5FAFF-A395-4456-94E6-83086F119ABC', 'anonymous|', '192.168.1.103', '2012-09-14 10:51:42');
INSERT INTO `login_log_p` VALUES ('C9F5B77B-1482-4A8B-8AF5-D107C3B2E33B', '001|', '192.168.1.110', '2012-02-09 09:05:38');
INSERT INTO `login_log_p` VALUES ('CA071526-D526-4B39-9198-EB20B715D09C', '001|', '127.0.0.1', '2011-10-07 01:39:28');
INSERT INTO `login_log_p` VALUES ('CA1F1FCA-BA25-40F2-A3A0-1CC8E7B70FDD', '001|', '192.168.1.115', '2012-02-01 10:06:14');
INSERT INTO `login_log_p` VALUES ('CABBF586-A882-47D2-B68C-54F96F890536', '001|', '192.168.1.114', '2012-03-31 16:01:51');
INSERT INTO `login_log_p` VALUES ('CACFD355-F0D6-40CE-9AF8-8FEBC5894941', 'anonymous|', '192.168.1.104', '2011-12-02 09:51:53');
INSERT INTO `login_log_p` VALUES ('CAE396B0-1923-4BF5-A84C-3003CA495BD3', '001|', '192.168.1.110', '2012-02-08 14:24:19');
INSERT INTO `login_log_p` VALUES ('CB851191-E345-465F-B37A-93C3C80513EF', '001|', '127.0.0.1', '2011-09-22 23:23:11');
INSERT INTO `login_log_p` VALUES ('CBB40F4B-E616-43B6-BCF3-1CD9BE962C4B', '001|', '127.0.0.1', '2011-10-04 07:47:36');
INSERT INTO `login_log_p` VALUES ('CBD74D3A-A644-46C9-A5DB-B71E267AE2E1', 'anonymous|', '192.168.1.107', '2012-10-31 15:55:14');
INSERT INTO `login_log_p` VALUES ('CBE4AD54-82B6-4E34-A85B-94A363DC6EBB', 'anonymous|', '192.168.1.111', '2012-09-06 14:29:55');
INSERT INTO `login_log_p` VALUES ('CBE999C5-BB7F-4779-8E1F-F8A6A5121D57', 'anonymous|', '192.168.1.107', '2012-05-02 16:05:25');
INSERT INTO `login_log_p` VALUES ('CBEC1FEA-9C87-43A4-8753-31ED6B232B9C', '001|', '127.0.0.1', '2011-09-14 18:44:13');
INSERT INTO `login_log_p` VALUES ('CBF2BF87-7014-48D7-ADBC-C6E40721C852', '001|', '192.168.1.110', '2012-01-20 10:34:49');
INSERT INTO `login_log_p` VALUES ('CBF99787-A475-4232-B55C-839E5A0E845E', '001|', '127.0.0.1', '2011-08-21 19:12:04');
INSERT INTO `login_log_p` VALUES ('CC4FC78C-020A-48BD-9C7A-9EC463DA93E5', '001|', '192.168.1.103', '2011-10-18 11:12:28');
INSERT INTO `login_log_p` VALUES ('CCBB4E1B-C84A-4456-919D-43BA9FEF3CFA', '001|', '192.168.1.115', '2012-02-02 14:44:12');
INSERT INTO `login_log_p` VALUES ('CCF5B97F-85E5-4053-B4C9-B7A850296C00', '001|', '127.0.0.1', '2011-08-20 23:03:27');
INSERT INTO `login_log_p` VALUES ('CD0E8572-9949-49FC-98B0-C943E7DA00BA', '001|', '127.0.0.1', '2011-09-04 09:45:24');
INSERT INTO `login_log_p` VALUES ('CE244D52-2B7A-42A5-9158-F7C8CA0D0585', '001|', '192.168.1.100', '2012-07-19 09:54:30');
INSERT INTO `login_log_p` VALUES ('CE9C0E6E-AD45-4EAD-B255-110EBD46AE1F', '001|', '127.0.0.1', '2011-10-07 02:14:11');
INSERT INTO `login_log_p` VALUES ('CECE1C74-BA1E-4F8B-80E4-E909E4E99D35', 'anonymous|', '127.0.0.1', '2012-11-27 10:54:53');
INSERT INTO `login_log_p` VALUES ('CF00CB74-753E-4A2B-8982-3E3D4AD18331', '001|', '192.168.1.115', '2012-02-03 12:31:43');
INSERT INTO `login_log_p` VALUES ('CF0A95BE-E7D6-445F-994E-8AE16DF6BCDE', 'anonymous|', '192.168.1.103', '2011-12-02 17:13:01');
INSERT INTO `login_log_p` VALUES ('CF3F4253-78A6-4529-AC7B-43EE90A2E848', '001|', '127.0.0.1', '2011-10-06 18:23:50');
INSERT INTO `login_log_p` VALUES ('CF52CE20-06F5-433F-97BC-22384FCB0822', '001|', '127.0.0.1', '2011-08-22 20:49:03');
INSERT INTO `login_log_p` VALUES ('CF606CE5-FF69-467D-8056-B4521E146180', '001|', '127.0.0.1', '2011-09-06 20:45:55');
INSERT INTO `login_log_p` VALUES ('CF9E528A-9D94-44D3-A86E-58F1FB4081EB', 'anonymous|', '192.168.1.117', '2012-02-16 15:32:32');
INSERT INTO `login_log_p` VALUES ('D05CF422-CA53-4D0D-9E22-4B5D8CA34E4C', 'anonymous|', '192.168.1.250', '2012-07-11 16:17:43');
INSERT INTO `login_log_p` VALUES ('D0ADF384-9E7D-42BE-AAD5-F4772CC88246', '001|', '192.168.1.102', '2012-07-23 09:15:43');
INSERT INTO `login_log_p` VALUES ('D12E3FD1-8ACF-476B-A657-515C8054C75C', '001|', '192.168.1.103', '2012-01-20 15:33:30');
INSERT INTO `login_log_p` VALUES ('D179180C-2C3F-415D-9173-70D2D98F5320', '001|', '127.0.0.1', '2011-09-26 02:12:37');
INSERT INTO `login_log_p` VALUES ('D1E78F12-BA7D-4232-9936-AB78AB01EBD4', '001|', '192.168.1.103', '2011-10-18 10:55:44');
INSERT INTO `login_log_p` VALUES ('D23835CB-AE6F-4119-BE04-4B0C41D1B497', 'anonymous|', '192.168.1.107', '2012-05-02 16:34:27');
INSERT INTO `login_log_p` VALUES ('D247FC67-BE0A-40B7-B3E6-963C903D48F8', '001|', '127.0.0.1', '2011-10-03 08:28:28');
INSERT INTO `login_log_p` VALUES ('D2AA67E0-C8CD-45FB-84D7-0AA7A14B8530', '001|', '192.168.1.109', '2012-11-23 09:22:23');
INSERT INTO `login_log_p` VALUES ('D2B270C4-F2D8-445A-BAB4-D3D77A6F0D6F', '001|', '127.0.0.1', '2011-08-27 21:03:51');
INSERT INTO `login_log_p` VALUES ('D3B6095E-D9E4-4D59-92B7-9899DF2C5C9E', '001|', '192.168.1.106', '2012-05-07 14:23:48');
INSERT INTO `login_log_p` VALUES ('D3CCF2CD-50DB-4C9F-AB97-178C0C6CB51D', 'anonymous|', '127.0.0.1', '2012-11-27 11:06:44');
INSERT INTO `login_log_p` VALUES ('D3EF0318-C6C5-49E7-9D07-6521AFD945A5', 'anonymous|', '192.168.1.105', '2011-11-04 16:14:15');
INSERT INTO `login_log_p` VALUES ('D3F3E13D-A8E6-4991-8841-1334ABCF3C00', '001|', '192.168.1.115', '2012-02-02 08:55:56');
INSERT INTO `login_log_p` VALUES ('D3FB57A6-A54A-40C4-A7DB-E5FF549A87C2', 'anonymous|', '192.168.1.112', '2012-06-01 15:52:59');
INSERT INTO `login_log_p` VALUES ('D421EEB0-C781-4460-899C-3B95E2E7E74C', 'anonymous|', '192.168.1.117', '2012-02-15 17:36:20');
INSERT INTO `login_log_p` VALUES ('D42EE228-413D-41B5-8269-CCBF42C120CF', '001|', '127.0.0.1', '2011-08-21 23:13:25');
INSERT INTO `login_log_p` VALUES ('D4BC6A1B-DAB4-40E4-A472-27A05ED5DCAF', '001|', '192.168.1.110', '2012-01-16 16:31:27');
INSERT INTO `login_log_p` VALUES ('D4F22723-99C4-43EA-BE6B-160A19A98419', '001|', '192.168.1.110', '2012-01-20 14:46:23');
INSERT INTO `login_log_p` VALUES ('D5BE9FBA-FCFA-4052-AA14-E0664D21C900', '001|', '192.168.1.115', '2012-01-29 09:00:19');
INSERT INTO `login_log_p` VALUES ('D6091CD1-7818-4E47-B294-F6139F5763EC', '001|', '192.168.1.103', '2012-09-11 10:33:49');
INSERT INTO `login_log_p` VALUES ('D63D5CAC-5A31-4351-B5E5-7AB388CE5DD5', '001|', '192.168.1.104', '2012-06-19 16:28:27');
INSERT INTO `login_log_p` VALUES ('D6CA1E8A-0169-4836-9A70-FB2BD4017334', 'show||', '127.0.0.1', '2013-03-07 16:47:48');
INSERT INTO `login_log_p` VALUES ('D7363538-F30A-4E6B-9503-6C6D2FF9253E', 'anonymous|', '192.168.1.103', '2011-12-05 11:55:45');
INSERT INTO `login_log_p` VALUES ('D7B5CD46-B47D-44FB-AAE0-DF9D85E76A7E', 'anonymous|', '192.168.1.117', '2012-02-16 09:17:30');
INSERT INTO `login_log_p` VALUES ('D7B9ADE7-4253-41EA-AAF5-4C091744D4C6', '001|', '192.168.1.106', '2012-05-08 10:14:21');
INSERT INTO `login_log_p` VALUES ('D96D9C9D-9C25-4399-8C98-CA85C3F69C68', 'anonymous|', '192.168.1.117', '2012-02-15 16:49:43');
INSERT INTO `login_log_p` VALUES ('DA0F19B3-3B4C-40AA-8395-F6C4A6DAB41C', '001|', '127.0.0.1', '2011-10-07 00:50:32');
INSERT INTO `login_log_p` VALUES ('DA19DAB9-4DA2-421D-8A35-6FB54BABA527', '001|', '127.0.0.1', '2011-08-27 14:45:31');
INSERT INTO `login_log_p` VALUES ('DAA6E978-94DE-40E2-9143-9A068EE0A069', '001|', '127.0.0.1', '2011-10-01 21:26:20');
INSERT INTO `login_log_p` VALUES ('DAD242B6-F9BD-4A56-A9C1-E80AFCF4FB9F', '001|', '192.168.1.102', '2011-09-24 10:01:29');
INSERT INTO `login_log_p` VALUES ('DAD8A373-9BEC-4AC6-9165-75A73C2E8047', '001|', '192.168.1.115', '2012-01-31 17:28:39');
INSERT INTO `login_log_p` VALUES ('DBCBECC1-D0E6-43FC-BC75-5690531A701D', '001|', '192.168.1.110', '2012-01-20 16:05:37');
INSERT INTO `login_log_p` VALUES ('DBD87F5A-D252-4DE1-A92D-CEACB68D4EA7', '001|', '127.0.0.1', '2011-12-06 12:29:42');
INSERT INTO `login_log_p` VALUES ('DC31EE6F-BF18-41CC-949B-0C37C1B6D232', '001|', '127.0.0.1', '2011-08-27 10:08:37');
INSERT INTO `login_log_p` VALUES ('DC79BA43-166A-4F90-98F2-9EB93A997584', '001|', '127.0.0.1', '2011-10-01 21:16:20');
INSERT INTO `login_log_p` VALUES ('DC94D368-DEF6-408B-893C-0B2054F75D28', '001|', '127.0.0.1', '2011-09-18 12:12:54');
INSERT INTO `login_log_p` VALUES ('DCA05949-6101-48E8-ADFD-4623C59AF3EE', 'anonymous|', '192.168.1.105', '2012-07-26 09:29:28');
INSERT INTO `login_log_p` VALUES ('DCD1C6AF-5B63-4851-8F17-B5A76A0773C6', '001|', '192.168.1.104', '2012-06-19 16:36:03');
INSERT INTO `login_log_p` VALUES ('DDF0E380-B30A-4590-9355-EB53BBFED4C0', '001|', '127.0.0.1', '2011-08-19 17:02:26');
INSERT INTO `login_log_p` VALUES ('DE2847D0-D68E-4440-8C3A-261048E32401', '001|', '192.168.1.110', '2012-02-17 09:49:15');
INSERT INTO `login_log_p` VALUES ('DE88FBE4-A90A-4139-97E7-F25087DA94C1', 'anonymous|', '192.168.1.112', '2012-05-02 14:19:27');
INSERT INTO `login_log_p` VALUES ('DE8A3A61-F246-4077-AF31-E46525A23885', '001|', '127.0.0.1', '2011-10-01 21:26:20');
INSERT INTO `login_log_p` VALUES ('DEE88B12-A68D-4008-AC11-BFB88E2A056D', 'anonymous|', '192.168.1.111', '2012-09-06 14:30:49');
INSERT INTO `login_log_p` VALUES ('DFB63210-FE53-4B14-901A-1FD40666AD74', '001|', '192.168.1.115', '2012-02-01 10:59:47');
INSERT INTO `login_log_p` VALUES ('DFB726F7-BCA6-4748-9CB7-C33412EAA1C3', 'anonymous|', '192.168.1.107', '2012-10-31 14:03:52');
INSERT INTO `login_log_p` VALUES ('DFDF5F64-9C3D-4C1A-BF04-02FED6DF71CE', '001|', '127.0.0.1', '2011-10-07 21:15:58');
INSERT INTO `login_log_p` VALUES ('DFE9DA5F-F1A3-4CA9-99B7-22B6BEB2C51A', '001|', '127.0.0.1', '2011-09-26 00:38:27');
INSERT INTO `login_log_p` VALUES ('DFFC5C20-C72E-40F3-A978-A73826B633F8', '001|', '192.168.1.115', '2012-02-02 15:00:04');
INSERT INTO `login_log_p` VALUES ('E0716D13-2F84-4C2B-88E5-D7D56715E08F', 'anonymous|', '192.168.1.103', '2011-10-18 10:03:30');
INSERT INTO `login_log_p` VALUES ('E10FD13C-54E6-44E7-8D28-ACC55DAC766D', '001|', '192.168.1.115', '2012-01-31 11:20:31');
INSERT INTO `login_log_p` VALUES ('E12F399F-933E-40E1-8DD8-9E19E7F922E4', '001|', '127.0.0.1', '2011-08-27 21:26:26');
INSERT INTO `login_log_p` VALUES ('E1559074-5EB8-4F61-B685-5974E4BAF62B', '001|', '127.0.0.1', '2011-09-04 21:44:35');
INSERT INTO `login_log_p` VALUES ('E1A1F33A-1311-4FC3-9FED-656A83A870B0', '001|', '192.168.1.103', '2012-10-19 11:37:03');
INSERT INTO `login_log_p` VALUES ('E2038078-7422-41CA-9AAF-C75EB2B5BBF8', '001|', '192.168.1.110', '2012-01-17 13:45:16');
INSERT INTO `login_log_p` VALUES ('E2393589-29F7-4B79-9033-65B4D737E1BB', 'anonymous|', '192.168.1.111', '2012-09-06 09:42:06');
INSERT INTO `login_log_p` VALUES ('E26865D8-DDC4-44A9-A5F9-21924D85F55F', '001|', '192.168.1.115', '2012-01-21 11:20:56');
INSERT INTO `login_log_p` VALUES ('E282C763-F1E5-4AA6-8479-FE6F2F4A9199', '001|', '127.0.0.1', '2011-09-18 11:44:01');
INSERT INTO `login_log_p` VALUES ('E2AAAA62-7EB8-4073-ACD3-092329769845', '001|', '127.0.0.1', '2011-10-01 21:42:15');
INSERT INTO `login_log_p` VALUES ('E2E70B24-CBDD-4C0D-AB8F-42400564308A', '001|', '192.168.1.112', '2012-05-17 11:23:05');
INSERT INTO `login_log_p` VALUES ('E33C56EA-989D-48E8-961C-6424F6E750F4', '001|', '192.168.1.115', '2012-02-03 11:55:41');
INSERT INTO `login_log_p` VALUES ('E3F0AAD9-2F86-40C5-BAB0-764DFF2436D3', '001|', '192.168.1.109', '2012-11-09 10:32:07');
INSERT INTO `login_log_p` VALUES ('E3F30387-7554-4172-81E1-9E9386A17FAC', '001|', '127.0.0.1', '2011-09-28 23:41:55');
INSERT INTO `login_log_p` VALUES ('E4A122DB-E7AE-4704-A9FE-24F21E4BBC7A', '001|', '192.168.1.110', '2012-02-16 16:28:34');
INSERT INTO `login_log_p` VALUES ('E4A2DCE5-829B-4BC0-BEEC-1317C4897754', 'anonymous|', '192.168.1.103', '2012-05-17 09:28:47');
INSERT INTO `login_log_p` VALUES ('E5E67D3A-8042-4D53-9143-792D0B42EFA3', '001|', '192.168.1.110', '2012-01-20 14:46:07');
INSERT INTO `login_log_p` VALUES ('E5F96B97-D307-4635-9532-9F845859BAA4', 'anonymous|', '192.168.1.104', '2011-12-02 09:22:55');
INSERT INTO `login_log_p` VALUES ('E61FC77D-DB1D-461F-B078-F8254959056F', '001|', '192.168.1.104', '2012-10-31 15:55:53');
INSERT INTO `login_log_p` VALUES ('E63CBD91-05CC-4E30-916C-26D4154F7123', '001|', '127.0.0.1', '2011-09-26 21:41:34');
INSERT INTO `login_log_p` VALUES ('E666D827-765E-41C1-BCEE-A607DFE3BC09', '001|', '127.0.0.1', '2011-10-07 01:26:04');
INSERT INTO `login_log_p` VALUES ('E6CB4CCA-A5E4-4ED8-9CB0-DFC864ACA747', '001|', '127.0.0.1', '2011-11-26 11:39:17');
INSERT INTO `login_log_p` VALUES ('E6E9A5B3-EE04-455A-98B5-79889E4908BD', '001|', '192.168.1.104', '2012-06-19 16:21:54');
INSERT INTO `login_log_p` VALUES ('E727E5DB-35BE-4007-9C5A-43846669CB86', '001|', '192.168.1.115', '2012-02-03 14:58:51');
INSERT INTO `login_log_p` VALUES ('E7A73D46-061F-4BDE-BA99-6A284670BC46', '001|', '127.0.0.1', '2011-10-07 01:05:58');
INSERT INTO `login_log_p` VALUES ('E7B3A435-644B-4A2A-B937-A09175A205F1', '001|', '192.168.1.115', '2012-01-31 15:04:20');
INSERT INTO `login_log_p` VALUES ('E80CD716-9A5F-4F96-9414-AAE2AB22A7CF', '001|', '127.0.0.1', '2011-08-30 05:53:21');
INSERT INTO `login_log_p` VALUES ('E88F862C-4591-4024-B328-6DF77D4F6E85', 'anonymous|', '192.168.1.107', '2012-11-08 13:48:48');
INSERT INTO `login_log_p` VALUES ('E955D3AE-102F-49C3-A2BE-4B3F59D70571', 'anonymous|', '192.168.1.107', '2012-11-08 14:24:39');
INSERT INTO `login_log_p` VALUES ('E997010D-5358-4CFE-A639-563480A44CC4', 'anonymous|', '192.168.1.106', '2012-03-29 17:46:00');
INSERT INTO `login_log_p` VALUES ('E9F568D1-DF53-4E98-BC3D-411756BB5C1A', '001|', '192.168.1.104', '2012-06-19 15:25:39');
INSERT INTO `login_log_p` VALUES ('EA4471E4-9958-4DE5-A5BB-3AD3DE5C254D', '001|', '127.0.0.1', '2011-12-02 09:07:32');
INSERT INTO `login_log_p` VALUES ('EA468E0F-4260-45C0-BA55-EB8E58CDABC4', '001|', '192.168.1.100', '2012-07-19 10:40:44');
INSERT INTO `login_log_p` VALUES ('EA7191E5-A0C6-44AF-9F2B-74A8CCF5582A', '001|', '127.0.0.1', '2011-08-27 11:03:09');
INSERT INTO `login_log_p` VALUES ('EA98D4E9-8F0A-4B77-86F1-C979E10C6609', 'anonymous|', '192.168.1.112', '2012-06-01 09:45:42');
INSERT INTO `login_log_p` VALUES ('EACD5B54-E4A3-46E6-B17C-933633A3E3E4', 'anonymous|', '192.168.1.103', '2012-05-17 08:45:24');
INSERT INTO `login_log_p` VALUES ('EB0EDA52-0DD0-4B0E-81EB-65A7201B7619', '001|', '192.168.1.115', '2012-02-03 13:35:04');
INSERT INTO `login_log_p` VALUES ('EB978468-10A7-433C-B325-7FE214553A0D', 'anonymous|', '192.168.1.106', '2012-03-29 16:32:59');
INSERT INTO `login_log_p` VALUES ('EBB6DE30-F1E2-4537-8BEB-FACD5608A333', '001|', '192.168.1.102', '2012-07-23 13:30:26');
INSERT INTO `login_log_p` VALUES ('EBF14F50-F3AF-4E90-AE7F-CC427A5E12D4', '001|', '127.0.0.1', '2011-08-28 22:28:45');
INSERT INTO `login_log_p` VALUES ('EC304D8D-0065-418C-BA7F-639F3BFEB6B4', '001|', '192.168.1.103', '2011-11-26 13:17:08');
INSERT INTO `login_log_p` VALUES ('EC6807D4-F867-41E2-8A7B-1D474B92C75E', '001|', '127.0.0.1', '2011-10-06 17:01:59');
INSERT INTO `login_log_p` VALUES ('EC6BF082-778A-45F5-99E1-1410809B98A5', '001|', '192.168.1.110', '2012-02-09 09:05:38');
INSERT INTO `login_log_p` VALUES ('EC7B0C73-5607-4AE2-B3BE-3846E34C8562', '001|', '192.168.1.103', '2012-01-18 11:38:48');
INSERT INTO `login_log_p` VALUES ('EC899AFD-AB7D-4FF6-B6B8-37B5EB2FBF7C', '001|', '127.0.0.1', '2011-10-06 17:22:04');
INSERT INTO `login_log_p` VALUES ('ECA86C65-271B-494C-B0F2-3512F8CFE098', '001|', '127.0.0.1', '2011-10-06 17:32:08');
INSERT INTO `login_log_p` VALUES ('ED3F62C5-7FF2-46AA-A8A0-951251C03352', '001|', '192.168.1.109', '2012-11-23 12:45:47');
INSERT INTO `login_log_p` VALUES ('EE02E003-3577-4580-A766-433FDC64C3BA', '001|', '192.168.1.103', '2012-09-11 10:13:43');
INSERT INTO `login_log_p` VALUES ('EE3601FB-49AF-4B8B-B1FF-0F8CDC7372D8', '001|', '192.168.1.100', '2012-07-11 11:18:49');
INSERT INTO `login_log_p` VALUES ('EEB2BCFB-9DCA-4F94-B7D7-2848C47C9C75', '001|', '192.168.1.115', '2012-02-03 15:11:50');
INSERT INTO `login_log_p` VALUES ('EEEA24ED-D0F0-40E1-A9FB-73EF3559D959', '001|', '192.168.1.110', '2012-01-12 17:03:42');
INSERT INTO `login_log_p` VALUES ('EF250ED1-8845-4145-81B9-5814879A8113', 'anonymous|', '192.168.1.101', '2012-08-31 09:58:27');
INSERT INTO `login_log_p` VALUES ('EF26C649-6794-405D-90DF-95204333C6DA', '001|', '192.168.1.110', '2012-02-27 11:02:08');
INSERT INTO `login_log_p` VALUES ('F03F9CF0-C064-4EC7-B4B1-58C24CADD663', '001|', '192.168.1.103', '2012-10-19 09:11:15');
INSERT INTO `login_log_p` VALUES ('F043C60F-1253-4998-A988-ECC120FDFF58', '001|', '192.168.1.110', '2012-02-16 15:40:11');
INSERT INTO `login_log_p` VALUES ('F0CB7417-E096-4F51-A09C-93F3A8881391', '001|', '127.0.0.1', '2011-08-21 10:36:49');
INSERT INTO `login_log_p` VALUES ('F14ACBD8-24B0-4763-901B-F4C65C607161', '001|', '127.0.0.1', '2011-12-06 13:06:15');
INSERT INTO `login_log_p` VALUES ('F1A7B6E7-1260-4745-93D5-7CA262BE6AB4', '001|', '127.0.0.1', '2011-09-23 00:07:42');
INSERT INTO `login_log_p` VALUES ('F28C45ED-01F0-4D4F-AF44-2F77F1A8AC7D', '001|', '192.168.1.109', '2012-11-23 10:40:14');
INSERT INTO `login_log_p` VALUES ('F2CE15FF-5E97-4255-ABE0-1F61F9EACE56', '001|', '192.168.1.103', '2012-10-18 16:38:38');
INSERT INTO `login_log_p` VALUES ('F2ECE4D6-1318-4EFF-8614-F408E0AC3B5F', '001|', '192.168.1.103', '2011-10-18 10:54:56');
INSERT INTO `login_log_p` VALUES ('F38D67BA-86C1-4CD9-AAD2-EB5E7C0CA0FC', 'anonymous|', '192.168.1.103', '2011-12-02 17:13:42');
INSERT INTO `login_log_p` VALUES ('F3C4A7A8-C96E-492D-8BD5-C9ABDC942CB9', '001|', '192.168.1.115', '2012-01-31 10:15:25');
INSERT INTO `login_log_p` VALUES ('F42D79EF-4833-4B90-8750-23E0218CE8E0', '001|', '192.168.1.104', '2012-06-19 13:37:46');
INSERT INTO `login_log_p` VALUES ('F43B3C5E-578E-4553-A349-9401354E3016', '001|', '192.168.1.109', '2012-11-23 13:14:57');
INSERT INTO `login_log_p` VALUES ('F44A09B6-D1E0-459A-B484-8D6CA49849AD', 'anonymous|', '192.168.1.107', '2012-10-31 10:12:02');
INSERT INTO `login_log_p` VALUES ('F482FFA4-D365-4980-B272-64DDEE996330', 'anonymous|', '192.168.1.104', '2011-12-02 09:34:37');
INSERT INTO `login_log_p` VALUES ('F4FC845F-3BE3-45CC-8FC6-65427C59862E', 'anonymous|', '192.168.1.103', '2012-09-10 08:40:15');
INSERT INTO `login_log_p` VALUES ('F591D5BC-AEA5-40D8-9122-D723755163E6', '001|', '192.168.1.110', '2012-02-16 14:48:07');
INSERT INTO `login_log_p` VALUES ('F61A6658-0F7E-4713-9282-5993722E6016', '001|', '192.168.1.103', '2012-10-18 16:59:01');
INSERT INTO `login_log_p` VALUES ('F65413A5-6CAD-493E-A047-3348D564BDDD', 'anonymous|', '192.168.1.114', '2012-01-20 12:01:05');
INSERT INTO `login_log_p` VALUES ('F65E4D2D-B2D2-40E2-8CA9-CCE4EC168DCF', '001|', '192.168.1.109', '2012-11-09 09:53:36');
INSERT INTO `login_log_p` VALUES ('F6C043C3-3C2F-4102-90E5-A4A195F7F7A7', 'anonymous|', '192.168.1.117', '2012-02-16 15:26:18');
INSERT INTO `login_log_p` VALUES ('F6F98623-7D9D-4B22-AF50-23F4AE5FC749', '001|', '127.0.0.1', '2011-09-26 01:44:50');
INSERT INTO `login_log_p` VALUES ('F712DBA9-9872-4A36-BC19-60D98B53EAE8', '001|', '127.0.0.1', '2011-10-01 23:10:14');
INSERT INTO `login_log_p` VALUES ('F7750A12-38B1-49C5-A4B4-3CA4698C2ABE', '001|', '127.0.0.1', '2011-08-27 14:25:01');
INSERT INTO `login_log_p` VALUES ('F79B8FBA-208D-49B6-8B75-CE8E8C713BDA', '001|', '192.168.1.114', '2012-03-31 17:17:35');
INSERT INTO `login_log_p` VALUES ('F8283920-732F-4FD7-86F4-97FA7D2D5402', '001|', '192.168.1.110', '2012-01-17 14:18:30');
INSERT INTO `login_log_p` VALUES ('F858F280-E2DD-4090-B88F-F71218EE788D', 'anonymous|', '192.168.1.111', '2012-09-06 14:44:42');
INSERT INTO `login_log_p` VALUES ('F86060CB-285C-42D1-9FF5-4F1F98963DF5', 'anonymous|', '192.168.1.104', '2011-12-02 09:38:36');
INSERT INTO `login_log_p` VALUES ('F863EAE5-5172-4F55-A5D7-E3AC933428CA', '001|', '127.0.0.1', '2011-08-26 21:51:02');
INSERT INTO `login_log_p` VALUES ('F86BF48D-832F-45A4-B268-2F099B2388F6', 'anonymous|', '192.168.1.100', '2012-06-27 09:38:20');
INSERT INTO `login_log_p` VALUES ('F8B73CCA-1F30-4FCF-BF11-B1027E72B44A', '001|', '192.168.1.106', '2012-10-30 13:43:38');
INSERT INTO `login_log_p` VALUES ('F8DC75E2-9928-43AD-A798-F096CF0FE4E4', '001|', '192.168.1.102', '2012-09-19 10:40:33');
INSERT INTO `login_log_p` VALUES ('F8EA04C3-2A70-45B7-B43A-7EC2D40B524C', '001|', '192.168.1.109', '2012-11-23 11:10:35');
INSERT INTO `login_log_p` VALUES ('F8FC5785-2770-4D40-8771-5D051315769C', 'anonymous|', '192.168.1.107', '2012-05-02 16:29:10');
INSERT INTO `login_log_p` VALUES ('F93A29A4-0CAB-4E63-A3CB-32C7734D890F', '001|', '127.0.0.1', '2013-02-22 13:31:24');
INSERT INTO `login_log_p` VALUES ('F93F1AA3-EBA8-4CE9-992C-D8395453FABF', 'anonymous|', '192.168.1.103', '2011-12-05 11:25:08');
INSERT INTO `login_log_p` VALUES ('F982F1FB-3AC9-4C96-9CCB-9998227D4AD5', '001|', '192.168.1.110', '2012-01-18 13:24:21');
INSERT INTO `login_log_p` VALUES ('F996D3A5-78F1-4FF5-BBF4-9CB26011BBC9', '001|', '192.168.1.104', '2012-11-02 09:45:16');
INSERT INTO `login_log_p` VALUES ('FA1FF051-EB8A-472A-B736-E765A39DAC43', '001|', '127.0.0.1', '2011-10-01 21:16:20');
INSERT INTO `login_log_p` VALUES ('FB9AC280-4A39-42F1-8932-1E274D3E9AE7', '001|', '192.168.1.104', '2012-06-19 09:37:10');
INSERT INTO `login_log_p` VALUES ('FBA5F9BB-62D6-49A4-BBCB-9D0FB08097BE', '001|', '192.168.1.115', '2012-01-29 14:47:58');
INSERT INTO `login_log_p` VALUES ('FBB60CF4-C534-4DE3-96F3-27705C89D10C', '001|', '127.0.0.1', '2011-08-21 22:32:26');
INSERT INTO `login_log_p` VALUES ('FBBE9E81-1698-49D9-9C66-BE05616CEAC8', 'anonymous|', '192.168.1.107', '2012-11-08 09:50:59');
INSERT INTO `login_log_p` VALUES ('FBF5E8E8-CFCF-4D79-B79A-53C1FA5E9E4A', '001|', '127.0.0.1', '2011-08-28 02:20:48');
INSERT INTO `login_log_p` VALUES ('FC02A4D5-D905-462B-BA0A-9A14413DA1B8', '001|', '192.168.1.103', '2012-01-18 11:40:36');
INSERT INTO `login_log_p` VALUES ('FC1EC74D-F579-42D5-8F1A-1CDAAE50FE37', 'anonymous|', '127.0.0.1', '2012-11-27 11:01:52');
INSERT INTO `login_log_p` VALUES ('FCC18B3C-C1C2-4895-8C4D-EEFE46814C84', 'anonymous|', '192.168.1.107', '2012-11-08 09:35:06');
INSERT INTO `login_log_p` VALUES ('FCF3C341-2161-499B-9E35-8C88C18AAB7F', '001|', '127.0.0.1', '2011-09-25 22:26:41');
INSERT INTO `login_log_p` VALUES ('FD1067D4-0720-490C-AD39-5D789CF26C66', '001|', '192.168.1.110', '2012-01-20 15:08:41');
INSERT INTO `login_log_p` VALUES ('FD53AD3F-43B0-42F8-9924-4DC49D1CCC4F', '001|', '192.168.1.110', '2012-01-18 11:34:40');
INSERT INTO `login_log_p` VALUES ('FDA71752-F68E-43A7-B95D-B8D6E3B29A85', '001|', '192.168.1.109', '2012-11-23 14:36:00');
INSERT INTO `login_log_p` VALUES ('FDEEE436-6750-4CA6-9DA1-64D29C1E296D', '001|', '127.0.0.1', '2011-10-07 00:08:10');
INSERT INTO `login_log_p` VALUES ('FDF98AEE-EB62-477D-ABB0-DB8F6457B4DC', '001|', '127.0.0.1', '2011-10-01 21:26:46');
INSERT INTO `login_log_p` VALUES ('FE880037-9513-454C-B380-E9AB9393A127', 'anonymous|', '192.168.1.103', '2012-09-14 17:34:22');
INSERT INTO `login_log_p` VALUES ('FEFA7172-4A11-42E8-911D-49D103177A39', '001|', '192.168.1.104', '2012-11-01 09:03:21');
INSERT INTO `login_log_p` VALUES ('FEFC9AE5-4FD3-4442-98FE-596E4BDD9411', '001|', '192.168.1.110', '2012-01-31 16:37:57');
INSERT INTO `login_log_p` VALUES ('FF86F2EE-00BF-4F9D-A47A-08FD5FA776FE', '001|', '192.168.1.106', '2012-05-08 10:14:22');
INSERT INTO `login_log_p` VALUES ('FFB27091-10DB-4C44-AE3C-E4D38F56751A', '001|', '192.168.1.110', '2012-02-16 15:38:42');
INSERT INTO `login_log_p` VALUES ('FFF5AD64-6980-43A2-94DC-86D6824A4C0C', '001|', '192.168.1.115', '2012-02-02 15:17:13');
INSERT INTO `login_log_p` VALUES ('FFFD7F8E-CEBF-4D6F-B35E-F93EA1A0DDAF', '001|', '127.0.0.1', '2011-08-24 23:19:34');

-- ----------------------------
-- Table structure for manage_area_p
-- ----------------------------
DROP TABLE IF EXISTS `manage_area_p`;
CREATE TABLE `manage_area_p` (
  `MANAGE_AREA_ID` varchar(40) NOT NULL,
  `USER_ID` varchar(40) DEFAULT NULL,
  `MADEPT_ID` varchar(40) DEFAULT NULL,
  `MAUSER_ID` varchar(40) DEFAULT NULL,
  PRIMARY KEY (`MANAGE_AREA_ID`)
) ENGINE=InnoDB DEFAULT CHARSET=utf8;

-- ----------------------------
-- Records of manage_area_p
-- ----------------------------

-- ----------------------------
-- Table structure for module_p
-- ----------------------------
DROP TABLE IF EXISTS `module_p`;
CREATE TABLE `module_p` (
  `MODULE_ID` varchar(40) NOT NULL,
  `NAME` varchar(100) DEFAULT NULL,
  `PARENT_ID` varchar(40) DEFAULT NULL,
  `PARENT_NAME` varchar(100) DEFAULT NULL,
  `LAYER_NUM` int(11) DEFAULT NULL,
  `IS_LEAF` char(1) DEFAULT NULL,
  `ICO` varchar(20) DEFAULT NULL,
  `CURL` varchar(150) DEFAULT NULL,
  `CTYPE` char(1) DEFAULT NULL,
  `STATE` char(1) DEFAULT NULL,
  `BELONG` varchar(100) DEFAULT NULL,
  `CWHICH` char(1) DEFAULT NULL,
  `QUOTE_NUM` int(11) DEFAULT NULL,
  `ORDER_NO` int(11) DEFAULT NULL,
  `CNOTE` varchar(30) DEFAULT NULL,
  `CREATED_BY` varchar(40) DEFAULT NULL,
  `CREATED_TIME` datetime DEFAULT NULL,
  `UPDATED_BY` varchar(40) DEFAULT NULL,
  `UPDATED_TIME` datetime DEFAULT NULL,
  PRIMARY KEY (`MODULE_ID`)
) ENGINE=InnoDB DEFAULT CHARSET=utf8;

-- ----------------------------
-- Records of module_p
-- ----------------------------
INSERT INTO `module_p` VALUES ('01', '', '-1', null, '0', '0', null, null, '2', '1', null, null, '0', '1', null, null, '2009-05-24 18:29:55', null, '2009-05-24 18:29:55');
INSERT INTO `module_p` VALUES ('0101', '', '01', '', '1', '0', null, '/home/main.do', '2', '1', 'title.jsp', '', '0', '1', null, null, '2009-05-24 18:29:55', '001', '2010-10-31 22:13:06');
INSERT INTO `module_p` VALUES ('010104', '', '0101', '', '2', '0', null, '/home/olmsgListAction.do', '3', '1', '/home/left.jsp', '', '0', '4', null, '001', '2010-02-22 17:29:24', '001', '2011-02-23 09:43:50');
INSERT INTO `module_p` VALUES ('01010402', '', '010104', '', '3', '1', 'new', '/home/olmsgCreateAction.do', '4', '1', '/home/olmsg/olmsgList.jsp', '', '0', '1', null, '001', '2010-02-22 17:31:41', '001', '2010-02-23 09:06:27');
INSERT INTO `module_p` VALUES ('01010403', '', '010104', '', '3', '1', 'save', '/home/olmsgPosSaveAction.do', '4', '1', '/home/olmsg/olmsgList.jsp', '', '0', '2', '', '001', '2010-02-23 08:59:30', '001', '2010-11-06 10:08:16');
INSERT INTO `module_p` VALUES ('010107', '', '0101', '', '2', '0', null, '/baseinfo/toUseFeedbackListAction.do', '3', '1', '/home/left.jsp', '0', '0', '7', null, '001', '2010-12-20 15:38:13', '001', '2011-02-23 09:43:50');
INSERT INTO `module_p` VALUES ('01010702', '', '010107', '', '3', '1', 'view', '/baseinfo/toUseFeedbackViewAction.do', '4', '1', '/baseinfo/usefeedback/jUseFeedbackList.jsp', '0', '0', '1', null, '001', '2010-12-20 15:44:13', null, '2010-12-20 17:21:12');
INSERT INTO `module_p` VALUES ('01010703', '', '010107', '', '3', '0', 'new', '/baseinfo/toUseFeedbackCreateAction.do', '4', '1', '/baseinfo/usefeedback/jUseFeedbackList.jsp', '0', '0', '2', null, '001', '2010-12-20 15:44:13', null, '2010-12-20 17:21:12');
INSERT INTO `module_p` VALUES ('0101070302', '', '01010703', '', '4', '1', 'save', '/baseinfo/doUseFeedbackCreateSaveAction.do', '4', '1', '/baseinfo/usefeedback/jUseFeedbackCreate.jsp', '0', '0', '1', null, '001', '2010-12-20 15:45:10', null, '2010-12-20 17:21:12');
INSERT INTO `module_p` VALUES ('0101070303', '', '01010703', '', '4', '1', 'save', '/baseinfo/doUseFeedbackCreateSaveAction.do?flag=tempsuccess', '4', '1', '/baseinfo/usefeedback/jUseFeedbackCreate.jsp', '0', '0', '2', null, '001', '2010-12-20 15:45:10', null, '2010-12-20 17:21:12');
INSERT INTO `module_p` VALUES ('01010704', '', '010107', '', '3', '0', 'update', '/baseinfo/toUseFeedbackUpdateAction.do', '4', '1', '/baseinfo/usefeedback/jUseFeedbackList.jsp', '0', '0', '3', null, '001', '2010-12-20 15:44:13', null, '2010-12-20 17:21:12');
INSERT INTO `module_p` VALUES ('0101070402', '', '01010704', '', '4', '1', 'save', '/baseinfo/doUseFeedbackUpdateSaveAction.do', '4', '1', '/baseinfo/usefeedback/jUseFeedbackUpdate.jsp', '0', '0', '1', null, '001', '2010-12-20 15:45:49', null, '2010-12-20 17:21:12');
INSERT INTO `module_p` VALUES ('0101070403', '', '01010704', '', '4', '1', 'save', '/baseinfo/doUseFeedbackUpdateSaveAction.do?flag=tempsuccess', '4', '1', '/baseinfo/usefeedback/jUseFeedbackUpdate.jsp', '0', '0', '2', null, '001', '2010-12-20 15:45:49', null, '2010-12-20 17:21:12');
INSERT INTO `module_p` VALUES ('01010705', '', '010107', '', '3', '1', 'delete', '/baseinfo/doUseFeedbackDeleteAction.do', '4', '1', '/baseinfo/usefeedback/jUseFeedbackList.jsp', '0', '0', '4', null, '001', '2010-12-20 15:44:13', null, '2010-12-20 17:21:12');
INSERT INTO `module_p` VALUES ('01010706', '', '010107', '', '3', '0', 'new', '/baseinfo/toUseFeedbackAnswerAction.do', '4', '1', '/baseinfo/usefeedback/jUseFeedbackList.jsp', '0', '0', '5', null, '001', '2010-12-20 16:56:24', '001', '2010-12-21 09:38:33');
INSERT INTO `module_p` VALUES ('0101070602', '', '01010706', '', '4', '1', 'save', '/baseinfo/doUseFeedbackAnswerSaveAction.do', '4', '1', '/baseinfo/usefeedback/jUseFeedbackAnswer.jsp', '0', '0', '1', null, '001', '2010-12-21 09:43:35', '001', '2010-12-21 09:48:32');
INSERT INTO `module_p` VALUES ('0101070603', '', '01010706', '', '4', '1', 'save', '/baseinfo/doUseFeedbackAnswerSaveAction.do?flag=tempsuccess', '4', '1', '/baseinfo/usefeedback/jUseFeedbackAnswer.jsp', '0', '0', '2', null, '001', '2010-12-21 09:43:35', '001', '2010-12-21 09:44:50');
INSERT INTO `module_p` VALUES ('0103', '', '01', '', '1', '0', null, '/baseinfo/welcome.do', '2', '1', 'title.jsp', '', '0', '17', null, null, '2009-05-24 18:29:55', '001', '2010-11-10 11:18:24');
INSERT INTO `module_p` VALUES ('010301', '', '0103', '', '2', '0', 'view', '/baseinfo/toQuestionListListAction.do', '3', '1', '/baseinfo/left.jsp', '', '0', '5', '', null, '2009-06-18 21:22:55', '001', '2010-11-10 17:16:45');
INSERT INTO `module_p` VALUES ('01030101', '', '010301', '', '3', '1', 'view', '/baseinfo/toQuestionListViewAction.do', '4', '1', '/baseinfo/questionlist/questionListList.jsp', null, '0', '1', null, null, '2009-06-18 21:23:05', null, '2009-06-18 21:23:05');
INSERT INTO `module_p` VALUES ('01030102', '', '010301', '', '3', '1', 'new', '/baseinfo/toQuestionListCreateAction.do', '4', '1', '/baseinfo/questionlist/questionListList.jsp', null, '0', '2', null, null, '2009-06-18 21:23:05', null, '2009-06-18 21:23:05');
INSERT INTO `module_p` VALUES ('0103010201', '', '01030102', '', '4', '1', 'save', '/baseinfo/doQuestionListCreateSaveAction.do', '4', '1', '/baseinfo/questionlist/questionListCreate.jsp', null, '0', '3', null, null, '2009-06-18 21:23:05', null, '2009-06-18 21:23:05');
INSERT INTO `module_p` VALUES ('01030103', '', '010301', '', '3', '1', 'update', '/baseinfo/toQuestionListUpdateAction.do', '4', '1', '/baseinfo/questionlist/questionListList.jsp', null, '0', '4', null, null, '2009-06-18 21:23:05', null, '2009-06-18 21:23:05');
INSERT INTO `module_p` VALUES ('0103010301', '', '01030103', '', '4', '1', 'save', '/baseinfo/doQuestionListUpdateSaveAction.do', '4', '1', '/baseinfo/questionlist/questionListUpdate.jsp', null, '0', '5', null, null, '2009-06-18 21:23:05', null, '2009-06-18 21:23:05');
INSERT INTO `module_p` VALUES ('01030104', '', '010301', '', '3', '1', 'delete', '/baseinfo/doQuestionListDeleteAction.do', '4', '1', '/baseinfo/questionlist/questionListList.jsp', null, '0', '6', null, null, '2009-06-18 21:23:05', null, '2009-06-18 21:23:05');
INSERT INTO `module_p` VALUES ('01030105', '', '010301', '', '3', '1', 'search', '/baseinfo/toQuestionListSearchAction.do', '4', '1', '/baseinfo/questionlist/questionListList.jsp', null, '0', '7', null, null, '2009-06-18 21:23:05', null, '2009-06-18 21:23:05');
INSERT INTO `module_p` VALUES ('0103010501', '', '01030105', '', '4', '1', 'dosearch', '/baseinfo/doQuestionListQueryAction.do', '4', '1', '/baseinfo/questionlist/questionListSearch.jsp', null, '0', '8', null, null, '2009-06-18 21:23:05', null, '2009-06-18 21:23:05');
INSERT INTO `module_p` VALUES ('010303', '', '0103', '', '2', '0', 'view', 'baseinfo', '3', '1', '/baseinfo/left.jsp', '', '0', '2', '', '001', '2010-02-13 13:47:42', null, '2010-12-13 15:12:31');
INSERT INTO `module_p` VALUES ('01030301', '', '010303', '', '3', '1', 'save', '/baseinfo/doBaseCodeSaveAction.do', '4', '1', '/baseinfo/basecode/jBaseCode.jsp', '', '0', '1', null, '001', '2010-02-13 14:26:02', '001', '2010-03-10 17:08:07');
INSERT INTO `module_p` VALUES ('010304', '', '0103', '', '2', '0', 'view', 'baseinfo', '3', '1', '/baseinfo/left.jsp', '', '0', '3', '', '001', '2010-02-13 13:47:42', null, '2010-12-13 15:12:31');
INSERT INTO `module_p` VALUES ('01030402', '', '010304', '', '3', '1', 'save', '/baseinfo/doSysCodeSaveAction.do', '4', '1', '/baseinfo/syscode/jSysCode.jsp', '', '0', '1', null, '001', '2010-02-13 14:38:43', null, '2010-12-13 15:12:31');
INSERT INTO `module_p` VALUES ('010305', '', '0103', '', '2', '0', 'view', '../baseinfo/toSysOptionAction.do', '3', '1', '/baseinfo/left.jsp', '', '0', '4', null, '001', '2010-03-10 10:47:12', '001', '2010-03-10 13:27:35');
INSERT INTO `module_p` VALUES ('01030502', '', '010305', '', '3', '1', 'save', '/baseinfo/doSysOptionSaveAction.do', '4', '1', '/baseinfo/sysoption/jSysOption.jsp', '', '0', '1', null, '001', '2010-03-10 10:52:01', '001', '2010-03-10 11:22:51');
INSERT INTO `module_p` VALUES ('01030503', '', '010305', '', '3', '1', 'accept', '/baseinfo/doSysOptionMakeAction.do', '4', '1', '/baseinfo/sysoption/jSysOption.jsp', '', '0', '2', '', '001', '2010-03-10 10:52:01', '001', '2010-03-10 13:18:50');
INSERT INTO `module_p` VALUES ('010306', '', '0103', '', '2', '0', 'view', 'baseinfo', '3', '1', '/baseinfo/left.jsp', '', '0', '6', '', null, null, null, null);
INSERT INTO `module_p` VALUES ('01030602', '', '010306', '', '3', '1', 'view', '/basicinfo/toFactoryViewAction.do', '4', '1', '/basicinfo/factory/jFactoryList.jsp', '', '0', '1', '', null, null, null, null);
INSERT INTO `module_p` VALUES ('01030603', '', '010306', '', '3', '0', 'new', '/basicinfo/toFactoryCreateAction.do', '4', '1', '/basicinfo/factory/jFactoryList.jsp', '', '0', '2', '', null, null, null, null);
INSERT INTO `module_p` VALUES ('0103060302', '', '01030603', '', '4', '1', 'save', '/basicinfo/doFactoryCreateSaveAction.do', '4', '1', '/basicinfo/factory/jFactoryCreate.jsp', '', '0', '1', '', null, null, null, null);
INSERT INTO `module_p` VALUES ('0103060303', '', '01030603', '', '4', '1', 'save', '/basicinfo/doFactoryCreateSaveAction.do?flag=tempsuccess', '4', '1', '/basicinfo/factory/jFactoryCreate.jsp', '', '0', '2', '', null, null, null, null);
INSERT INTO `module_p` VALUES ('01030604', '', '010306', '', '3', '0', 'update', '/basicinfo/toFactoryUpdateAction.do', '4', '1', '/basicinfo/factory/jFactoryList.jsp', '', '0', '3', '', null, null, null, null);
INSERT INTO `module_p` VALUES ('0103060402', '', '01030604', '', '4', '1', 'save', '/basicinfo/doFactoryUpdateSaveAction.do', '4', '1', '/basicinfo/factory/jFactoryUpdate.jsp', '', '0', '1', '', null, null, null, null);
INSERT INTO `module_p` VALUES ('0103060403', '', '01030604', '', '4', '1', 'save', '/basicinfo/doFactoryUpdateSaveAction.do?flag=tempsuccess', '4', '1', '/basicinfo/factory/jFactoryUpdate.jsp', '', '0', '2', '', null, null, null, null);
INSERT INTO `module_p` VALUES ('01030605', '', '010306', '', '3', '1', 'delete', '/basicinfo/doFactoryDeleteAction.do', '4', '1', '/basicinfo/factory/jFactoryList.jsp', '', '0', '4', '', null, null, null, null);
INSERT INTO `module_p` VALUES ('01030606', '', '010306', '', '3', '1', 'new', '/basicinfo/doFactoryRunAction.do', '4', '1', '/basicinfo/factory/jFactoryList.jsp', '', '0', '5', '', null, null, null, null);
INSERT INTO `module_p` VALUES ('01030607', '', '010306', '', '3', '1', 'new', '/basicinfo/doFactoryStopAction.do', '4', '1', '/basicinfo/factory/jFactoryList.jsp', '', '0', '6', '', null, null, null, null);
INSERT INTO `module_p` VALUES ('010307', '', '0103', '', '2', '0', 'view', 'baseinfo', '3', '1', '/baseinfo/left.jsp', '', '0', '7', '', null, null, null, null);
INSERT INTO `module_p` VALUES ('01030702', '', '010307', '', '3', '1', 'view', '/basicinfo/toItemsViewAction.do', '4', '1', '/basicinfo/items/jItemsList.jsp', '', '0', '1', '', null, null, null, null);
INSERT INTO `module_p` VALUES ('01030703', '', '010307', '', '3', '0', 'new', '/basicinfo/toItemsCreateAction.do', '4', '1', '/basicinfo/items/jItemsList.jsp', '', '0', '2', '', null, null, null, null);
INSERT INTO `module_p` VALUES ('0103070302', '', '01030703', '', '4', '1', 'save', '/basicinfo/doItemsCreateSaveAction.do', '4', '1', '/basicinfo/items/jItemsCreate.jsp', '', '0', '1', '', null, null, null, null);
INSERT INTO `module_p` VALUES ('0103070303', '', '01030703', '', '4', '1', 'save', '/basicinfo/doItemsCreateSaveAction.do?flag=tempsuccess', '4', '1', '/basicinfo/items/jItemsCreate.jsp', '', '0', '2', '', null, null, null, null);
INSERT INTO `module_p` VALUES ('01030704', '', '010307', '', '3', '0', 'update', '/basicinfo/toItemsUpdateAction.do', '4', '1', '/basicinfo/items/jItemsList.jsp', '', '0', '3', '', null, null, null, null);
INSERT INTO `module_p` VALUES ('0103070402', '', '01030704', '', '4', '1', 'save', '/basicinfo/doItemsUpdateSaveAction.do', '4', '1', '/basicinfo/items/jItemsUpdate.jsp', '', '0', '1', '', null, null, null, null);
INSERT INTO `module_p` VALUES ('0103070403', '', '01030704', '', '4', '1', 'save', '/basicinfo/doItemsUpdateSaveAction.do?flag=tempsuccess', '4', '1', '/basicinfo/items/jItemsUpdate.jsp', '', '0', '2', '', null, null, null, null);
INSERT INTO `module_p` VALUES ('01030705', '', '010307', '', '3', '1', 'delete', '/basicinfo/doItemsDeleteAction.do', '4', '1', '/basicinfo/items/jItemsList.jsp', '', '0', '4', '', null, null, null, null);
INSERT INTO `module_p` VALUES ('010308', '', '0103', '', '2', '1', 'view', '/common/toUserTempAction.do', '3', '1', '/baseinfo/left.jsp', '', '0', '6', '', null, null, null, null);
INSERT INTO `module_p` VALUES ('0104', '', '01', '', '1', '0', null, '/system_admin/welcome.do', '2', '1', 'title.jsp', '', '0', '18', null, null, '2009-05-24 18:29:55', '001', '2010-11-10 11:18:24');
INSERT INTO `module_p` VALUES ('010401', '', '0104', '', '2', '0', 'users_family.png', null, '3', '1', '/system_admin/left.jsp', '', '0', '1', null, null, '2009-05-24 18:29:55', '001', '2010-03-11 16:07:22');
INSERT INTO `module_p` VALUES ('01040101', '', '010401', '', '3', '0', '', '/system_admin/organizationListAction.do', '3', '1', '/system_admin/left.jsp', '', '0', '1', '', null, '2009-05-24 18:29:55', null, '2009-05-24 18:29:55');
INSERT INTO `module_p` VALUES ('0104010101', '', '01040101', '', '4', '1', 'view', '/system_admin/deptViewAction.do', '4', '1', '/system_admin/deptList.jsp', null, '0', '1', null, null, '2009-06-02 23:31:15', null, '2009-06-02 23:31:15');
INSERT INTO `module_p` VALUES ('0104010102', '', '01040101', '', '4', '1', 'new', '/system_admin/deptCreateAction.do', '4', '1', '/system_admin/deptList.jsp', null, '0', '1', null, null, '2009-06-02 23:31:15', null, '2009-06-02 23:31:15');
INSERT INTO `module_p` VALUES ('0104010103', '', '01040101', '', '4', '1', 'update', '/system_admin/deptUpdateAction.do', '4', '1', '/system_admin/deptList.jsp', null, '0', '1', null, null, '2009-06-02 23:31:15', null, '2009-06-02 23:31:15');
INSERT INTO `module_p` VALUES ('0104010104', '', '01040101', '', '4', '1', 'delete', '/system_admin/deptDeleteAction.do', '4', '1', '/system_admin/deptList.jsp', null, '0', '1', null, null, '2009-06-02 23:31:15', null, '2009-06-02 23:31:15');
INSERT INTO `module_p` VALUES ('0104010105', '', '01040101', '', '4', '1', 'search', '/system_admin/deptSearchAction.do', '4', '1', '/system_admin/deptList.jsp', null, '0', '1', null, null, '2009-06-02 23:31:15', null, '2009-06-02 23:31:15');
INSERT INTO `module_p` VALUES ('0104010106', '', '01040101', '', '4', '1', 'search', '/system_admin/deptSortAction.do', '4', '1', '/system_admin/deptList.jsp', '', '0', '6', null, null, '2009-06-03 19:34:04', '001', '2010-11-25 15:54:42');
INSERT INTO `module_p` VALUES ('01040102', '', '010401', '', '3', '0', '', '/system_admin/userListAction.do', '3', '1', '/system_admin/left.jsp', '', '0', '6', '', null, '2009-05-24 18:29:55', null, '2009-05-24 18:29:55');
INSERT INTO `module_p` VALUES ('0104010201', '', '01040102', '', '4', '1', 'view', '/system_admin/userViewAction.do', '4', '1', '/system_admin/userList.jsp', null, '0', '1', null, null, '2009-06-06 18:29:00', null, '2009-06-06 18:29:00');
INSERT INTO `module_p` VALUES ('0104010202', '', '01040102', '', '4', '1', 'new', '/system_admin/userCreateAction.do', '4', '1', '/system_admin/userList.jsp', null, '0', '1', null, null, '2009-06-06 18:29:00', null, '2009-06-06 18:29:00');
INSERT INTO `module_p` VALUES ('0104010203', '', '01040102', '', '4', '1', 'update', '/system_admin/userUpdateAction.do', '4', '1', '/system_admin/userList.jsp', null, '0', '1', null, null, '2009-06-06 18:29:00', null, '2009-06-06 18:29:00');
INSERT INTO `module_p` VALUES ('0104010204', '', '01040102', '', '4', '1', 'delete', '/system_admin/userDeleteAction.do', '4', '1', '/system_admin/userList.jsp', null, '0', '1', null, null, '2009-06-06 18:29:00', null, '2009-06-06 18:29:00');
INSERT INTO `module_p` VALUES ('0104010205', '', '01040102', '', '4', '1', 'search', '/system_admin/userSearchAction.do', '4', '1', '/system_admin/userList.jsp', null, '0', '1', null, null, '2009-06-06 18:29:00', null, '2009-06-06 18:29:00');
INSERT INTO `module_p` VALUES ('0104010206', '', '01040102', '', '4', '1', 'search', '/system_admin/userSortAction.do', '4', '1', '/system_admin/userList.jsp', null, '0', '1', null, null, '2009-06-06 18:29:00', null, '2009-06-06 18:29:00');
INSERT INTO `module_p` VALUES ('0104010207', '', '01040102', '', '4', '1', 'dosearch', '/system_admin/userResetPassAction.do', '4', '1', '/system_admin/userList.jsp', null, '0', '1', null, null, '2009-06-06 22:14:38', null, '2009-06-06 22:14:38');
INSERT INTO `module_p` VALUES ('0104010208', '', '01040102', '', '4', '1', 'accept', '/system_admin/userToUseAction.do', '4', '1', '/system_admin/userList.jsp', '', '0', '8', '', null, '2009-06-06 23:09:53', null, '2009-06-06 23:09:53');
INSERT INTO `module_p` VALUES ('0104010209', '', '01040102', '', '4', '1', 'delete', '/system_admin/userStopAction.do', '4', '1', '/system_admin/userList.jsp', '', '0', '9', '', null, '2009-06-06 23:09:53', null, '2009-06-06 23:09:53');
INSERT INTO `module_p` VALUES ('01040103', '', '010401', '', '3', '0', '', '/system_admin/roleListAction.do', '3', '1', '/system_admin/left.jsp', '', '0', '7', '', null, '2009-05-24 18:29:55', null, '2009-05-24 18:29:55');
INSERT INTO `module_p` VALUES ('0104010301', '', '01040103', '', '4', '1', 'view', '/system_admin/roleViewAction.do', '4', '1', '/system_admin/roleList.jsp', null, '0', '1', null, null, '2009-06-07 08:21:51', null, '2009-06-07 08:21:51');
INSERT INTO `module_p` VALUES ('0104010302', '', '01040103', '', '4', '1', 'new', '/system_admin/roleCreateAction.do', '4', '1', '/system_admin/roleList.jsp', null, '0', '1', null, null, '2009-06-07 08:21:51', null, '2009-06-07 08:21:51');
INSERT INTO `module_p` VALUES ('0104010303', '', '01040103', '', '4', '1', 'update', '/system_admin/roleUpdateAction.do', '4', '1', '/system_admin/roleList.jsp', null, '0', '1', null, null, '2009-06-07 08:21:51', null, '2009-06-07 08:21:51');
INSERT INTO `module_p` VALUES ('0104010304', '', '01040103', '', '4', '1', 'delete', '/system_admin/roleDeleteAction.do', '4', '1', '/system_admin/roleList.jsp', null, '0', '1', null, null, '2009-06-07 08:21:51', null, '2009-06-07 08:21:51');
INSERT INTO `module_p` VALUES ('0104010305', '', '01040103', '', '4', '1', 'search', '/system_admin/roleSearchAction.do', '4', '1', '/system_admin/roleList.jsp', null, '0', '1', null, null, '2009-06-07 08:21:51', null, '2009-06-07 08:21:51');
INSERT INTO `module_p` VALUES ('01040104', '', '010401', '', '3', '0', '', '/system_admin/roleListAction.do', '3', '1', '/system_admin/left.jsp', '', '0', '2', '', null, '2009-05-24 18:29:55', null, '2009-05-24 18:29:55');
INSERT INTO `module_p` VALUES ('0104010401', '', '01040104', '', '3', '1', 'view', '/system_admin/logViewAction.do', '4', '1', '/system_admin/logList.jsp', null, '0', '1', null, null, '2009-06-15 06:24:45', null, '2009-06-15 06:24:45');
INSERT INTO `module_p` VALUES ('0104010402', '', '01040104', '', '3', '1', 'delete', '/system_admin/logDeleteAction.do', '4', '1', '/system_admin/logList.jsp', null, '0', '6', null, null, '2009-06-15 06:24:45', null, '2009-06-15 06:24:45');
INSERT INTO `module_p` VALUES ('0104010403', '', '01040104', '', '3', '1', 'search', '/system_admin/logSearchAction.do', '4', '1', '/system_admin/logList.jsp', null, '0', '7', null, null, '2009-06-15 06:24:45', null, '2009-06-15 06:24:45');
INSERT INTO `module_p` VALUES ('010401040301', '', '0104010403', '', '4', '1', 'dosearch', '/system_admin/logQueryAction.do', '4', '1', '/system_admin/logSearch.jsp', null, '0', '8', null, null, '2009-06-15 06:24:45', null, '2009-06-15 06:24:45');
INSERT INTO `module_p` VALUES ('0104010404', '', '01040104', '', '3', '1', 'search', '/system_admin/logClearAction.do', '4', '1', '/system_admin/logList.jsp', null, '0', '7', null, null, '2009-06-15 06:24:45', null, '2009-06-15 06:24:45');
INSERT INTO `module_p` VALUES ('01040105', '', '010401', '', '3', '0', '', '/system_admin/roleListAction.do', '3', '1', '/system_admin/left.jsp', '', '0', '3', '', null, '2009-05-24 18:29:55', null, '2009-05-24 18:29:55');
INSERT INTO `module_p` VALUES ('0104010501', '', '01040105', '', '3', '1', 'view', '/system_admin/loginLogViewAction.do', '4', '1', '/system_admin/loginLogList.jsp', null, '0', '1', null, null, '2009-06-15 06:24:45', null, '2009-06-15 06:24:45');
INSERT INTO `module_p` VALUES ('0104010502', '', '01040105', '', '3', '1', 'delete', '/system_admin/loginLogDeleteAction.do', '4', '1', '/system_admin/loginLogList.jsp', null, '0', '6', null, null, '2009-06-15 06:24:45', null, '2009-06-15 06:24:45');
INSERT INTO `module_p` VALUES ('0104010503', '', '01040105', '', '3', '1', 'search', '/system_admin/loginLogSearchAction.do', '4', '1', '/system_admin/loginLogList.jsp', null, '0', '7', null, null, '2009-06-15 06:24:45', null, '2009-06-15 06:24:45');
INSERT INTO `module_p` VALUES ('010401050301', '', '0104010503', '', '4', '1', 'dosearch', '/system_admin/loginLogListAction.do', '4', '1', '/system_admin/loginLogSearch.jsp', '', '0', '1', null, null, '2009-06-15 06:24:45', '001', '2011-02-17 14:57:00');
INSERT INTO `module_p` VALUES ('0104010504', '', '01040105', '', '3', '1', 'search', '/system_admin/loginLogClearAction.do', '4', '1', '/system_admin/loginLogList.jsp', null, '0', '7', null, null, '2009-06-15 06:24:45', null, '2009-06-15 06:24:45');
INSERT INTO `module_p` VALUES ('01040106', '', '010401', '', '3', '0', '', '/system_admin/roleListAction.do', '3', '1', '/system_admin/left.jsp', '', '0', '4', '', null, null, null, null);
INSERT INTO `module_p` VALUES ('0104010602', '', '01040106', '', '4', '1', 'view', '/system_admin/accessLogViewAction.do', '4', '1', '/system_admin/accessLogList.jsp', '', '0', '1', '', null, null, null, null);
INSERT INTO `module_p` VALUES ('0104010603', '', '01040106', '', '4', '1', 'delete', '/system_admin/accessLogDeleteAction.do', '4', '1', '/system_admin/accessLogList.jsp', '', '0', '2', '', null, null, null, null);
INSERT INTO `module_p` VALUES ('0104010604', '', '01040106', '', '4', '1', 'search', '/system_admin/accessLogSearchAction.do', '4', '1', '/system_admin/accessLogList.jsp', '', '0', '3', '', null, null, null, null);
INSERT INTO `module_p` VALUES ('0104010605', '', '01040106', '', '4', '1', 'search', '/system_admin/accessLogClearAction.do', '4', '1', '/system_admin/accessLogList.jsp', '', '0', '4', '', null, null, null, null);
INSERT INTO `module_p` VALUES ('01040107', '', '010401', '', '3', '0', '', '/system_admin/roleListAction.do', '3', '1', '/system_admin/left.jsp', '', '0', '7', '', null, null, null, null);
INSERT INTO `module_p` VALUES ('0104010702', '', '01040107', '', '4', '1', 'save', '/baseinfo/doModuleSaveAction.do', '4', '1', '/baseinfo/module/jModule.jsp', '', '0', '1', '', null, null, null, null);
INSERT INTO `module_p` VALUES ('010402', '', '0104', '', '2', '0', 'data_gear.png', null, '3', '1', '/system_admin/left.jsp', '', '0', '2', null, null, '2009-05-24 18:29:55', '001', '2010-03-11 16:07:22');
INSERT INTO `module_p` VALUES ('01040201', '', '010402', '', '3', '0', null, '/system_admin/organizationListAction.do', '2', '1', '/system_admin/left.jsp', null, '0', '99', null, null, '2009-05-24 18:29:55', null, '2009-05-24 18:29:55');
INSERT INTO `module_p` VALUES ('01040202', '', '010402', '', '3', '0', null, '/system_admin/userListAction.do', '2', '1', '/system_admin/left.jsp', null, '0', '99', null, null, '2009-05-24 18:29:55', null, '2009-05-24 18:29:55');
INSERT INTO `module_p` VALUES ('010403', '', '0104', '', '2', '1', '', '', '3', '1', '/system_admin/left.jsp', '', '0', '3', '', null, null, null, null);
INSERT INTO `module_p` VALUES ('0119', '', '01', '', '1', '0', '', '/office/welcome.do', '2', '1', 'title.jsp', '', '0', '3', '', '001', '2010-09-13 15:03:27', '001', '2010-11-10 11:18:24');
INSERT INTO `module_p` VALUES ('011902', '', '0119', '', '2', '0', null, '/site/doNewsListAction.do?which=1', '3', '1', '/site/left.jsp', '1', '0', '1', null, '001', '2010-09-13 15:15:42', '001', '2010-11-29 16:01:10');
INSERT INTO `module_p` VALUES ('01190202', '', '011902', '', '3', '1', 'view', '/office/toNewsViewAction.do', '4', '1', '/office/news/jNewsList.jsp', '1', '0', '1', null, '001', '2010-09-23 12:07:57', '001', '2010-11-26 17:28:11');
INSERT INTO `module_p` VALUES ('01190203', '', '011902', '', '3', '0', 'new', '/office/toNewsCreateAction.do', '4', '1', '/office/news/jNewsList.jsp', '1', '0', '2', null, '001', '2010-09-23 12:07:57', '001', '2010-11-26 17:28:11');
INSERT INTO `module_p` VALUES ('0119020302', '', '01190203', '', '4', '1', 'save', '/office/doNewsCreateSaveAction.do', '4', '1', '/office/news/jNewsCreate.jsp', '1', '0', '1', null, '001', '2010-09-23 12:15:25', '001', '2010-11-29 10:56:37');
INSERT INTO `module_p` VALUES ('0119020303', '', '01190203', '', '4', '1', 'save', '/office/doNewsCreateSaveAction.do?flag=tempsuccess', '4', '1', '/office/news/jNewsCreate.jsp', '1', '0', '2', null, '001', '2010-09-23 12:15:25', '001', '2010-11-29 10:56:37');
INSERT INTO `module_p` VALUES ('01190204', '', '011902', '', '3', '0', 'update', '/office/toNewsUpdateAction.do', '4', '1', '/office/news/jNewsList.jsp', '1', '0', '3', null, '001', '2010-09-23 12:07:57', '001', '2010-11-26 17:28:11');
INSERT INTO `module_p` VALUES ('0119020402', '', '01190204', '', '4', '1', 'save', '/office/doNewsUpdateSaveAction.do', '4', '1', '/office/news/jNewsUpdate.jsp', '1', '0', '1', null, '001', '2010-09-23 12:20:12', '001', '2010-11-29 10:56:46');
INSERT INTO `module_p` VALUES ('0119020403', '', '01190204', '', '4', '1', 'save', '/office/doNewsUpdateSaveAction.do?flag=tempsuccess', '4', '1', '/office/news/jNewsUpdate.jsp', '1', '0', '2', null, '001', '2010-09-23 12:20:12', '001', '2010-11-29 10:56:46');
INSERT INTO `module_p` VALUES ('01190205', '', '011902', '', '3', '1', 'delete', '/office/doNewsDeleteAction.do', '4', '1', '/office/news/jNewsList.jsp', '1', '0', '4', null, '001', '2010-09-23 12:07:57', '001', '2010-11-26 17:28:11');
INSERT INTO `module_p` VALUES ('01190206', '', '011902', '', '3', '1', 'accept', '/office/doNewsMakeAction.do', '4', '1', '/office/news/jNewsList.jsp', '1', '0', '5', null, '001', '2010-09-26 14:32:39', '001', '2010-11-26 17:28:11');
INSERT INTO `module_p` VALUES ('01190207', '', '011902', '', '3', '1', 'new', '/office/doNewsShareAction.do', '4', '1', '/office/news/jNewsList.jsp', '1', '0', '6', null, '001', '2010-09-23 12:07:57', '001', '2010-11-26 17:28:11');
INSERT INTO `module_p` VALUES ('01190208', '', '011902', '', '3', '1', 'delete', '/office/doNewsCancelShareAction.do', '4', '1', '/office/news/jNewsList.jsp', '1', '0', '7', '', '001', '2010-11-25 10:37:07', '001', '2010-11-26 17:28:11');
INSERT INTO `module_p` VALUES ('011903', '', '0119', '', '2', '0', null, '/site/doNewsListAction.do?which=1', '3', '1', '/site/left.jsp', '1', '0', '2', null, '001', '2010-09-13 15:15:42', '001', '2010-11-29 16:01:10');
INSERT INTO `module_p` VALUES ('01190302', '', '011903', '', '3', '1', 'view', '/office/toNoticeViewAction.do', '4', '1', '/office/notice/jNoticeList.jsp', '1', '0', '1', null, '001', '2010-09-23 20:36:48', null, '2010-12-13 15:12:31');
INSERT INTO `module_p` VALUES ('01190303', '', '011903', '', '3', '0', 'new', '/office/toNoticeCreateAction.do', '4', '1', '/office/notice/jNoticeList.jsp', '1', '0', '2', null, '001', '2010-09-23 20:36:48', null, '2010-12-13 15:12:31');
INSERT INTO `module_p` VALUES ('0119030302', '', '01190303', '', '4', '1', 'save', '/office/doNoticeCreateSaveAction.do', '4', '1', '/office/notice/jNoticeCreate.jsp', '1', '0', '1', null, '001', '2010-09-23 20:37:59', null, '2010-12-13 15:12:31');
INSERT INTO `module_p` VALUES ('0119030303', '', '01190303', '', '4', '1', 'save', '/office/doNoticeCreateSaveAction.do?flag=tempsuccess', '4', '1', '/office/notice/jNoticeCreate.jsp', '1', '0', '2', null, '001', '2010-09-23 20:37:59', null, '2010-12-13 15:12:31');
INSERT INTO `module_p` VALUES ('01190304', '', '011903', '', '3', '0', 'update', '/office/toNoticeUpdateAction.do', '4', '1', '/office/notice/jNoticeList.jsp', '1', '0', '3', null, '001', '2010-09-23 20:36:48', null, '2010-12-13 15:12:31');
INSERT INTO `module_p` VALUES ('0119030402', '', '01190304', '', '4', '1', 'save', '/office/doNoticeUpdateSaveAction.do', '4', '1', '/office/notice/jNoticeUpdate.jsp', '1', '0', '1', null, '001', '2010-09-23 20:39:41', null, '2010-12-13 15:12:31');
INSERT INTO `module_p` VALUES ('0119030403', '', '01190304', '', '4', '1', 'save', '/office/doNoticeUpdateSaveAction.do?flag=tempsuccess', '4', '1', '/office/notice/jNoticeUpdate.jsp', '1', '0', '2', null, '001', '2010-09-23 20:39:41', null, '2010-12-13 15:12:31');
INSERT INTO `module_p` VALUES ('01190305', '', '011903', '', '3', '1', 'delete', '/office/doNoticeDeleteAction.do', '4', '1', '/office/notice/jNoticeList.jsp', '1', '0', '4', null, '001', '2010-09-23 20:36:48', null, '2010-12-13 15:12:31');
INSERT INTO `module_p` VALUES ('01190306', '', '011903', '', '3', '1', 'accept', '/office/doNoticeMakeAction.do', '4', '1', '/office/notice/jNoticeList.jsp', '1', '0', '5', null, '001', '2010-09-26 14:32:39', '001', '2010-09-27 11:18:09');
INSERT INTO `module_p` VALUES ('01190307', '', '011903', '', '3', '1', 'new', '/office/doNoticeShareAction.do', '4', '1', '/office/notice/jNoticeList.jsp', '1', '0', '5', null, '001', '2010-09-23 20:36:47', null, '2010-12-13 15:12:31');
INSERT INTO `module_p` VALUES ('01190308', '', '011903', '', '3', '1', 'delete', '/office/doNoticeCancelShareAction.do', '4', '1', '/office/notice/jNoticeList.jsp', '1', '0', '7', '', '001', '2010-11-25 11:20:41', null, '2010-12-13 15:12:31');
INSERT INTO `module_p` VALUES ('011904', '', '0119', '', '2', '0', null, '/site/doNewsListAction.do?which=1', '3', '1', '/site/left.jsp', '', '0', '3', null, '001', '2010-09-13 15:15:42', '001', '2010-11-29 16:01:10');
INSERT INTO `module_p` VALUES ('01190402', '', '011904', '', '3', '1', 'view', '/office/toBulletinViewAction.do', '4', '1', '/office/bulletin/jBulletinList.jsp', '1', '0', '1', null, '001', '2010-09-23 18:52:10', null, '2010-12-13 15:12:31');
INSERT INTO `module_p` VALUES ('01190403', '', '011904', '', '3', '0', 'new', '/office/toBulletinCreateAction.do', '4', '1', '/office/bulletin/jBulletinList.jsp', '1', '0', '2', null, '001', '2010-09-23 18:52:10', null, '2010-12-13 15:12:31');
INSERT INTO `module_p` VALUES ('0119040302', '', '01190403', '', '4', '1', 'save', '/office/doBulletinCreateSaveAction.do', '4', '1', '/office/bulletin/jBulletinCreate.jsp', '1', '0', '1', null, '001', '2010-09-23 18:53:08', null, '2010-12-13 15:12:31');
INSERT INTO `module_p` VALUES ('0119040303', '', '01190403', '', '4', '1', 'save', '/office/doBulletinCreateSaveAction.do?flag=tempsuccess', '4', '1', '/office/bulletin/jBulletinCreate.jsp', '1', '0', '2', null, '001', '2010-09-23 18:53:08', null, '2010-12-13 15:12:31');
INSERT INTO `module_p` VALUES ('01190404', '', '011904', '', '3', '0', 'update', '/office/toBulletinUpdateAction.do', '4', '1', '/office/bulletin/jBulletinList.jsp', '1', '0', '3', null, '001', '2010-09-23 18:52:10', null, '2010-12-13 15:12:31');
INSERT INTO `module_p` VALUES ('0119040402', '', '01190404', '', '4', '1', 'save', '/office/doBulletinUpdateSaveAction.do', '4', '1', '/office/bulletin/jBulletinUpdate.jsp', '1', '0', '1', null, '001', '2010-09-23 18:53:57', null, '2010-12-13 15:12:31');
INSERT INTO `module_p` VALUES ('0119040403', '', '01190404', '', '4', '1', 'save', '/office/doBulletinUpdateSaveAction.do?flag=tempsuccess', '4', '1', '/office/bulletin/jBulletinUpdate.jsp', '1', '0', '2', null, '001', '2010-09-23 18:53:57', null, '2010-12-13 15:12:31');
INSERT INTO `module_p` VALUES ('01190405', '', '011904', '', '3', '1', 'delete', '/office/doBulletinDeleteAction.do', '4', '1', '/office/bulletin/jBulletinList.jsp', '1', '0', '4', null, '001', '2010-09-23 18:52:10', null, '2010-12-13 15:12:31');
INSERT INTO `module_p` VALUES ('01190406', '', '011904', '', '3', '1', 'accept', '/office/doBulletinMakeAction.do', '4', '1', '/office/bulletin/jBulletinList.jsp', '1', '0', '5', null, '001', '2010-11-15 13:26:37', null, '2010-12-13 15:12:31');
INSERT INTO `module_p` VALUES ('01190407', '', '011904', '', '3', '1', 'new', '/office/doBulletinShareAction.do', '4', '1', '/office/bulletin/jBulletinList.jsp', '1', '0', '6', null, '001', '2010-09-23 18:52:10', null, '2010-12-13 15:12:31');
INSERT INTO `module_p` VALUES ('01190408', '', '011904', '', '3', '1', 'delete', '/office/doBulletinCancelShareAction.do', '4', '1', '/office/bulletin/jBulletinList.jsp', '1', '0', '7', null, '001', '2010-11-25 11:21:10', null, '2010-12-13 15:12:31');
INSERT INTO `module_p` VALUES ('011905', '', '0119', '', '2', '0', null, '/site/doNewsListAction.do?which=2', '3', '1', '/site/left.jsp', '2', '0', '4', null, '001', '2010-11-26 17:16:50', '001', '2010-11-29 16:01:10');
INSERT INTO `module_p` VALUES ('01190502', '', '011905', '', '3', '1', 'new', '/office/doNewsShareAction.do', '4', '1', '/office/news/jNewsList.jsp', '2', '0', '1', null, '001', '2010-11-26 17:19:16', null, '2010-12-13 15:12:31');
INSERT INTO `module_p` VALUES ('011906', '', '0119', '', '2', '0', null, '/site/doNewsListAction.do?which=2', '3', '1', '/site/left.jsp', '2', '0', '5', null, '001', '2010-11-29 16:01:10', null, '2010-12-13 15:12:31');
INSERT INTO `module_p` VALUES ('01190602', '', '011906', '', '3', '1', 'new', '/office/doNoticeShareAction.do', '4', '1', '/office/notice/jNoticeList.jsp', '2', '0', '1', null, '001', '2010-11-29 16:02:23', '001', '2010-12-13 09:43:27');
INSERT INTO `module_p` VALUES ('011907', '', '0119', '', '2', '0', '', '/site/doNewsListAction.do?which=2', '3', '1', '/site/left.jsp', '', '0', '6', '', null, null, null, null);
INSERT INTO `module_p` VALUES ('01190702', '', '011907', '', '3', '1', 'view', '/office/toChistoryViewAction.do', '4', '1', '/office/chistory/jChistoryList.jsp', '', '0', '1', '', null, null, null, null);
INSERT INTO `module_p` VALUES ('01190703', '', '011907', '', '3', '0', 'new', '/office/toChistoryCreateAction.do', '4', '1', '/office/chistory/jChistoryList.jsp', '', '0', '2', '', null, null, null, null);
INSERT INTO `module_p` VALUES ('0119070302', '', '01190703', '', '4', '1', 'save', '/office/doChistoryCreateSaveAction.do', '4', '1', '/office/chistory/jChistoryCreate.jsp', '', '0', '1', '', null, null, null, null);
INSERT INTO `module_p` VALUES ('0119070303', '', '01190703', '', '4', '1', 'save', '/office/doChistoryCreateSaveAction.do?flag=tempsuccess', '4', '1', '/office/chistory/jChistoryCreate.jsp', '', '0', '2', '', null, null, null, null);
INSERT INTO `module_p` VALUES ('01190704', '', '011907', '', '3', '0', 'update', '/office/toChistoryUpdateAction.do', '4', '1', '/office/chistory/jChistoryList.jsp', '', '0', '3', '', null, null, null, null);
INSERT INTO `module_p` VALUES ('0119070402', '', '01190704', '', '4', '1', 'save', '/office/doChistoryUpdateSaveAction.do', '4', '1', '/office/chistory/jChistoryUpdate.jsp', '', '0', '1', '', null, null, null, null);
INSERT INTO `module_p` VALUES ('0119070403', '', '01190704', '', '4', '1', 'save', '/office/doChistoryUpdateSaveAction.do?flag=tempsuccess', '4', '1', '/office/chistory/jChistoryUpdate.jsp', '', '0', '2', '', null, null, null, null);
INSERT INTO `module_p` VALUES ('01190705', '', '011907', '', '3', '1', 'delete', '/office/doChistoryDeleteAction.do', '4', '1', '/office/chistory/jChistoryList.jsp', '', '0', '4', '', null, null, null, null);
INSERT INTO `module_p` VALUES ('01190706', '', '011907', '', '3', '1', 'accept', '/office/doChistoryMakeAction.do', '4', '1', '/office/chistory/jChistoryList.jsp', '', '0', '5', '', null, null, null, null);
INSERT INTO `module_p` VALUES ('0129', '', '01', '', '1', '1', null, '/run/welcome.do', '2', '1', 'title.jsp', '', '0', '19', null, '001', '2010-12-27 08:52:17', '001', '2010-12-27 10:22:09');
INSERT INTO `module_p` VALUES ('0130', '', '01', '', '1', '0', '', '/cargo/welcome.do', '2', '1', 'title.jsp', '', '0', '2', '', null, null, null, null);
INSERT INTO `module_p` VALUES ('013002', '', '0130', '', '2', '0', 'view', '', '3', '1', '/site/left.jsp', '', '0', '1', '', null, null, null, null);
INSERT INTO `module_p` VALUES ('01300202', '', '013002', '', '3', '1', 'view', '/cargo/toCargoViewAction.do', '4', '1', '/cargo/cargo/jCargoList.jsp', '', '0', '1', '', null, null, null, null);
INSERT INTO `module_p` VALUES ('01300203', '', '013002', '', '3', '1', 'new', '/contract/toContractCreateAction.do', '4', '1', '/cargo/cargo/jCargoList.jsp', '', '0', '2', '', null, null, null, null);
INSERT INTO `module_p` VALUES ('01300204', '', '013002', '', '3', '1', 'delete', '/cargo/doCargoDeleteAction.do', '4', '1', '/cargo/cargo/jCargoList.jsp', '', '0', '3', '', null, null, null, null);
INSERT INTO `module_p` VALUES ('013003', '', '0130', '', '2', '0', 'view', '', '3', '1', '/site/left.jsp', '', '0', '2', '', null, null, null, null);
INSERT INTO `module_p` VALUES ('01300302', '', '013003', '', '3', '1', 'view', '/cargo/toContractViewAction.do', '4', '1', '/cargo/contract/jContractList.jsp', '', '0', '1', '', null, null, null, null);
INSERT INTO `module_p` VALUES ('01300303', '', '013003', '', '3', '0', 'new', '/cargo/toContractCreateAction.do', '4', '1', '/cargo/contract/jContractList.jsp', '', '0', '2', '', null, null, null, null);
INSERT INTO `module_p` VALUES ('0130030302', '', '01300303', '', '4', '1', 'save', '/cargo/doContractCreateSaveAction.do', '4', '1', '/cargo/contract/jContractCreate.jsp', '', '0', '1', '', null, null, null, null);
INSERT INTO `module_p` VALUES ('0130030303', '', '01300303', '', '4', '1', 'save', '/cargo/doContractCreateSaveAction.do?flag=tempsuccess', '4', '1', '/cargo/contract/jContractCreate.jsp', '', '0', '2', '', null, null, null, null);
INSERT INTO `module_p` VALUES ('01300304', '', '013003', '', '3', '0', 'update', '/cargo/toContractUpdateAction.do', '4', '1', '/cargo/contract/jContractList.jsp', '', '0', '3', '', null, null, null, null);
INSERT INTO `module_p` VALUES ('0130030402', '', '01300304', '', '4', '1', 'save', '/cargo/doContractUpdateSaveAction.do', '4', '1', '/cargo/contract/jContractUpdate.jsp', '', '0', '1', '', null, null, null, null);
INSERT INTO `module_p` VALUES ('0130030403', '', '01300304', '', '4', '1', 'save', '/cargo/doContractUpdateSaveAction.do?flag=tempsuccess', '4', '1', '/cargo/contract/jContractUpdate.jsp', '', '0', '2', '', null, null, null, null);
INSERT INTO `module_p` VALUES ('01300305', '', '013003', '', '3', '1', 'delete', '/cargo/doContractDeleteAction.do', '4', '1', '/cargo/contract/jContractList.jsp', '', '0', '4', '', null, null, null, null);
INSERT INTO `module_p` VALUES ('01300307', '', '013003', '', '3', '1', 'print', '/cargo/doContractPrintAction.do', '4', '1', '/cargo/contract/jContractList.jsp', '', '0', '9', '', null, null, null, null);
INSERT INTO `module_p` VALUES ('01300312', '', '013003', '', '3', '0', 'new', '/cargo/toExtCproductEditAction.do', '4', '1', '/cargo/contract/jContractList.jsp', '', '0', '5', '', null, null, null, null);
INSERT INTO `module_p` VALUES ('0130031202', '', '01300312', '', '4', '1', 'save', '/cargo/doExtCproductSaveAction.do', '4', '1', '/cargo/extcproduct/jExtCproductEdit.jsp', '', '0', '1', '', null, null, null, null);
INSERT INTO `module_p` VALUES ('0130031203', '', '01300312', '', '4', '1', 'print', '/cargo/doExtCproductPrintAction.do', '4', '1', '/cargo/extcproduct/jExtCproductEdit.jsp', '', '0', '2', '', null, null, null, null);
INSERT INTO `module_p` VALUES ('01300313', '', '013003', '', '3', '1', 'new', '/cargo/doContractFinishAction.do', '4', '1', '/cargo/contract/jContractList.jsp', '', '0', '6', '', null, null, null, null);
INSERT INTO `module_p` VALUES ('01300314', '', '013003', '', '3', '1', 'new', '/cargo/doContractCancelAction.do', '4', '1', '/cargo/contract/jContractList.jsp', '', '0', '7', '', null, null, null, null);
INSERT INTO `module_p` VALUES ('01300315', '', '013003', '', '3', '0', 'stat', '/cargo/toOutProductEditAction.do', '4', '1', '/cargo/contract/jContractList.jsp', '', '0', '8', '', null, null, null, null);
INSERT INTO `module_p` VALUES ('0130031502', '', '01300315', '', '4', '1', 'print', '/cargo/doOutProductPrintAction.do', '4', '1', '/cargo/outproduct/jOutProductEdit.jsp', '', '0', '1', '', null, null, null, null);
INSERT INTO `module_p` VALUES ('01300316', '', '013003', '', '3', '1', 'new', '/cargo/doContractSubmitAction.do', '4', '1', '/cargo/contract/jContractList.jsp', '', '0', '10', '', null, null, null, null);
INSERT INTO `module_p` VALUES ('01300317', '', '013003', '', '3', '1', 'new', '/cargo/doContractCancelSubmitAction.do', '4', '1', '/cargo/contract/jContractList.jsp', '', '0', '11', '', null, null, null, null);
INSERT INTO `module_p` VALUES ('01300318', '', '013003', '', '3', '1', 'back', '/cargo/doContractCopyAction.do', '4', '1', '/cargo/contract/jContractList.jsp', '', '0', '12', '', null, null, null, null);
INSERT INTO `module_p` VALUES ('013004', '', '0130', '', '2', '0', 'view', '', '3', '1', '/site/left.jsp', '', '0', '3', '', null, null, null, null);
INSERT INTO `module_p` VALUES ('01300402', '', '013004', '', '3', '1', 'view', '/cargo/toExportViewAction.do', '4', '1', '/cargo/export/jExportList.jsp', '', '0', '1', '', null, null, null, null);
INSERT INTO `module_p` VALUES ('01300403', '', '013004', '', '3', '0', 'new', '/cargo/toExportCreateAction.do', '4', '1', '/cargo/export/jExportList.jsp', '', '0', '2', '', null, null, null, null);
INSERT INTO `module_p` VALUES ('0130040302', '', '01300403', '', '4', '1', 'save', '/cargo/doExportCreateSaveAction.do', '4', '1', '/cargo/export/jExportCreate.jsp', '', '0', '1', '', null, null, null, null);
INSERT INTO `module_p` VALUES ('0130040303', '', '01300403', '', '4', '1', 'save', '/cargo/doExportCreateSaveAction.do?flag=tempsuccess', '4', '1', '/cargo/export/jExportCreate.jsp', '', '0', '2', '', null, null, null, null);
INSERT INTO `module_p` VALUES ('01300404', '', '013004', '', '3', '0', 'update', '/cargo/toExportUpdateAction.do', '4', '1', '/cargo/export/jExportList.jsp', '', '0', '3', '', null, null, null, null);
INSERT INTO `module_p` VALUES ('0130040402', '', '01300404', '', '4', '1', 'save', '/cargo/doExportUpdateSaveAction.do', '4', '1', '/cargo/export/jExportUpdate.jsp', '', '0', '1', '', null, null, null, null);
INSERT INTO `module_p` VALUES ('0130040403', '', '01300404', '', '4', '1', 'save', '/cargo/doExportUpdateSaveAction.do?flag=tempsuccess', '4', '1', '/cargo/export/jExportUpdate.jsp', '', '0', '2', '', null, null, null, null);
INSERT INTO `module_p` VALUES ('0130040404', '', '01300404', '', '4', '1', 'new', '/cargo/toExportProductSelectAction.do', '4', '1', '/cargo/export/jExportUpdate.jsp', '', '0', '3', '', null, null, null, null);
INSERT INTO `module_p` VALUES ('01300405', '', '013004', '', '3', '1', 'delete', '/cargo/doExportDeleteAction.do', '4', '1', '/cargo/export/jExportList.jsp', '', '0', '4', '', null, null, null, null);
INSERT INTO `module_p` VALUES ('01300406', '', '013004', '', '3', '1', 'print', '/cargo/doExportPrintAction.do', '4', '1', '/cargo/export/jExportList.jsp', '', '0', '5', '', null, null, null, null);
INSERT INTO `module_p` VALUES ('01300410', '', '013004', '', '3', '1', 'back', '/cargo/doExportCopyAction.do', '4', '1', '/cargo/export/jExportList.jsp', '', '0', '9', '', null, null, null, null);
INSERT INTO `module_p` VALUES ('01300411', '', '013004', '', '3', '1', 'new', '/cargo/doExportSubmitAction.do', '4', '1', '/cargo/export/jExportList.jsp', '', '0', '10', '', null, null, null, null);
INSERT INTO `module_p` VALUES ('01300412', '', '013004', '', '3', '1', 'new', '/cargo/doExportCancelSubmitAction.do', '4', '1', '/cargo/export/jExportList.jsp', '', '0', '11', '', null, null, null, null);
INSERT INTO `module_p` VALUES ('01300413', 'H', '013004', '', '3', '1', 'back', '/cargo/toHomePackingListCreateAction.do', '4', '1', '/cargo/export/jExportList.jsp', '', '0', '9', '', null, null, null, null);
INSERT INTO `module_p` VALUES ('01300414', '', '013004', '', '3', '1', 'back', '/cargo/toPackingListCreateAction.do', '4', '1', '/cargo/export/jExportList.jsp', '', '0', '10', '', null, null, null, null);
INSERT INTO `module_p` VALUES ('013006', '', '0130', '', '2', '1', 'view', '', '3', '1', '/site/left.jsp', '', '0', '5', '', null, null, null, null);
INSERT INTO `module_p` VALUES ('013007', 'HOME', '0130', '', '2', '0', 'view', '', '3', '1', '/site/left.jsp', '', '0', '5', '', null, null, null, null);
INSERT INTO `module_p` VALUES ('01300701', '', '013007', 'HOME', '3', '1', 'view', '/cargo/toHomePackingListViewAction.do', '4', '1', '/cargo/homepackinglist/jHomePackingListList.jsp', '', '0', '1', '', null, null, null, null);
INSERT INTO `module_p` VALUES ('01300702', '', '013007', 'HOME', '3', '0', 'new', '/cargo/toHomePackingListCreateAction.do', '4', '1', '/cargo/homepackinglist/jHomePackingListList.jsp', '', '0', '2', '', null, null, null, null);
INSERT INTO `module_p` VALUES ('0130070201', '', '01300702', '', '4', '1', 'save', '/cargo/doHomePackingListCreateSaveAction.do', '4', '1', '/cargo/homepackinglist/jHomePackingListCreate.jsp', '', '0', '1', '', null, null, null, null);
INSERT INTO `module_p` VALUES ('0130070202', '', '01300702', '', '4', '1', 'save', '/cargo/doHomePackingListCreateSaveAction.do?flag=tempsuccess', '4', '1', '/cargo/homepackinglist/jHomePackingListCreate.jsp', '', '0', '2', '', null, null, null, null);
INSERT INTO `module_p` VALUES ('01300703', '', '013007', 'HOME', '3', '0', 'update', '/cargo/toHomePackingListUpdateAction.do', '4', '1', '/cargo/homepackinglist/jHomePackingListList.jsp', '', '0', '3', '', null, null, null, null);
INSERT INTO `module_p` VALUES ('0130070301', '', '01300703', '', '4', '1', 'save', '/cargo/doHomePackingListUpdateSaveAction.do', '4', '1', '/cargo/homepackinglist/jHomePackingListUpdate.jsp', '', '0', '1', '', null, null, null, null);
INSERT INTO `module_p` VALUES ('0130070302', '', '01300703', '', '4', '1', 'save', '/cargo/doHomePackingListUpdateSaveAction.do?flag=tempsuccess', '4', '1', '/cargo/homepackinglist/jHomePackingListUpdate.jsp', '', '0', '2', '', null, null, null, null);
INSERT INTO `module_p` VALUES ('01300704', '', '013007', 'HOME', '3', '1', 'delete', '/cargo/doHomePackingListDeleteAction.do', '4', '1', '/cargo/homepackinglist/jHomePackingListList.jsp', '', '0', '4', '', null, null, null, null);
INSERT INTO `module_p` VALUES ('01300705', '', '013007', 'HOME', '3', '1', 'print', '/cargo/doHomePackingListPrintAction.do', '4', '1', '/cargo/homepackinglist/jHomePackingListList.jsp', '', '0', '5', '', null, null, null, null);
INSERT INTO `module_p` VALUES ('013008', '', '0130', '', '2', '0', 'view', '', '3', '1', '/site/left.jsp', '', '0', '6', '', null, null, null, null);
INSERT INTO `module_p` VALUES ('01300801', '', '013008', '', '3', '1', 'view', '/cargo/toPackingListViewAction.do', '4', '1', '/cargo/packinglist/jPackingListList.jsp', '', '0', '1', '', null, null, null, null);
INSERT INTO `module_p` VALUES ('01300802', '', '013008', '', '3', '0', 'new', '/cargo/toPackingListCreateAction.do', '4', '1', '/cargo/packinglist/jPackingListList.jsp', '', '0', '2', '', null, null, null, null);
INSERT INTO `module_p` VALUES ('0130080201', '', '01300802', '', '4', '1', 'save', '/cargo/doPackingListCreateSaveAction.do', '4', '1', '/cargo/packinglist/jPackingListCreate.jsp', '', '0', '1', '', null, null, null, null);
INSERT INTO `module_p` VALUES ('0130080202', '', '01300802', '', '4', '1', 'save', '/cargo/doPackingListCreateSaveAction.do?flag=tempsuccess', '4', '1', '/cargo/packinglist/jPackingListCreate.jsp', '', '0', '2', '', null, null, null, null);
INSERT INTO `module_p` VALUES ('01300803', '', '013008', '', '3', '0', 'update', '/cargo/toPackingListUpdateAction.do', '4', '1', '/cargo/packinglist/jPackingListList.jsp', '', '0', '3', '', null, null, null, null);
INSERT INTO `module_p` VALUES ('0130080301', '', '01300803', '', '4', '1', 'save', '/cargo/doPackingListUpdateSaveAction.do', '4', '1', '/cargo/packinglist/jPackingListUpdate.jsp', '', '0', '1', '', null, null, null, null);
INSERT INTO `module_p` VALUES ('0130080302', '', '01300803', '', '4', '1', 'save', '/cargo/doPackingListUpdateSaveAction.do?flag=tempsuccess', '4', '1', '/cargo/packinglist/jPackingListUpdate.jsp', '', '0', '2', '', null, null, null, null);
INSERT INTO `module_p` VALUES ('01300804', '', '013008', '', '3', '1', 'delete', '/cargo/doPackingListDeleteAction.do', '4', '1', '/cargo/packinglist/jPackingListList.jsp', '', '0', '4', '', null, null, null, null);
INSERT INTO `module_p` VALUES ('01300805', '', '013008', '', '3', '1', 'print', '/cargo/doPackingListPrintAction.do', '4', '1', '/cargo/packinglist/jPackingListList.jsp', '', '0', '5', '', null, null, null, null);
INSERT INTO `module_p` VALUES ('01300806', '', '013008', '', '3', '0', 'accept', '/cargo/toShippingOrderEditAction.do', '4', '1', '/cargo/packinglist/jPackingListList.jsp', '', '0', '6', '', null, null, null, null);
INSERT INTO `module_p` VALUES ('0130080601', '', '01300806', '', '4', '1', 'save', '/cargo/doShippingOrderSaveAction.do', '4', '1', '/cargo/shippingorder/jShippingOrderEdit.jsp', '', '0', '1', '', null, null, null, null);
INSERT INTO `module_p` VALUES ('0130080602', '', '01300806', '', '4', '1', 'print', '/cargo/doShippingOrderPrintAction.do', '4', '1', '/cargo/shippingorder/jShippingOrderEdit.jsp', '', '0', '2', '', null, null, null, null);
INSERT INTO `module_p` VALUES ('01300807', '', '013008', '', '3', '0', 'new', '/cargo/toInvoiceEditAction.do', '4', '1', '/cargo/packinglist/jPackingListList.jsp', '', '0', '7', '', null, null, null, null);
INSERT INTO `module_p` VALUES ('0130080701', '', '01300807', '', '4', '1', 'save', '/cargo/doInvoiceSaveAction.do', '4', '1', '/cargo/invoice/jInvoiceEdit.jsp', '', '0', '1', '', null, null, null, null);
INSERT INTO `module_p` VALUES ('0130080702', '', '01300807', '', '4', '1', 'print', '/cargo/doInvoicePrintAction.do', '4', '1', '/cargo/invoice/jInvoiceEdit.jsp', '', '0', '2', '', null, null, null, null);
INSERT INTO `module_p` VALUES ('01300808', '', '013008', '', '3', '0', 'stat', '/cargo/toFinanceEditAction.do', '4', '1', '/cargo/packinglist/jPackingListList.jsp', '', '0', '8', '', null, null, null, null);
INSERT INTO `module_p` VALUES ('0130080801', '', '01300808', '', '4', '1', 'save', '/cargo/doFinanceSaveAction.do', '4', '1', '/cargo/finance/jFinanceEdit.jsp', '', '0', '1', '', null, null, null, null);
INSERT INTO `module_p` VALUES ('0130080802', '', '01300808', '', '4', '1', 'print', '/cargo/doFinancePrintAction.do', '4', '1', '/cargo/finance/jFinanceEdit.jsp', '', '0', '2', '', null, null, null, null);

-- ----------------------------
-- Table structure for online_t
-- ----------------------------
DROP TABLE IF EXISTS `online_t`;
CREATE TABLE `online_t` (
  `A1` varchar(2) NOT NULL,
  PRIMARY KEY (`A1`)
) ENGINE=InnoDB DEFAULT CHARSET=utf8;

-- ----------------------------
-- Records of online_t
-- ----------------------------
INSERT INTO `online_t` VALUES ('00');
INSERT INTO `online_t` VALUES ('01');
INSERT INTO `online_t` VALUES ('02');
INSERT INTO `online_t` VALUES ('03');
INSERT INTO `online_t` VALUES ('04');
INSERT INTO `online_t` VALUES ('05');
INSERT INTO `online_t` VALUES ('06');
INSERT INTO `online_t` VALUES ('07');
INSERT INTO `online_t` VALUES ('08');
INSERT INTO `online_t` VALUES ('09');
INSERT INTO `online_t` VALUES ('10');
INSERT INTO `online_t` VALUES ('11');
INSERT INTO `online_t` VALUES ('12');
INSERT INTO `online_t` VALUES ('13');
INSERT INTO `online_t` VALUES ('14');
INSERT INTO `online_t` VALUES ('15');
INSERT INTO `online_t` VALUES ('16');
INSERT INTO `online_t` VALUES ('17');
INSERT INTO `online_t` VALUES ('18');
INSERT INTO `online_t` VALUES ('19');
INSERT INTO `online_t` VALUES ('20');
INSERT INTO `online_t` VALUES ('21');
INSERT INTO `online_t` VALUES ('22');
INSERT INTO `online_t` VALUES ('23');

-- ----------------------------
-- Table structure for operate_log_p
-- ----------------------------
DROP TABLE IF EXISTS `operate_log_p`;
CREATE TABLE `operate_log_p` (
  `ID` varchar(50) NOT NULL,
  `CLAZZ` varchar(200) DEFAULT NULL,
  `LOG_DATE` datetime DEFAULT NULL,
  `LOGIN_ID` varchar(50) DEFAULT NULL,
  `IP_ADDRESS` varchar(20) DEFAULT NULL,
  `METHOD` varchar(200) DEFAULT NULL,
  `MSG` varchar(200) DEFAULT NULL,
  `PRIORITY` varchar(32) DEFAULT NULL,
  PRIMARY KEY (`ID`)
) ENGINE=InnoDB DEFAULT CHARSET=utf8;

-- ----------------------------
-- Records of operate_log_p
-- ----------------------------
INSERT INTO `operate_log_p` VALUES ('011722EA-50F6-456D-AD2F-6F372FCE421C', 'com.netunit.template.web.TopBaseAction', '2013-03-09 16:56:55', 'show|', '127.0.0.1', 'promptError', 'java.lang.NullPointerException', 'ERROR');
INSERT INTO `operate_log_p` VALUES ('01437035-3455-4C41-BCAE-E028FF913751', 'com.netunit.template.web.login.LoginAction', '2013-03-09 17:06:31', 'ff8080813d00613e013d006644a60003', '127.0.0.1', 'execute', '??????: show||', 'INFO');
INSERT INTO `operate_log_p` VALUES ('049E30F9-4FDF-49E7-87A0-75C304DF192B', 'com.netunit.template.web.TopBaseAction', '2013-03-09 16:20:21', 'show|', '127.0.0.1', 'promptError', 'java.lang.NullPointerException', 'ERROR');
INSERT INTO `operate_log_p` VALUES ('057C38AE-BA84-435E-B965-29616D53C1FE', 'com.netunit.template.web.TopBaseAction', '2013-03-09 16:49:13', 'show|', '127.0.0.1', 'promptError', 'java.lang.NullPointerException', 'ERROR');
INSERT INTO `operate_log_p` VALUES ('07E37964-94FB-4C1F-B727-F9166D9D7581', 'com.netunit.template.web.TopBaseAction', '2013-03-09 16:53:41', 'show|', '127.0.0.1', 'promptError', 'java.lang.NullPointerException', 'ERROR');
INSERT INTO `operate_log_p` VALUES ('085985FD-C69C-4959-967A-506467AA451D', 'com.netunit.template.web.login.LoginAction', '2013-03-07 23:05:53', 'ff8080813d00613e013d006644a60003', '127.0.0.1', 'execute', ': show||', 'INFO');
INSERT INTO `operate_log_p` VALUES ('0E5B4E59-D15A-44B1-9571-9AA720C8ACA6', 'com.netunit.template.web.login.LoginAction', '2013-03-08 17:00:28', 'ff8080813d00613e013d006644a60003', '127.0.0.1', 'execute', '??????: show||', 'INFO');
INSERT INTO `operate_log_p` VALUES ('0E639A5D-D221-44FF-AF84-41F1878C0BCB', 'com.netunit.template.web.login.LoginAction', '2013-03-08 16:42:30', 'ff8080813d00613e013d006644a60003', '127.0.0.1', 'execute', '??????: show||', 'INFO');
INSERT INTO `operate_log_p` VALUES ('23223E29-AF6A-41BB-8A4A-791B54219821', 'com.netunit.template.web.login.LoginAction', '2013-03-09 15:57:09', 'ff8080813d00613e013d006644a60003', '127.0.0.1', 'execute', '??????: show||', 'INFO');
INSERT INTO `operate_log_p` VALUES ('274898FC-E91D-41A5-B7A5-20DE6377AF24', 'com.netunit.template.web.login.LoginAction', '2013-03-09 17:16:46', 'ff8080813d00613e013d006644a60003', '127.0.0.1', 'execute', '??????: show||', 'INFO');
INSERT INTO `operate_log_p` VALUES ('2D7A82E6-535D-46E5-BAD4-FFA8A67EFBDF', 'com.netunit.template.web.login.LoginAction', '2013-03-08 17:49:22', 'ff8080813d00613e013d006644a60003', '127.0.0.1', 'execute', '??????: show||', 'INFO');
INSERT INTO `operate_log_p` VALUES ('2FFB9E9F-CC9E-46EE-9978-51958D29A791', 'com.netunit.template.web.login.LoginAction', '2013-03-09 16:54:22', 'ff8080813d00613e013d006644a60003', '127.0.0.1', 'execute', '??????: show||', 'INFO');
INSERT INTO `operate_log_p` VALUES ('30EDFF16-375E-4424-90C4-F4FC99D171EE', 'com.netunit.template.web.login.LoginAction', '2013-03-09 23:30:31', '001', '127.0.0.1', 'execute', '??????: sysdebug||', 'INFO');
INSERT INTO `operate_log_p` VALUES ('34458438-5442-42D5-BD32-C2213515F145', 'com.netunit.template.web.login.LoginAction', '2013-03-09 19:23:17', 'ff8080813d00613e013d006644a60003', '127.0.0.1', 'execute', '??????: show||', 'INFO');
INSERT INTO `operate_log_p` VALUES ('347CB791-69A3-4C44-838F-873660A49291', 'com.netunit.template.common.log.LogManager', '2013-03-09 23:33:56', 'sysdebug|', '127.0.0.1', 'recordLog', '??????:<001> ????:<>  ????????:<update>  ???:<????? com.netunit.template.entity.Role@c2ec4aa9>  ???:<402886473192cf370131939859b40017>', 'INFO');
INSERT INTO `operate_log_p` VALUES ('34DACF42-D21D-490B-B7E0-97F151BD7BA0', 'com.netunit.template.web.login.LoginAction', '2013-03-09 23:33:34', '001', '127.0.0.1', 'execute', '??????: sysdebug||', 'INFO');
INSERT INTO `operate_log_p` VALUES ('38255F16-27AB-436E-8E52-8CD6D9C3618C', 'com.netunit.template.web.login.LoginAction', '2013-03-09 23:34:04', 'ff8080813d00613e013d006644a60003', '127.0.0.1', 'execute', '??????: show||', 'INFO');
INSERT INTO `operate_log_p` VALUES ('38EC0087-F47F-4DC6-BA94-63B95EA2C990', 'com.netunit.template.web.login.LoginAction', '2013-03-09 16:56:53', 'ff8080813d00613e013d006644a60003', '127.0.0.1', 'execute', '??????: show||', 'INFO');
INSERT INTO `operate_log_p` VALUES ('3DB05771-B8D8-4553-9380-B53126F4C956', 'com.netunit.template.web.login.LoginAction', '2013-03-09 08:24:54', 'ff8080813d00613e013d006644a60003', '127.0.0.1', 'execute', '??????: show||', 'INFO');
INSERT INTO `operate_log_p` VALUES ('3E9225CA-6133-4823-BFD9-942B802F592E', 'com.netunit.template.web.login.LoginAction', '2013-03-07 23:02:59', 'ff8080813d00613e013d006644a60003', '127.0.0.1', 'execute', ': show||', 'INFO');
INSERT INTO `operate_log_p` VALUES ('417EBF3B-6871-45A8-8535-DC7CBA8E06B7', 'com.netunit.template.web.login.LoginAction', '2013-03-09 16:45:40', 'ff8080813d00613e013d006644a60003', '127.0.0.1', 'execute', '??????: show||', 'INFO');
INSERT INTO `operate_log_p` VALUES ('46F21CD3-806D-4B1A-A461-2726F669F37E', 'com.netunit.template.web.login.LoginAction', '2013-03-10 11:40:40', 'ff8080813d00613e013d006644a60003', '127.0.0.1', 'execute', '??????: show||', 'INFO');
INSERT INTO `operate_log_p` VALUES ('492C1D1D-9312-4BC1-BF18-F3A72B8B3AE1', 'com.netunit.template.web.TopBaseAction', '2013-03-09 16:49:16', 'show|', '127.0.0.1', 'promptError', 'java.lang.NullPointerException', 'ERROR');
INSERT INTO `operate_log_p` VALUES ('4A0A9548-05B6-41F0-845A-C4AAB42EA9DC', 'com.netunit.template.web.TopBaseAction', '2013-03-09 16:19:02', 'show|', '127.0.0.1', 'promptError', 'java.lang.NullPointerException', 'ERROR');
INSERT INTO `operate_log_p` VALUES ('4B3CC1C5-AA8B-458E-A4E8-26415C716D5C', 'com.netunit.template.web.login.LoginAction', '2013-03-10 21:53:18', 'ff8080813d00613e013d006644a60003', '127.0.0.1', 'execute', ': show||', 'INFO');
INSERT INTO `operate_log_p` VALUES ('4B9A40F4-21B3-44A0-89E5-8DBE65591821', 'com.netunit.template.web.login.LoginAction', '2013-03-07 22:48:50', 'ff8080813d00613e013d006644a60003', '127.0.0.1', 'execute', ': show||', 'INFO');
INSERT INTO `operate_log_p` VALUES ('50055956-530C-4265-9E5E-604FC6391205', 'com.netunit.template.web.login.LoginAction', '2013-03-09 16:52:53', 'ff8080813d00613e013d006644a60003', '127.0.0.1', 'execute', '??????: show||', 'INFO');
INSERT INTO `operate_log_p` VALUES ('52A67401-C71C-4CFF-A1E3-A14CA4F4C6C9', 'com.netunit.template.web.login.LoginAction', '2013-03-09 15:55:51', 'ff8080813d00613e013d006644a60003', '127.0.0.1', 'execute', '??????: show||', 'INFO');
INSERT INTO `operate_log_p` VALUES ('5590C9AC-3FB5-49F0-9EE8-643907889FBD', 'com.netunit.template.web.login.LoginAction', '2013-03-09 16:19:44', 'ff8080813d00613e013d006644a60003', '127.0.0.1', 'execute', '??????: show||', 'INFO');
INSERT INTO `operate_log_p` VALUES ('5841B916-B581-4CC9-A4D8-37C01EFB6CA2', 'com.netunit.template.web.login.LoginAction', '2013-03-08 17:39:30', 'ff8080813d00613e013d006644a60003', '127.0.0.1', 'execute', '??????: show||', 'INFO');
INSERT INTO `operate_log_p` VALUES ('59662242-43F6-4D27-9237-AE62CD42E160', 'com.netunit.template.web.login.LoginAction', '2013-03-09 19:46:28', 'ff8080813d00613e013d006644a60003', '127.0.0.1', 'execute', '??????: show||', 'INFO');
INSERT INTO `operate_log_p` VALUES ('5FAFEC54-248B-4858-BC4C-A6A953C12F41', 'com.netunit.template.web.login.LoginAction', '2013-03-10 21:57:24', 'ff8080813d00613e013d006644a60003', '127.0.0.1', 'execute', ': show||', 'INFO');
INSERT INTO `operate_log_p` VALUES ('648CAA82-6132-4B56-AFB0-5EAB0400EFEA', 'com.netunit.template.web.login.LoginAction', '2013-03-09 09:39:52', 'ff8080813d00613e013d006644a60003', '127.0.0.1', 'execute', '??????: show||', 'INFO');
INSERT INTO `operate_log_p` VALUES ('65486E50-140D-4D56-BFDC-BD5172398EAD', 'com.netunit.template.web.login.LoginAction', '2013-03-08 17:46:44', 'ff8080813d00613e013d006644a60003', '127.0.0.1', 'execute', '??????: show||', 'INFO');
INSERT INTO `operate_log_p` VALUES ('6940026B-3D98-4B6B-8163-D82383B3FD59', 'com.netunit.template.web.login.LoginAction', '2013-03-09 16:25:33', 'ff8080813d00613e013d006644a60003', '127.0.0.1', 'execute', '??????: show||', 'INFO');
INSERT INTO `operate_log_p` VALUES ('6FCDBB4C-AEC8-40CD-B1D9-68C1790E42FB', 'com.netunit.template.web.TopBaseAction', '2013-03-09 16:53:35', 'show|', '127.0.0.1', 'promptError', 'java.lang.NullPointerException', 'ERROR');
INSERT INTO `operate_log_p` VALUES ('70CBE621-C7B4-4176-9196-A1A878D6346D', 'com.netunit.template.web.login.LoginAction', '2013-03-09 09:24:32', 'ff8080813d00613e013d006644a60003', '127.0.0.1', 'execute', '??????: show||', 'INFO');
INSERT INTO `operate_log_p` VALUES ('7723FDBF-DE7E-4A35-8DF7-18496BB0D728', 'com.netunit.template.web.login.LoginAction', '2013-03-09 09:59:21', 'ff8080813d00613e013d006644a60003', '127.0.0.1', 'execute', '??????: show||', 'INFO');
INSERT INTO `operate_log_p` VALUES ('774D2B38-4FC0-4708-BB3D-283AF5518959', 'com.netunit.template.web.login.LoginAction', '2013-03-09 19:29:48', 'ff8080813d00613e013d006644a60003', '127.0.0.1', 'execute', '??????: show||', 'INFO');
INSERT INTO `operate_log_p` VALUES ('797550BC-E48A-4552-92F6-C97CD116CC94', 'com.netunit.template.web.login.LoginAction', '2013-03-11 00:00:22', 'ff8080813d00613e013d006644a60003', '127.0.0.1', 'execute', ': show||', 'INFO');
INSERT INTO `operate_log_p` VALUES ('79BFFCF2-DBD8-45AD-B7EC-AF0E0E5BA64A', 'com.netunit.template.web.TopBaseAction', '2013-03-09 16:53:37', 'show|', '127.0.0.1', 'promptError', 'java.lang.NullPointerException', 'ERROR');
INSERT INTO `operate_log_p` VALUES ('7A31116B-1142-4901-A100-53C87CEAAF14', 'com.netunit.template.web.login.LoginAction', '2013-03-10 11:23:03', 'ff8080813d00613e013d006644a60003', '127.0.0.1', 'execute', '??????: show||', 'INFO');
INSERT INTO `operate_log_p` VALUES ('7C34093E-0593-4F87-B79F-D1C5A517FD8D', 'com.netunit.template.web.login.LoginAction', '2013-03-09 17:32:44', 'ff8080813d00613e013d006644a60003', '127.0.0.1', 'execute', '??????: show||', 'INFO');
INSERT INTO `operate_log_p` VALUES ('81D3B9C8-1CA4-43C5-A75E-F2222FAB7CAD', 'com.netunit.template.web.login.LoginAction', '2013-03-09 16:53:31', 'ff8080813d00613e013d006644a60003', '127.0.0.1', 'execute', '??????: show||', 'INFO');
INSERT INTO `operate_log_p` VALUES ('834D30A4-879D-41A1-AF76-7D09968FF7F4', 'com.netunit.template.web.login.LoginAction', '2013-03-09 23:30:31', '001', '127.0.0.1', 'execute', '??????: sysdebug||', 'INFO');
INSERT INTO `operate_log_p` VALUES ('842709A7-392A-4027-A66A-F3556CEEF428', 'com.netunit.template.web.login.LoginAction', '2013-03-09 16:47:53', 'ff8080813d00613e013d006644a60003', '127.0.0.1', 'execute', '??????: show||', 'INFO');
INSERT INTO `operate_log_p` VALUES ('8725C412-93DE-4E7C-9B71-4E7A000073E6', 'com.netunit.template.web.TopBaseAction', '2013-03-09 16:49:19', 'show|', '127.0.0.1', 'promptError', 'java.lang.NullPointerException', 'ERROR');
INSERT INTO `operate_log_p` VALUES ('874F6A45-7C16-4BAD-8BD3-DA97A4ACDB43', 'com.netunit.template.web.TopBaseAction', '2013-03-09 16:21:44', 'show|', '127.0.0.1', 'promptError', 'java.lang.NullPointerException', 'ERROR');
INSERT INTO `operate_log_p` VALUES ('87EF67AF-8B19-4E6D-89C5-3EC8E2026B38', 'com.netunit.template.web.login.LoginAction', '2013-03-09 15:55:51', 'ff8080813d00613e013d006644a60003', '127.0.0.1', 'execute', '??????: show||', 'INFO');
INSERT INTO `operate_log_p` VALUES ('8BA71A5A-D20A-44AB-965F-B8EF19731E83', 'com.netunit.template.web.login.LoginAction', '2013-03-09 11:11:21', 'ff8080813d00613e013d006644a60003', '127.0.0.1', 'execute', '??????: show||', 'INFO');
INSERT INTO `operate_log_p` VALUES ('8C85C13F-C525-433A-AE62-60DB6FEC335D', 'com.netunit.template.web.login.LoginAction', '2013-03-09 10:16:03', 'ff8080813d00613e013d006644a60003', '127.0.0.1', 'execute', '??????: show||', 'INFO');
INSERT INTO `operate_log_p` VALUES ('8D28B4FA-4D63-4A24-B06B-3EAE7E638D1E', 'com.netunit.template.web.login.LoginAction', '2013-03-09 08:07:42', 'ff8080813d00613e013d006644a60003', '127.0.0.1', 'execute', '??????: show||', 'INFO');
INSERT INTO `operate_log_p` VALUES ('8F9483F8-7A86-4AA3-9132-093388A71E7E', 'com.netunit.template.web.login.LoginAction', '2013-03-10 23:59:38', 'ff8080813d00613e013d006644a60003', '127.0.0.1', 'execute', ': show||', 'INFO');
INSERT INTO `operate_log_p` VALUES ('913A5750-08E2-4A41-860D-E5A1BD18771E', 'com.netunit.template.web.login.LoginAction', '2013-03-08 15:45:39', 'ff8080813d00613e013d006644a60003', '127.0.0.1', 'execute', '??????: show||', 'INFO');
INSERT INTO `operate_log_p` VALUES ('91DFF86C-4439-41C0-A125-B29EE7669209', 'com.netunit.template.web.login.LoginAction', '2013-03-09 23:00:03', 'ff8080813d00613e013d006644a60003', '127.0.0.1', 'execute', '??????: show||', 'INFO');
INSERT INTO `operate_log_p` VALUES ('964F6B85-984F-4F98-92A8-4ACAF55F3C44', 'com.netunit.template.web.login.LoginAction', '2013-03-08 15:31:53', 'ff8080813d00613e013d006644a60003', '127.0.0.1', 'execute', '??????: show||', 'INFO');
INSERT INTO `operate_log_p` VALUES ('9C1D973A-5920-4F99-881A-C94DCF6498A8', 'com.netunit.template.web.login.LoginAction', '2013-03-09 22:01:46', '001', '127.0.0.1', 'execute', '??????: sysdebug||', 'INFO');
INSERT INTO `operate_log_p` VALUES ('9C9D05B3-F988-4139-9A3A-4187917BC221', 'com.netunit.template.web.TopBaseAction', '2013-03-09 16:56:24', 'show|', '127.0.0.1', 'promptError', 'java.lang.NullPointerException', 'ERROR');
INSERT INTO `operate_log_p` VALUES ('9D33E224-1FE7-4C71-8957-20A7FCD016C5', 'com.netunit.template.web.TopBaseAction', '2013-03-09 16:19:48', 'show|', '127.0.0.1', 'promptError', 'java.lang.NullPointerException', 'ERROR');
INSERT INTO `operate_log_p` VALUES ('9D7D1842-98E0-40A0-A317-3AB404B68E46', 'com.netunit.template.web.login.LoginAction', '2013-03-10 22:44:17', 'ff8080813d00613e013d006644a60003', '127.0.0.1', 'execute', ': show||', 'INFO');
INSERT INTO `operate_log_p` VALUES ('9DDB4B88-B475-4273-B895-FA1B8B24C7F3', 'com.netunit.template.web.TopBaseAction', '2013-03-09 16:49:20', 'show|', '127.0.0.1', 'promptError', 'java.lang.NullPointerException', 'ERROR');
INSERT INTO `operate_log_p` VALUES ('A2CC23DE-79E0-4C5E-B8F1-64AC34B0A341', 'com.netunit.template.web.login.LoginAction', '2013-03-07 23:37:14', 'ff8080813d00613e013d006644a60003', '127.0.0.1', 'execute', ': show||', 'INFO');
INSERT INTO `operate_log_p` VALUES ('A2D82144-9AED-42E6-B09B-C5DF80C5FB34', 'com.netunit.template.web.TopBaseAction', '2013-03-09 16:54:25', 'show|', '127.0.0.1', 'promptError', 'java.lang.NullPointerException', 'ERROR');
INSERT INTO `operate_log_p` VALUES ('A5073779-C092-45AC-89CE-BC7798A477E9', 'com.netunit.template.web.TopBaseAction', '2013-03-09 16:53:41', 'show|', '127.0.0.1', 'promptError', 'java.lang.NullPointerException', 'ERROR');
INSERT INTO `operate_log_p` VALUES ('A67D2AEF-91DC-4378-8DA7-C48ABCA0695D', 'com.netunit.template.web.login.LoginAction', '2013-03-08 10:29:03', 'ff8080813d00613e013d006644a60003', '127.0.0.1', 'execute', ': show||', 'INFO');
INSERT INTO `operate_log_p` VALUES ('A8782DC5-6B55-477A-9DBF-980C30988B57', 'com.netunit.template.web.login.LoginAction', '2013-03-08 11:09:24', 'ff8080813d00613e013d006644a60003', '127.0.0.1', 'execute', ': show||', 'INFO');
INSERT INTO `operate_log_p` VALUES ('AA309792-E2DE-4EC2-ACE0-D5B520BB8766', 'com.netunit.template.web.login.LoginAction', '2013-03-10 11:01:07', 'ff8080813d00613e013d006644a60003', '127.0.0.1', 'execute', '??????: show||', 'INFO');
INSERT INTO `operate_log_p` VALUES ('AC2B30E3-F7E7-4ED7-9E40-3796D21C4721', 'com.netunit.template.web.login.LoginAction', '2013-03-08 11:40:51', 'ff8080813d00613e013d006644a60003', '127.0.0.1', 'execute', ': show||', 'INFO');
INSERT INTO `operate_log_p` VALUES ('AC837C0D-498A-435C-BF46-DCE064A7B1AE', 'com.netunit.template.web.login.LoginAction', '2013-03-09 23:00:20', '001', '127.0.0.1', 'execute', '??????: sysdebug||', 'INFO');
INSERT INTO `operate_log_p` VALUES ('AE770542-9480-4F62-948D-9D259539B5F5', 'com.netunit.template.web.TopBaseAction', '2013-03-09 16:46:09', 'show|', '127.0.0.1', 'promptError', 'java.lang.NullPointerException', 'ERROR');
INSERT INTO `operate_log_p` VALUES ('AF504D6B-9AEA-4542-B9C5-EF2937D0FC2A', 'com.netunit.template.web.login.LoginAction', '2013-03-09 16:46:55', 'ff8080813d00613e013d006644a60003', '127.0.0.1', 'execute', '??????: show||', 'INFO');
INSERT INTO `operate_log_p` VALUES ('AF716247-CABE-4F06-AEA9-447B8D06D363', 'com.netunit.template.web.login.LoginAction', '2013-03-11 00:05:48', 'ff8080813d00613e013d006644a60003', '127.0.0.1', 'execute', ': show||', 'INFO');
INSERT INTO `operate_log_p` VALUES ('B6AE8817-3CDF-4D00-BA22-70E0E15F0B27', 'com.netunit.template.web.TopBaseAction', '2013-03-09 16:52:55', 'show|', '127.0.0.1', 'promptError', 'java.lang.NullPointerException', 'ERROR');
INSERT INTO `operate_log_p` VALUES ('B8C4A599-CA2F-4648-83C9-72D2CEC7931F', 'com.netunit.template.web.login.LoginAction', '2013-03-09 16:46:01', 'ff8080813d00613e013d006644a60003', '127.0.0.1', 'execute', '??????: show||', 'INFO');
INSERT INTO `operate_log_p` VALUES ('BC513466-25A5-4095-8D73-031638B3BAD6', 'com.netunit.template.web.login.LoginAction', '2013-03-09 16:55:15', 'ff8080813d00613e013d006644a60003', '127.0.0.1', 'execute', '??????: show||', 'INFO');
INSERT INTO `operate_log_p` VALUES ('BDDFE14F-B598-43D2-8428-EEB2682A3B62', 'com.netunit.template.web.login.LoginAction', '2013-03-09 11:34:46', 'ff8080813d00613e013d006644a60003', '127.0.0.1', 'execute', '??????: show||', 'INFO');
INSERT INTO `operate_log_p` VALUES ('BE9CCA20-6040-4A35-B5A5-36410EA58B28', 'com.netunit.template.web.login.LoginAction', '2013-03-09 09:38:23', 'ff8080813d00613e013d006644a60003', '127.0.0.1', 'execute', '??????: show||', 'INFO');
INSERT INTO `operate_log_p` VALUES ('C043F35C-62E8-4745-B92B-001AD7CF0F3C', 'com.netunit.template.web.login.LoginAction', '2013-03-09 11:47:42', 'ff8080813d00613e013d006644a60003', '127.0.0.1', 'execute', '??????: show||', 'INFO');
INSERT INTO `operate_log_p` VALUES ('C1C6C6C1-439E-4183-B401-8F09CAF78A01', 'com.netunit.template.web.login.LoginAction', '2013-03-08 17:39:30', 'ff8080813d00613e013d006644a60003', '127.0.0.1', 'execute', '??????: show||', 'INFO');
INSERT INTO `operate_log_p` VALUES ('C280DF7E-DD70-4A59-B623-40FE2945259C', 'com.netunit.template.web.login.LoginAction', '2013-03-09 23:00:20', '001', '127.0.0.1', 'execute', '??????: sysdebug||', 'INFO');
INSERT INTO `operate_log_p` VALUES ('C33EF9C0-6BA3-473D-B32B-46EDFFBDF2CC', 'com.netunit.template.web.login.LoginAction', '2013-03-09 09:29:41', 'ff8080813d00613e013d006644a60003', '127.0.0.1', 'execute', '??????: show||', 'INFO');
INSERT INTO `operate_log_p` VALUES ('C55F2FE0-5310-4C4B-9C8D-C51007C16EC3', 'com.netunit.template.web.login.LoginAction', '2013-03-09 16:18:52', 'ff8080813d00613e013d006644a60003', '127.0.0.1', 'execute', '??????: show||', 'INFO');
INSERT INTO `operate_log_p` VALUES ('C59D415E-A1C5-4B64-B32F-253325AEBB92', 'com.netunit.template.web.login.LoginAction', '2013-03-09 23:51:57', 'ff8080813d00613e013d006644a60003', '127.0.0.1', 'execute', '??????: show||', 'INFO');
INSERT INTO `operate_log_p` VALUES ('CD8069C3-FA76-4A91-8F85-F1FA27CFD908', 'com.netunit.template.web.login.LoginAction', '2013-03-08 16:55:27', 'ff8080813d00613e013d006644a60003', '127.0.0.1', 'execute', '??????: show||', 'INFO');
INSERT INTO `operate_log_p` VALUES ('CE94533D-A01D-43FE-8BBD-0B6E3D54AB6D', 'com.netunit.template.web.login.LoginAction', '2013-03-08 09:53:04', 'ff8080813d00613e013d006644a60003', '127.0.0.1', 'execute', ': show||', 'INFO');
INSERT INTO `operate_log_p` VALUES ('CF11EC95-BEA9-4BCD-8698-27F6D6FCB751', 'com.netunit.template.web.login.LoginAction', '2013-03-10 11:20:27', 'ff8080813d00613e013d006644a60003', '127.0.0.1', 'execute', '??????: show||', 'INFO');
INSERT INTO `operate_log_p` VALUES ('CF7ED0FC-9D3A-4FB0-9DF1-E7B1E79C643D', 'com.netunit.template.web.login.LoginAction', '2013-03-09 10:41:48', 'ff8080813d00613e013d006644a60003', '127.0.0.1', 'execute', '??????: show||', 'INFO');
INSERT INTO `operate_log_p` VALUES ('D5D394D0-6A05-48EE-8F80-BDBBDF3B1429', 'com.netunit.template.web.login.LoginAction', '2013-03-09 23:30:16', 'ff8080813d00613e013d006644a60003', '127.0.0.1', 'execute', '??????: show||', 'INFO');
INSERT INTO `operate_log_p` VALUES ('D6865AF5-8099-4FA4-AFA1-15C75303955B', 'com.netunit.template.web.TopBaseAction', '2013-03-09 16:45:43', 'show|', '127.0.0.1', 'promptError', 'java.lang.NullPointerException', 'ERROR');
INSERT INTO `operate_log_p` VALUES ('D8D5C355-6ABA-4D0A-AE75-18094A9DE547', 'com.netunit.template.web.login.LoginAction', '2013-03-09 10:35:20', 'ff8080813d00613e013d006644a60003', '127.0.0.1', 'execute', '??????: show||', 'INFO');
INSERT INTO `operate_log_p` VALUES ('D924D0FF-80D3-49F0-9473-C0CBB23FBFFB', 'com.netunit.template.web.TopBaseAction', '2013-03-09 16:49:18', 'show|', '127.0.0.1', 'promptError', 'java.lang.NullPointerException', 'ERROR');
INSERT INTO `operate_log_p` VALUES ('D9E7F101-9288-49F9-8921-BB3593964016', 'com.netunit.template.web.login.LoginAction', '2013-03-08 00:00:23', 'ff8080813d00613e013d006644a60003', '127.0.0.1', 'execute', ': show||', 'INFO');
INSERT INTO `operate_log_p` VALUES ('DCFF960F-2F85-4398-B82E-8C097D52561C', 'com.netunit.template.web.login.LoginAction', '2013-03-08 10:17:39', 'ff8080813d00613e013d006644a60003', '127.0.0.1', 'execute', ': show||', 'INFO');
INSERT INTO `operate_log_p` VALUES ('DEA2371B-5AB2-4FBC-BB70-BC3ABDFD4CFB', 'com.netunit.template.web.login.LoginAction', '2013-03-09 16:20:19', 'ff8080813d00613e013d006644a60003', '127.0.0.1', 'execute', '??????: show||', 'INFO');
INSERT INTO `operate_log_p` VALUES ('DF03D46E-AFA8-4E2C-9ED2-C1AF8F398C29', 'com.netunit.template.web.login.LoginAction', '2013-03-09 18:52:43', 'ff8080813d00613e013d006644a60003', '127.0.0.1', 'execute', '??????: show||', 'INFO');
INSERT INTO `operate_log_p` VALUES ('DFBE145C-481B-473F-9BB9-629999E68084', 'com.netunit.template.web.login.LoginAction', '2013-03-09 17:02:36', 'ff8080813d00613e013d006644a60003', '127.0.0.1', 'execute', '??????: show||', 'INFO');
INSERT INTO `operate_log_p` VALUES ('E2D5A40C-0EBA-46CE-BEB6-0E43EA0F82B7', 'com.netunit.template.web.TopBaseAction', '2013-03-09 16:47:55', 'show|', '127.0.0.1', 'promptError', 'java.lang.NullPointerException', 'ERROR');
INSERT INTO `operate_log_p` VALUES ('E3701D0C-657D-4040-B479-5089DA853A2A', 'com.netunit.template.web.login.LoginAction', '2013-03-07 23:12:16', 'ff8080813d00613e013d006644a60003', '127.0.0.1', 'execute', ': show||', 'INFO');
INSERT INTO `operate_log_p` VALUES ('E5E7505D-138B-4766-8088-2D9A699B80C7', 'com.netunit.template.web.login.LoginAction', '2013-03-09 17:12:51', 'ff8080813d00613e013d006644a60003', '127.0.0.1', 'execute', '??????: show||', 'INFO');
INSERT INTO `operate_log_p` VALUES ('E8AA2995-929C-449D-8949-380034E5809E', 'com.netunit.template.web.login.LoginAction', '2013-03-09 16:56:22', 'ff8080813d00613e013d006644a60003', '127.0.0.1', 'execute', '??????: show||', 'INFO');
INSERT INTO `operate_log_p` VALUES ('ED691084-8410-43B6-8E4E-4ED06C4858A1', 'com.netunit.template.web.TopBaseAction', '2013-03-09 16:53:36', 'show|', '127.0.0.1', 'promptError', 'java.lang.NullPointerException', 'ERROR');
INSERT INTO `operate_log_p` VALUES ('EDA3C35A-BD4E-47AE-96E9-D20B12670CC2', 'com.netunit.template.web.TopBaseAction', '2013-03-09 16:21:49', 'show|', '127.0.0.1', 'promptError', 'java.lang.NullPointerException', 'ERROR');
INSERT INTO `operate_log_p` VALUES ('EE059173-1784-4F14-87E1-9B535827CA0B', 'com.netunit.template.web.login.LoginAction', '2013-03-10 11:25:12', 'ff8080813d00613e013d006644a60003', '127.0.0.1', 'execute', '??????: show||', 'INFO');
INSERT INTO `operate_log_p` VALUES ('EE29CFD1-6A49-410E-9087-1A70EDA26824', 'com.netunit.template.web.login.LoginAction', '2013-03-09 16:21:43', 'ff8080813d00613e013d006644a60003', '127.0.0.1', 'execute', '??????: show||', 'INFO');
INSERT INTO `operate_log_p` VALUES ('EEF1976B-A1CE-42D0-B241-6CE653200F48', 'com.netunit.template.web.login.LoginAction', '2013-03-08 11:19:09', 'ff8080813d00613e013d006644a60003', '127.0.0.1', 'execute', ': show||', 'INFO');
INSERT INTO `operate_log_p` VALUES ('F03A53DE-1F1A-4F03-A670-9EBDEC5F17CD', 'com.netunit.template.web.login.LoginAction', '2013-03-09 15:55:51', 'ff8080813d00613e013d006644a60003', '127.0.0.1', 'execute', '??????: show||', 'INFO');
INSERT INTO `operate_log_p` VALUES ('F6EF3C22-8DC9-483C-9B45-0E06D953C63B', 'com.netunit.template.web.TopBaseAction', '2013-03-09 16:53:38', 'show|', '127.0.0.1', 'promptError', 'java.lang.NullPointerException', 'ERROR');
INSERT INTO `operate_log_p` VALUES ('F8FAB00B-25AE-4AE1-994D-35DC2C3BF705', 'com.netunit.template.web.TopBaseAction', '2013-03-09 16:53:33', 'show|', '127.0.0.1', 'promptError', 'java.lang.NullPointerException', 'ERROR');
INSERT INTO `operate_log_p` VALUES ('FACEF592-00B4-488F-B2F2-C52AC8372A9D', 'com.netunit.template.web.login.LoginAction', '2013-03-07 23:58:31', 'ff8080813d00613e013d006644a60003', '127.0.0.1', 'execute', ': show||', 'INFO');
INSERT INTO `operate_log_p` VALUES ('FCE0C76C-A6DA-4BF4-8C19-82B9F2486731', 'com.netunit.template.web.login.LoginAction', '2013-03-09 15:58:44', 'ff8080813d00613e013d006644a60003', '127.0.0.1', 'execute', '??????: show||', 'INFO');
INSERT INTO `operate_log_p` VALUES ('FEDC3F47-8C39-4DE5-8204-A07E709092EF', 'com.netunit.template.web.login.LoginAction', '2013-03-09 10:58:14', 'ff8080813d00613e013d006644a60003', '127.0.0.1', 'execute', '??????: show||', 'INFO');
INSERT INTO `operate_log_p` VALUES ('FF8EBD93-FE99-4E8B-9296-CAD9A12804CD', 'com.netunit.template.web.login.LoginAction', '2013-03-09 16:49:10', 'ff8080813d00613e013d006644a60003', '127.0.0.1', 'execute', '??????: show||', 'INFO');

-- ----------------------------
-- Table structure for packing_list_c
-- ----------------------------
DROP TABLE IF EXISTS `packing_list_c`;
CREATE TABLE `packing_list_c` (
  `PACKING_LIST_ID` varchar(40) NOT NULL,
  `SELLER` varchar(200) DEFAULT NULL,
  `BUYER` varchar(200) DEFAULT NULL,
  `INVOICE_NO` varchar(30) DEFAULT NULL COMMENT '',
  `INVOICE_DATE` datetime DEFAULT NULL,
  `MARKS` varchar(200) DEFAULT NULL,
  `DESCRIPTIONS` varchar(200) DEFAULT NULL,
  `EXPORT_IDS` varchar(200) DEFAULT NULL COMMENT 'ID',
  `EXPORT_NOS` varchar(200) DEFAULT NULL COMMENT 'NOx,y|z,h',
  `CREATE_BY` varchar(40) DEFAULT NULL,
  `CREATE_DEPT` varchar(40) DEFAULT NULL,
  `CREATE_TIME` datetime DEFAULT NULL,
  PRIMARY KEY (`PACKING_LIST_ID`)
) ENGINE=InnoDB DEFAULT CHARSET=utf8;

-- ----------------------------
-- Records of packing_list_c
-- ----------------------------
INSERT INTO `packing_list_c` VALUES ('e58d2fa1-cfc8-4f5f-88d6-607a05fdab8a', 'INT\'L CO.,LTD.\r\n8-C,JIATENG BUILDING.NO.108\r\nHEPING RO0001', 'LEE &CO.,LTD\r\nNOS.9-12,17/FL,TOWER 3,\r\nCHINA HONGKONG CITY,\r\n33CANTON ROOWLOON.HK', '11JX009', '2014-04-07 00:00:00', '', '', '156cf16e-b23f-4852-9a1b-e36677e9071a,9571d9f5-3088-46e1-9d8d-3636147b0aa1', 'C/3817/11 11JK1080 11JK1078|C/3817/11 11JK1080', null, null, null);

-- ----------------------------
-- Table structure for role_module_p
-- ----------------------------
DROP TABLE IF EXISTS `role_module_p`;
CREATE TABLE `role_module_p` (
  `ROLE_ID` varchar(40) DEFAULT NULL,
  `MODULE_ID` varchar(40) DEFAULT NULL
) ENGINE=InnoDB DEFAULT CHARSET=utf8;

-- ----------------------------
-- Records of role_module_p
-- ----------------------------
INSERT INTO `role_module_p` VALUES ('40288647319cc92901319ced2a1500bf', '0101');
INSERT INTO `role_module_p` VALUES ('40288647319cc92901319ced2a1500bf', '0101070303');
INSERT INTO `role_module_p` VALUES ('40288647319cc92901319ced2a1500bf', '0101070302');
INSERT INTO `role_module_p` VALUES ('402886473192cf370131939706b70014', '0101070303');
INSERT INTO `role_module_p` VALUES ('ff808081319eb4980131a183d4ae00f3', '0130');
INSERT INTO `role_module_p` VALUES ('ff808081319eb4980131a183d4ae00f3', '013006');
INSERT INTO `role_module_p` VALUES ('402886473192cf370131939706b70014', '0101070302');
INSERT INTO `role_module_p` VALUES ('402886473192cf370131939706b70014', '0130040703');
INSERT INTO `role_module_p` VALUES ('402886473192cf370131939706b70014', '01300402');
INSERT INTO `role_module_p` VALUES ('402886473192cf370131939706b70014', '01300307');
INSERT INTO `role_module_p` VALUES ('402886473192cf370131939706b70014', '013004080403');
INSERT INTO `role_module_p` VALUES ('402886473192cf370131939706b70014', '013004080503');
INSERT INTO `role_module_p` VALUES ('402886473192cf370131939706b70014', '01300302');
INSERT INTO `role_module_p` VALUES ('402886473192cf370131939706b70014', '01010703');
INSERT INTO `role_module_p` VALUES ('402886473192cf370131939706b70014', '01010702');
INSERT INTO `role_module_p` VALUES ('402886473192cf370131939706b70014', '01300406');
INSERT INTO `role_module_p` VALUES ('402886473192cf370131939706b70014', '0130');
INSERT INTO `role_module_p` VALUES ('402886473192cf370131939706b70014', '01300407');
INSERT INTO `role_module_p` VALUES ('402886473192cf370131939706b70014', '0101');
INSERT INTO `role_module_p` VALUES ('402886473192cf370131939706b70014', '01300408');
INSERT INTO `role_module_p` VALUES ('402886473192cf370131939706b70014', '0130040805');
INSERT INTO `role_module_p` VALUES ('402886473192cf370131939706b70014', '010104');
INSERT INTO `role_module_p` VALUES ('402886473192cf370131939706b70014', '0130040803');
INSERT INTO `role_module_p` VALUES ('402886473192cf370131939706b70014', '0130040804');
INSERT INTO `role_module_p` VALUES ('402886473192cf370131939706b70014', '01010402');
INSERT INTO `role_module_p` VALUES ('402886473192cf370131939706b70014', '01010403');
INSERT INTO `role_module_p` VALUES ('402886473192cf370131939706b70014', '010107');
INSERT INTO `role_module_p` VALUES ('402886473192cf370131939706b70014', '013004');
INSERT INTO `role_module_p` VALUES ('402886473192cf370131939706b70014', '013002');
INSERT INTO `role_module_p` VALUES ('402886473192cf370131939706b70014', '013003');
INSERT INTO `role_module_p` VALUES ('402886473192cf370131939c4379001d', '01300313');
INSERT INTO `role_module_p` VALUES ('402886473192cf370131939cc4de0020', '0130040404');
INSERT INTO `role_module_p` VALUES ('402886473192cf370131939cc4de0020', '0130040403');
INSERT INTO `role_module_p` VALUES ('402886473192cf370131939cc4de0020', '0130040402');
INSERT INTO `role_module_p` VALUES ('402886473192cf370131939cc4de0020', '01300705');
INSERT INTO `role_module_p` VALUES ('402886473192cf370131939cc4de0020', '01300402');
INSERT INTO `role_module_p` VALUES ('402886473192cf370131939cc4de0020', '01300403');
INSERT INTO `role_module_p` VALUES ('402886473192cf370131939cc4de0020', '01300704');
INSERT INTO `role_module_p` VALUES ('402886473192cf370131939cc4de0020', '01300404');
INSERT INTO `role_module_p` VALUES ('402886473192cf370131939cc4de0020', '01300405');
INSERT INTO `role_module_p` VALUES ('402886473192cf370131939cc4de0020', '0130070202');
INSERT INTO `role_module_p` VALUES ('402886473192cf370131939cc4de0020', '0130070201');
INSERT INTO `role_module_p` VALUES ('402886473192cf370131939cc4de0020', '01300406');
INSERT INTO `role_module_p` VALUES ('402886473192cf370131939cc4de0020', '0130');
INSERT INTO `role_module_p` VALUES ('402886473192cf370131939cc4de0020', '0130040303');
INSERT INTO `role_module_p` VALUES ('402886473192cf370131939cc4de0020', '0130040302');
INSERT INTO `role_module_p` VALUES ('402886473192cf370131939cc4de0020', '01300703');
INSERT INTO `role_module_p` VALUES ('402886473192cf370131939cc4de0020', '01300702');
INSERT INTO `role_module_p` VALUES ('402886473192cf370131939cc4de0020', '01300701');
INSERT INTO `role_module_p` VALUES ('402886473192cf370131939cc4de0020', '01300411');
INSERT INTO `role_module_p` VALUES ('402886473192cf370131939cc4de0020', '01300410');
INSERT INTO `role_module_p` VALUES ('402886473192cf370131939cc4de0020', '01300413');
INSERT INTO `role_module_p` VALUES ('402886473192cf370131939cc4de0020', '01300412');
INSERT INTO `role_module_p` VALUES ('402886473192cf370131939cc4de0020', '0130070302');
INSERT INTO `role_module_p` VALUES ('402886473192cf370131939cc4de0020', '0130070301');
INSERT INTO `role_module_p` VALUES ('402886473192cf370131939cc4de0020', '013004');
INSERT INTO `role_module_p` VALUES ('402886473192cf370131939cc4de0020', '013007');
INSERT INTO `role_module_p` VALUES ('40288647319cc92901319ced2a1500bf', '010104');
INSERT INTO `role_module_p` VALUES ('40288647319cc92901319ced2a1500bf', '01010402');
INSERT INTO `role_module_p` VALUES ('40288647319cc92901319ced2a1500bf', '01010403');
INSERT INTO `role_module_p` VALUES ('40288647319cc92901319ced2a1500bf', '01010703');
INSERT INTO `role_module_p` VALUES ('40288647319cc92901319ced2a1500bf', '01010702');
INSERT INTO `role_module_p` VALUES ('40288647319cc92901319ced2a1500bf', '01010705');
INSERT INTO `role_module_p` VALUES ('40288647319cc92901319ced2a1500bf', '0101070602');
INSERT INTO `role_module_p` VALUES ('40288647319cc92901319ced2a1500bf', '01010704');
INSERT INTO `role_module_p` VALUES ('40288647319cc92901319ced2a1500bf', '0101070603');
INSERT INTO `role_module_p` VALUES ('40288647319cc92901319ced2a1500bf', '010107');
INSERT INTO `role_module_p` VALUES ('40288647319cc92901319ced2a1500bf', '0101070403');
INSERT INTO `role_module_p` VALUES ('40288647319cc92901319ced2a1500bf', '0101070402');
INSERT INTO `role_module_p` VALUES ('40288647319cc92901319ced2a1500bf', '01010706');
INSERT INTO `role_module_p` VALUES ('402886473192cf370131939706b70014', '013006');
INSERT INTO `role_module_p` VALUES ('402886473192cf370131939706b70014', '01300202');
INSERT INTO `role_module_p` VALUES ('402886473192cf370131939c4379001d', '01300314');
INSERT INTO `role_module_p` VALUES ('402886473192cf370131939c4379001d', '013003');
INSERT INTO `role_module_p` VALUES ('402886473192cf370131939c4379001d', '0130');
INSERT INTO `role_module_p` VALUES ('402886473192cf370131939d5ecd0023', '01300402');
INSERT INTO `role_module_p` VALUES ('402886473192cf370131939d5ecd0023', '0130080202');
INSERT INTO `role_module_p` VALUES ('402886473192cf370131939d5ecd0023', '0130080201');
INSERT INTO `role_module_p` VALUES ('402886473192cf370131939ddebb0029', '01300807');
INSERT INTO `role_module_p` VALUES ('402886473192cf370131939ddebb0029', '01300801');
INSERT INTO `role_module_p` VALUES ('402886473192cf370131939ddebb0029', '013004');
INSERT INTO `role_module_p` VALUES ('402886473192cf370131939ddebb0029', '0130');
INSERT INTO `role_module_p` VALUES ('402886473192cf370131939ddebb0029', '0130080701');
INSERT INTO `role_module_p` VALUES ('402886473192cf370131939ddebb0029', '0130080702');
INSERT INTO `role_module_p` VALUES ('402886473192cf370131939ddebb0029', '013008');
INSERT INTO `role_module_p` VALUES ('402886473192cf370131939e27e9002c', '01300801');
INSERT INTO `role_module_p` VALUES ('402886473192cf370131939e27e9002c', '0130080802');
INSERT INTO `role_module_p` VALUES ('402886473192cf370131939e27e9002c', '01300808');
INSERT INTO `role_module_p` VALUES ('402886473192cf370131939e27e9002c', '01300402');
INSERT INTO `role_module_p` VALUES ('402886473192cf370131939e27e9002c', '013004');
INSERT INTO `role_module_p` VALUES ('402886473192cf370131939e27e9002c', '0130');
INSERT INTO `role_module_p` VALUES ('402886473192cf370131939e27e9002c', '0130080801');
INSERT INTO `role_module_p` VALUES ('402886473192cf370131939e27e9002c', '013008');
INSERT INTO `role_module_p` VALUES ('402886473192cf370131939daf4e0026', '01300806');
INSERT INTO `role_module_p` VALUES ('402886473192cf370131939daf4e0026', '01300801');
INSERT INTO `role_module_p` VALUES ('402886473192cf370131939daf4e0026', '0130080601');
INSERT INTO `role_module_p` VALUES ('402886473192cf370131939daf4e0026', '0130080602');
INSERT INTO `role_module_p` VALUES ('402886473192cf370131939daf4e0026', '0130');
INSERT INTO `role_module_p` VALUES ('402886473192cf370131939daf4e0026', '013008');
INSERT INTO `role_module_p` VALUES ('402886473192cf370131939d5ecd0023', '013008');
INSERT INTO `role_module_p` VALUES ('402886473192cf370131939d5ecd0023', '0130080302');
INSERT INTO `role_module_p` VALUES ('402886473192cf370131939d5ecd0023', '01300801');
INSERT INTO `role_module_p` VALUES ('402886473192cf370131939d5ecd0023', '01300805');
INSERT INTO `role_module_p` VALUES ('402886473192cf370131939d5ecd0023', '01300802');
INSERT INTO `role_module_p` VALUES ('402886473192cf370131939d5ecd0023', '0130080301');
INSERT INTO `role_module_p` VALUES ('402886473192cf370131939d5ecd0023', '01300804');
INSERT INTO `role_module_p` VALUES ('402886473192cf370131939d5ecd0023', '01300414');
INSERT INTO `role_module_p` VALUES ('402886473192cf370131939d5ecd0023', '013004');
INSERT INTO `role_module_p` VALUES ('402886473192cf370131939d5ecd0023', '0130');
INSERT INTO `role_module_p` VALUES ('402886473192cf370131939d5ecd0023', '01300803');
INSERT INTO `role_module_p` VALUES ('402886473192cf370131939859b40017', '0103060402');
INSERT INTO `role_module_p` VALUES ('402886473192cf370131939859b40017', '0101');
INSERT INTO `role_module_p` VALUES ('402886473192cf370131939859b40017', '0103060403');
INSERT INTO `role_module_p` VALUES ('402886473192cf370131939859b40017', '01030605');
INSERT INTO `role_module_p` VALUES ('402886473192cf370131939859b40017', '01010702');
INSERT INTO `role_module_p` VALUES ('402886473192cf370131939859b40017', '01030702');
INSERT INTO `role_module_p` VALUES ('402886473192cf370131939859b40017', '01030607');
INSERT INTO `role_module_p` VALUES ('402886473192cf370131939859b40017', '01030703');
INSERT INTO `role_module_p` VALUES ('402886473192cf370131939859b40017', '01030606');
INSERT INTO `role_module_p` VALUES ('402886473192cf370131939859b40017', '01030603');
INSERT INTO `role_module_p` VALUES ('402886473192cf370131939859b40017', '01030604');
INSERT INTO `role_module_p` VALUES ('402886473192cf370131939859b40017', '01010703');
INSERT INTO `role_module_p` VALUES ('402886473192cf370131939859b40017', '01030402');
INSERT INTO `role_module_p` VALUES ('402886473192cf370131939859b40017', '0103');
INSERT INTO `role_module_p` VALUES ('402886473192cf370131939859b40017', '01030704');
INSERT INTO `role_module_p` VALUES ('402886473192cf370131939859b40017', '0103070302');
INSERT INTO `role_module_p` VALUES ('402886473192cf370131939859b40017', '01030705');
INSERT INTO `role_module_p` VALUES ('402886473192cf370131939859b40017', '0103070303');
INSERT INTO `role_module_p` VALUES ('402886473192cf370131939859b40017', '01030301');
INSERT INTO `role_module_p` VALUES ('402886473192cf370131939859b40017', '01030602');
INSERT INTO `role_module_p` VALUES ('402886473192cf370131939859b40017', '0103060302');
INSERT INTO `role_module_p` VALUES ('402886473192cf370131939859b40017', '0103060303');
INSERT INTO `role_module_p` VALUES ('402886473192cf370131939859b40017', '010107');
INSERT INTO `role_module_p` VALUES ('402886473192cf370131939859b40017', '010306');
INSERT INTO `role_module_p` VALUES ('402886473192cf370131939859b40017', '010308');
INSERT INTO `role_module_p` VALUES ('402886473192cf370131939859b40017', '010303');
INSERT INTO `role_module_p` VALUES ('402886473192cf370131939859b40017', '010304');
INSERT INTO `role_module_p` VALUES ('402886473192cf370131939859b40017', '010104');
INSERT INTO `role_module_p` VALUES ('402886473192cf370131939859b40017', '01010402');
INSERT INTO `role_module_p` VALUES ('402886473192cf370131939859b40017', '010307');
INSERT INTO `role_module_p` VALUES ('402886473192cf370131939859b40017', '0101070303');
INSERT INTO `role_module_p` VALUES ('402886473192cf370131939859b40017', '0103070402');
INSERT INTO `role_module_p` VALUES ('402886473192cf370131939859b40017', '0101070302');
INSERT INTO `role_module_p` VALUES ('402886473192cf370131939859b40017', '0103070403');
INSERT INTO `role_module_p` VALUES ('402886473192cf370131939c11da001a', '0130030303');
INSERT INTO `role_module_p` VALUES ('402886473192cf370131939c11da001a', '0130030302');
INSERT INTO `role_module_p` VALUES ('402886473192cf370131939c11da001a', '01300307');
INSERT INTO `role_module_p` VALUES ('402886473192cf370131939c11da001a', '01300312');
INSERT INTO `role_module_p` VALUES ('402886473192cf370131939c11da001a', '01300305');
INSERT INTO `role_module_p` VALUES ('402886473192cf370131939c11da001a', '01300304');
INSERT INTO `role_module_p` VALUES ('402886473192cf370131939c11da001a', '01300315');
INSERT INTO `role_module_p` VALUES ('402886473192cf370131939c11da001a', '01300303');
INSERT INTO `role_module_p` VALUES ('402886473192cf370131939c11da001a', '0130031202');
INSERT INTO `role_module_p` VALUES ('402886473192cf370131939c11da001a', '01300316');
INSERT INTO `role_module_p` VALUES ('402886473192cf370131939c11da001a', '0130031203');
INSERT INTO `role_module_p` VALUES ('402886473192cf370131939c11da001a', '01300302');
INSERT INTO `role_module_p` VALUES ('402886473192cf370131939c11da001a', '01300317');
INSERT INTO `role_module_p` VALUES ('402886473192cf370131939c11da001a', '0130031502');
INSERT INTO `role_module_p` VALUES ('402886473192cf370131939c11da001a', '01300318');
INSERT INTO `role_module_p` VALUES ('402886473192cf370131939c11da001a', '0130');
INSERT INTO `role_module_p` VALUES ('402886473192cf370131939c11da001a', '013003');
INSERT INTO `role_module_p` VALUES ('402886473192cf370131939c11da001a', '0130030403');
INSERT INTO `role_module_p` VALUES ('402886473192cf370131939c11da001a', '0130030402');
INSERT INTO `role_module_p` VALUES ('ff808081307f4ffc01307f596f2a0018', '01040103');
INSERT INTO `role_module_p` VALUES ('ff808081307f4ffc01307f596f2a0018', '01040102');
INSERT INTO `role_module_p` VALUES ('ff808081307f4ffc01307f596f2a0018', '0101');
INSERT INTO `role_module_p` VALUES ('ff808081307f4ffc01307f596f2a0018', '01040101');
INSERT INTO `role_module_p` VALUES ('ff808081307f4ffc01307f596f2a0018', '010401');
INSERT INTO `role_module_p` VALUES ('ff808081307f4ffc01307f596f2a0018', '01010702');
INSERT INTO `role_module_p` VALUES ('ff808081307f4ffc01307f596f2a0018', '0104010201');
INSERT INTO `role_module_p` VALUES ('ff808081307f4ffc01307f596f2a0018', '0104010202');
INSERT INTO `role_module_p` VALUES ('ff808081307f4ffc01307f596f2a0018', '0101070602');
INSERT INTO `role_module_p` VALUES ('ff808081307f4ffc01307f596f2a0018', '0101070603');
INSERT INTO `role_module_p` VALUES ('ff808081307f4ffc01307f596f2a0018', '0104010106');
INSERT INTO `role_module_p` VALUES ('ff808081307f4ffc01307f596f2a0018', '0104010104');
INSERT INTO `role_module_p` VALUES ('ff808081307f4ffc01307f596f2a0018', '0104010105');
INSERT INTO `role_module_p` VALUES ('ff808081307f4ffc01307f596f2a0018', '0104010305');
INSERT INTO `role_module_p` VALUES ('ff808081307f4ffc01307f596f2a0018', '01010704');
INSERT INTO `role_module_p` VALUES ('ff808081307f4ffc01307f596f2a0018', '0101070403');
INSERT INTO `role_module_p` VALUES ('ff808081307f4ffc01307f596f2a0018', '01010703');
INSERT INTO `role_module_p` VALUES ('ff808081307f4ffc01307f596f2a0018', '0104010303');
INSERT INTO `role_module_p` VALUES ('ff808081307f4ffc01307f596f2a0018', '0101070402');
INSERT INTO `role_module_p` VALUES ('ff808081307f4ffc01307f596f2a0018', '0104010304');
INSERT INTO `role_module_p` VALUES ('ff808081307f4ffc01307f596f2a0018', '01010705');
INSERT INTO `role_module_p` VALUES ('ff808081307f4ffc01307f596f2a0018', '01030402');
INSERT INTO `role_module_p` VALUES ('ff808081307f4ffc01307f596f2a0018', '0104010302');
INSERT INTO `role_module_p` VALUES ('ff808081307f4ffc01307f596f2a0018', '0104');
INSERT INTO `role_module_p` VALUES ('ff808081307f4ffc01307f596f2a0018', '0103');
INSERT INTO `role_module_p` VALUES ('ff808081307f4ffc01307f596f2a0018', '0104010301');
INSERT INTO `role_module_p` VALUES ('ff808081307f4ffc01307f596f2a0018', '0104010204');
INSERT INTO `role_module_p` VALUES ('ff808081307f4ffc01307f596f2a0018', '0104010205');
INSERT INTO `role_module_p` VALUES ('ff808081307f4ffc01307f596f2a0018', '01010706');
INSERT INTO `role_module_p` VALUES ('ff808081307f4ffc01307f596f2a0018', '0104010207');
INSERT INTO `role_module_p` VALUES ('ff808081307f4ffc01307f596f2a0018', '01030301');
INSERT INTO `role_module_p` VALUES ('ff808081307f4ffc01307f596f2a0018', '0104010203');
INSERT INTO `role_module_p` VALUES ('ff808081307f4ffc01307f596f2a0018', '010107');
INSERT INTO `role_module_p` VALUES ('ff808081307f4ffc01307f596f2a0018', '010303');
INSERT INTO `role_module_p` VALUES ('ff808081307f4ffc01307f596f2a0018', '010104');
INSERT INTO `role_module_p` VALUES ('ff808081307f4ffc01307f596f2a0018', '010304');
INSERT INTO `role_module_p` VALUES ('ff808081307f4ffc01307f596f2a0018', '01010403');
INSERT INTO `role_module_p` VALUES ('ff808081307f4ffc01307f596f2a0018', '01010402');
INSERT INTO `role_module_p` VALUES ('ff808081307f4ffc01307f596f2a0018', '0104010101');
INSERT INTO `role_module_p` VALUES ('ff808081307f4ffc01307f596f2a0018', '0104010102');
INSERT INTO `role_module_p` VALUES ('ff808081307f4ffc01307f596f2a0018', '0101070303');
INSERT INTO `role_module_p` VALUES ('ff808081307f4ffc01307f596f2a0018', '0104010103');
INSERT INTO `role_module_p` VALUES ('ff808081307f4ffc01307f596f2a0018', '0101070302');

-- ----------------------------
-- Table structure for role_p
-- ----------------------------
DROP TABLE IF EXISTS `role_p`;
CREATE TABLE `role_p` (
  `ROLE_ID` varchar(40) NOT NULL,
  `NAME` varchar(30) DEFAULT NULL,
  `ROLE_DESC` varchar(100) DEFAULT NULL,
  `ORDER_NO` int(11) DEFAULT NULL,
  PRIMARY KEY (`ROLE_ID`)
) ENGINE=InnoDB DEFAULT CHARSET=utf8;

-- ----------------------------
-- Records of role_p
-- ----------------------------
INSERT INTO `role_p` VALUES ('402886473192cf370131939706b70014', '', '', '11');
INSERT INTO `role_p` VALUES ('402886473192cf370131939859b40017', '', '', '12');
INSERT INTO `role_p` VALUES ('402886473192cf370131939c11da001a', '', '', '20');
INSERT INTO `role_p` VALUES ('402886473192cf370131939c4379001d', '', '', '21');
INSERT INTO `role_p` VALUES ('402886473192cf370131939cc4de0020', '', '', '22');
INSERT INTO `role_p` VALUES ('402886473192cf370131939d5ecd0023', '', '', '23');
INSERT INTO `role_p` VALUES ('402886473192cf370131939daf4e0026', '', '', '24');
INSERT INTO `role_p` VALUES ('402886473192cf370131939ddebb0029', '', '', '25');
INSERT INTO `role_p` VALUES ('402886473192cf370131939e27e9002c', '', '', '26');
INSERT INTO `role_p` VALUES ('40288647319cc92901319ced2a1500bf', '', '', '13');
INSERT INTO `role_p` VALUES ('ff808081307f4ffc01307f596f2a0018', '', ',,,', '10');
INSERT INTO `role_p` VALUES ('ff808081319eb4980131a183d4ae00f3', '', '', '14');

-- ----------------------------
-- Table structure for role_user_p
-- ----------------------------
DROP TABLE IF EXISTS `role_user_p`;
CREATE TABLE `role_user_p` (
  `ROLE_ID` varchar(40) NOT NULL,
  `USER_ID` varchar(40) NOT NULL
) ENGINE=InnoDB DEFAULT CHARSET=utf8;

-- ----------------------------
-- Records of role_user_p
-- ----------------------------
INSERT INTO `role_user_p` VALUES ('402886473192cf370131939c4379001d', 'ff8080813d00613e013d006644a60003');
INSERT INTO `role_user_p` VALUES ('402886473192cf370131939c11da001a', 'ff8080813d00613e013d006644a60003');
INSERT INTO `role_user_p` VALUES ('402886473192cf370131939ddebb0029', 'ff8080813d00613e013d006644a60003');
INSERT INTO `role_user_p` VALUES ('402886473192cf370131939cc4de0020', 'ff8080813d00613e013d006644a60003');
INSERT INTO `role_user_p` VALUES ('402886473192cf370131939e27e9002c', 'ff8080813d00613e013d006644a60003');
INSERT INTO `role_user_p` VALUES ('40288647319cc92901319ced2a1500bf', 'ff80808131301abf01313044c2d00047');
INSERT INTO `role_user_p` VALUES ('40288647319cc92901319ced2a1500bf', 'ff8080813d00613e013d006644a60003');
INSERT INTO `role_user_p` VALUES ('402886473192cf370131939859b40017', 'ff8080813d00613e013d006644a60003');
INSERT INTO `role_user_p` VALUES ('ff808081319eb4980131a183d4ae00f3', 'ff80808131301abf01313044c2d00047');
INSERT INTO `role_user_p` VALUES ('ff808081319eb4980131a183d4ae00f3', 'ff8080813d00613e013d006644a60003');
INSERT INTO `role_user_p` VALUES ('402886473192cf370131939daf4e0026', 'ff8080813d00613e013d006644a60003');
INSERT INTO `role_user_p` VALUES ('402886473192cf370131939d5ecd0023', 'ff8080813d00613e013d006644a60003');
INSERT INTO `role_user_p` VALUES ('402886473192cf370131939daf4e0026', 'ff80808131301abf01313040e6b7003b');
INSERT INTO `role_user_p` VALUES ('402886473192cf370131939c4379001d', 'ff80808131301abf01313040e6b7003b');
INSERT INTO `role_user_p` VALUES ('402886473192cf370131939c11da001a', 'ff80808131301abf01313040e6b7003b');
INSERT INTO `role_user_p` VALUES ('40288647319cc92901319ced2a1500bf', 'ff80808131301abf01313040e6b7003b');
INSERT INTO `role_user_p` VALUES ('402886473192cf370131939cc4de0020', 'ff80808131301abf01313040e6b7003b');
INSERT INTO `role_user_p` VALUES ('ff808081319eb4980131a183d4ae00f3', 'ff80808131301abf01313040e6b7003b');
INSERT INTO `role_user_p` VALUES ('402886473192cf370131939d5ecd0023', 'ff80808131301abf01313040e6b7003b');
INSERT INTO `role_user_p` VALUES ('402886473192cf370131939ddebb0029', 'ff80808131301abf01313040e6b7003b');
INSERT INTO `role_user_p` VALUES ('40288647319cc92901319ced2a1500bf', 'ff80808131301abf013130492d100053');
INSERT INTO `role_user_p` VALUES ('ff808081319eb4980131a183d4ae00f3', 'ff80808131301abf013130492d100053');
INSERT INTO `role_user_p` VALUES ('402886473192cf370131939e27e9002c', 'ff80808131301abf01313041a034003e');
INSERT INTO `role_user_p` VALUES ('40288647319cc92901319ced2a1500bf', 'ff80808131301abf01313041a034003e');
INSERT INTO `role_user_p` VALUES ('ff808081319eb4980131a183d4ae00f3', 'ff80808131301abf01313041a034003e');
INSERT INTO `role_user_p` VALUES ('402886473192cf370131939ddebb0029', 'ff80808131301abf01313041a034003e');
INSERT INTO `role_user_p` VALUES ('402886473192cf370131939daf4e0026', 'ff80808131301abf0131304ac5060058');
INSERT INTO `role_user_p` VALUES ('40288647319cc92901319ced2a1500bf', 'ff80808131301abf0131304ac5060058');
INSERT INTO `role_user_p` VALUES ('ff808081319eb4980131a183d4ae00f3', 'ff80808131301abf0131304ac5060058');
INSERT INTO `role_user_p` VALUES ('402886473192cf370131939d5ecd0023', 'ff80808131301abf0131304ac5060058');
INSERT INTO `role_user_p` VALUES ('402886473192cf370131939ddebb0029', 'ff80808131301abf0131304ac5060058');
INSERT INTO `role_user_p` VALUES ('40288647319cc92901319ced2a1500bf', 'ff80808131301abf0131304334410041');
INSERT INTO `role_user_p` VALUES ('ff808081319eb4980131a183d4ae00f3', 'ff80808131301abf0131304334410041');
INSERT INTO `role_user_p` VALUES ('402886473192cf370131939706b70014', 'ff80808131301abf0131304334410041');
INSERT INTO `role_user_p` VALUES ('40288647319cc92901319ced2a1500bf', 'ff80808131301abf0131303ceab20031');
INSERT INTO `role_user_p` VALUES ('ff808081319eb4980131a183d4ae00f3', 'ff80808131301abf0131303ceab20031');
INSERT INTO `role_user_p` VALUES ('402886473192cf370131939706b70014', 'ff80808131301abf0131303ceab20031');
INSERT INTO `role_user_p` VALUES ('40288647319cc92901319ced2a1500bf', 'ff80808131301abf01313043fd3e0044');
INSERT INTO `role_user_p` VALUES ('ff808081319eb4980131a183d4ae00f3', 'ff80808131301abf01313043fd3e0044');
INSERT INTO `role_user_p` VALUES ('402886473192cf370131939706b70014', 'ff80808131301abf01313043fd3e0044');
INSERT INTO `role_user_p` VALUES ('402886473192cf370131939daf4e0026', 'ff80808131301abf0131303ed30a0035');
INSERT INTO `role_user_p` VALUES ('402886473192cf370131939c4379001d', 'ff80808131301abf0131303ed30a0035');
INSERT INTO `role_user_p` VALUES ('402886473192cf370131939c11da001a', 'ff80808131301abf0131303ed30a0035');
INSERT INTO `role_user_p` VALUES ('402886473192cf370131939859b40017', 'ff80808131301abf0131303ed30a0035');
INSERT INTO `role_user_p` VALUES ('402886473192cf370131939e27e9002c', 'ff80808131301abf0131303ed30a0035');
INSERT INTO `role_user_p` VALUES ('40288647319cc92901319ced2a1500bf', 'ff80808131301abf0131303ed30a0035');
INSERT INTO `role_user_p` VALUES ('402886473192cf370131939cc4de0020', 'ff80808131301abf0131303ed30a0035');
INSERT INTO `role_user_p` VALUES ('ff808081319eb4980131a183d4ae00f3', 'ff80808131301abf0131303ed30a0035');
INSERT INTO `role_user_p` VALUES ('402886473192cf370131939d5ecd0023', 'ff80808131301abf0131303ed30a0035');
INSERT INTO `role_user_p` VALUES ('402886473192cf370131939706b70014', 'ff80808131301abf0131303ed30a0035');
INSERT INTO `role_user_p` VALUES ('402886473192cf370131939ddebb0029', 'ff80808131301abf0131303ed30a0035');
INSERT INTO `role_user_p` VALUES ('402886473192cf370131939c11da001a', 'ff80808131301abf0131303fe2e40038');
INSERT INTO `role_user_p` VALUES ('40288647319cc92901319ced2a1500bf', 'ff80808131301abf0131303fe2e40038');
INSERT INTO `role_user_p` VALUES ('402886473192cf370131939cc4de0020', 'ff80808131301abf0131303fe2e40038');
INSERT INTO `role_user_p` VALUES ('ff808081319eb4980131a183d4ae00f3', 'ff80808131301abf0131303fe2e40038');
INSERT INTO `role_user_p` VALUES ('402886473192cf370131939d5ecd0023', 'ff80808131301abf0131303fe2e40038');
INSERT INTO `role_user_p` VALUES ('40288647319cc92901319ced2a1500bf', 'ff80808131301abf013130455a7c004a');
INSERT INTO `role_user_p` VALUES ('ff808081319eb4980131a183d4ae00f3', 'ff80808131301abf013130455a7c004a');
INSERT INTO `role_user_p` VALUES ('402886473192cf370131939706b70014', 'ff80808131301abf013130455a7c004a');
INSERT INTO `role_user_p` VALUES ('ff808081307f4ffc01307f596f2a0018', 'ff8080813d00613e013d006644a60003');
INSERT INTO `role_user_p` VALUES ('ff808081307f4ffc01307f596f2a0018', 'ff80808131301abf0131303ed30a0035');
INSERT INTO `role_user_p` VALUES ('40288647319cc92901319ced2a1500bf', 'ff808081307f4ffc01307f5ce342001f');
INSERT INTO `role_user_p` VALUES ('ff808081307f4ffc01307f596f2a0018', 'ff808081307f4ffc01307f5ce342001f');

-- ----------------------------
-- Table structure for sys_code_b
-- ----------------------------
DROP TABLE IF EXISTS `sys_code_b`;
CREATE TABLE `sys_code_b` (
  `SYS_CODE_ID` varchar(40) NOT NULL,
  `NAME` varchar(100) DEFAULT NULL,
  `PARENT_ID` varchar(40) DEFAULT NULL,
  `PARENT_NAME` varchar(100) DEFAULT NULL,
  `LAYER_NUM` int(11) DEFAULT NULL,
  `IS_LEAF` char(1) DEFAULT NULL,
  `ICO` varchar(20) DEFAULT NULL,
  `STATE` char(1) DEFAULT NULL,
  `CNOTE` varchar(100) DEFAULT NULL,
  `QUOTE_NUM` int(11) DEFAULT NULL,
  `ORDER_NO` int(11) DEFAULT NULL,
  `CREATED_BY` varchar(40) DEFAULT NULL,
  `CREATED_TIME` datetime DEFAULT NULL,
  `UPDATED_BY` varchar(40) DEFAULT NULL,
  `UPDATED_TIME` datetime DEFAULT NULL,
  PRIMARY KEY (`SYS_CODE_ID`)
) ENGINE=InnoDB DEFAULT CHARSET=utf8;

-- ----------------------------
-- Records of sys_code_b
-- ----------------------------
INSERT INTO `sys_code_b` VALUES ('01', '', '-1', 'root', '0', '0', null, '1', null, '1', '0', null, '2010-03-11 09:34:38', null, '2010-03-11 09:34:38');
INSERT INTO `sys_code_b` VALUES ('0101', '', '01', '', '1', '0', '', '', '', '0', '1', '001', '2011-07-16 07:43:41', null, null);
INSERT INTO `sys_code_b` VALUES ('010102', '', '0101', '', '2', '1', '', '', '', '0', '1', '001', '2011-07-16 07:44:43', null, null);
INSERT INTO `sys_code_b` VALUES ('010103', '', '0101', '', '2', '1', '', '', '', '0', '2', '001', '2011-07-16 07:44:43', null, null);
INSERT INTO `sys_code_b` VALUES ('010104', '', '0101', '', '2', '1', '', '', '', '0', '3', '001', '2011-07-16 07:44:43', '001', '2011-07-16 07:44:59');
INSERT INTO `sys_code_b` VALUES ('010105', '', '0101', '', '2', '1', '', '', '', '0', '4', '001', '2011-07-16 07:44:43', null, null);
INSERT INTO `sys_code_b` VALUES ('010106', '', '0101', '', '2', '1', '', '', '', '0', '5', '001', '2011-07-16 07:44:43', null, null);
INSERT INTO `sys_code_b` VALUES ('0102', '', '01', '', '1', '0', '', '', '', '0', '2', '001', '2011-08-05 15:21:43', null, null);
INSERT INTO `sys_code_b` VALUES ('010202', '', '0102', '', '2', '1', '', '', '', '0', '1', '001', '2011-08-05 15:24:17', null, null);
INSERT INTO `sys_code_b` VALUES ('010203', '', '0102', '', '2', '1', '', '', '', '0', '2', '001', '2011-08-05 15:24:17', null, null);
INSERT INTO `sys_code_b` VALUES ('010204', '', '0102', '', '2', '1', '', '', '', '0', '3', '001', '2011-08-05 15:24:17', null, null);
INSERT INTO `sys_code_b` VALUES ('010205', '', '0102', '', '2', '1', '', '', '', '0', '4', '001', '2011-08-05 15:24:17', null, null);
INSERT INTO `sys_code_b` VALUES ('010206', '', '0102', '', '2', '1', '', '', '', '0', '5', '001', '2011-08-05 15:24:17', null, null);
INSERT INTO `sys_code_b` VALUES ('0103', '', '01', '', '1', '0', '', '', '', '1', '3', '001', '2011-08-05 15:21:43', '001', '2011-10-04 08:13:04');
INSERT INTO `sys_code_b` VALUES ('010302', '', '0103', '', '2', '1', '', '', '', '1', '1', '001', '2011-08-18 16:10:22', '001', '2011-10-04 08:14:20');
INSERT INTO `sys_code_b` VALUES ('010303', '', '0103', '', '2', '1', '', '', '', '1', '2', '001', '2011-08-18 16:10:22', '001', '2011-10-04 08:14:20');
INSERT INTO `sys_code_b` VALUES ('010304', 'PVC', '0103', '', '2', '1', '', '', '', '1', '3', '001', '2012-01-20 15:16:07', null, null);
INSERT INTO `sys_code_b` VALUES ('010305', '', '0103', '', '2', '1', '', '', '', '1', '4', '001', '2012-01-20 15:16:07', null, null);
INSERT INTO `sys_code_b` VALUES ('010306', '', '0103', '', '2', '1', '', '', '', '1', '5', '001', '2012-01-20 15:16:07', null, null);
INSERT INTO `sys_code_b` VALUES ('010307', '', '0103', '', '2', '1', '', '', '', '1', '6', '001', '2012-01-20 15:16:07', null, null);
INSERT INTO `sys_code_b` VALUES ('010308', '', '0103', '', '2', '1', '', '', '', '1', '7', '001', '2012-01-20 15:16:07', null, null);
INSERT INTO `sys_code_b` VALUES ('010309', '', '0103', '', '2', '1', '', '', '', '1', '8', '001', '2012-11-09 11:59:26', null, null);
INSERT INTO `sys_code_b` VALUES ('0104', '', '01', '', '1', '0', '', '', '', '1', '4', '001', '2011-10-04 08:13:04', null, null);
INSERT INTO `sys_code_b` VALUES ('010402', '', '0104', '', '2', '1', '', '1', '', '1', '1', '001', '2011-10-04 08:14:10', null, null);
INSERT INTO `sys_code_b` VALUES ('010403', '', '0104', '', '2', '1', '', '1', '', '1', '2', '001', '2011-10-04 08:14:10', null, null);
INSERT INTO `sys_code_b` VALUES ('010404', '', '0104', '', '2', '1', '', '1', '', '1', '3', '001', '2011-10-04 08:14:10', null, null);
INSERT INTO `sys_code_b` VALUES ('010405', '', '0104', '', '2', '1', null, '1', null, '1', '4', '001', '2011-10-04 08:14:11', null, '2011-11-26 13:08:59');
INSERT INTO `sys_code_b` VALUES ('010407', 'PVC', '0104', '', '2', '1', '', '1', '', '0', '6', '001', '2011-12-06 12:54:52', null, null);
INSERT INTO `sys_code_b` VALUES ('010408', '', '0104', '', '2', '1', '', '1', '', '0', '7', '001', '2011-12-06 12:54:52', null, null);
INSERT INTO `sys_code_b` VALUES ('010409', '', '0104', '', '2', '1', null, '1', null, '0', '8', '001', '2012-04-01 14:24:24', null, '2012-04-01 14:24:24');
INSERT INTO `sys_code_b` VALUES ('a', '', '-1', 'root', '0', '0', null, '1', null, '1', '0', null, '2010-03-11 09:34:38', null, '2010-03-11 09:34:38');
INSERT INTO `sys_code_b` VALUES ('b', '', '01', '', '1', '0', '', '', '', '0', '1', '001', '2011-07-16 07:43:41', null, null);

-- ----------------------------
-- Table structure for user_p
-- ----------------------------
DROP TABLE IF EXISTS `user_p`;
CREATE TABLE `user_p` (
  `USER_ID` varchar(40) NOT NULL,
  `DEPT_ID` varchar(40) DEFAULT NULL,
  `BUSINESS_POSITION_ID` varchar(40) DEFAULT NULL,
  `NAME` varchar(30) DEFAULT NULL,
  `PASSWORD` varchar(32) DEFAULT NULL,
  `PY_CODE` varchar(20) DEFAULT NULL,
  `REAL_NAME` varchar(30) DEFAULT NULL,
  `POSITION` varchar(40) DEFAULT NULL,
  `DUTY_DEPT` varchar(50) DEFAULT NULL,
  `DUTY_LEVEL` varchar(40) DEFAULT NULL,
  `USER_LEVEL` int(11) DEFAULT NULL,
  `CNOTE` varchar(200) DEFAULT NULL,
  `IS_USE` char(1) DEFAULT NULL,
  `IS_CHANGE_PASS` char(1) DEFAULT NULL,
  `IS_ONLINE` char(1) DEFAULT NULL,
  `CUR_STATION` varchar(200) DEFAULT NULL,
  `ORDER_NO` decimal(10,0) DEFAULT NULL,
  `LOGIN_NUM` int(11) DEFAULT NULL,
  `LOGIN_TIME` datetime DEFAULT NULL,
  `REALP` varchar(32) DEFAULT NULL,
  `SUPER_USER` bit(1) DEFAULT NULL,
  `MOBILE` varchar(40) DEFAULT NULL,
  `TELEPHONE` varchar(100) DEFAULT NULL,
  `IS_SEND_SMS` varchar(1) DEFAULT NULL,
  PRIMARY KEY (`USER_ID`)
) ENGINE=InnoDB DEFAULT CHARSET=utf8;

-- ----------------------------
-- Records of user_p
-- ----------------------------
INSERT INTO `user_p` VALUES ('001', '0', null, 'sysdebug', '670b14728ad9902aecba32e22fa4f6bd', 'sysdebug', '', '', null, '0', '0', null, '1', '0', '0', '/home/console/jConsoleList.jsp', '0', '0', '2010-02-02 16:25:15', '000000', '', null, null, '1');
INSERT INTO `user_p` VALUES ('ff808081307f4ffc01307f5ce342001f', '0001', null, 'admin', '670b14728ad9902aecba32e22fa4f6bd', null, '', '', null, '0001', '1', null, '1', null, '0', null, null, '0', null, '000000', '\0', '', '', '0');
INSERT INTO `user_p` VALUES ('ff80808131301abf0131303ceab20031', '0001', null, 'wujie', '670b14728ad9902aecba32e22fa4f6bd', null, '', '', null, '0001', '2', null, '1', null, '0', null, null, '0', null, '000000', '\0', '', '', '0');
INSERT INTO `user_p` VALUES ('ff80808131301abf0131303ed30a0035', '0001001', null, 'Leon', 'ffd4bcb93839116254f5baec76ada7f8', null, '', '', null, '0001001', '3', null, '1', null, '0', null, null, '0', null, 'lux83524074', '\0', '', '', '0');
INSERT INTO `user_p` VALUES ('ff80808131301abf0131303fe2e40038', '0001002', null, 'yangli', '670b14728ad9902aecba32e22fa4f6bd', null, '', '', null, '0001002', '5', null, '1', null, '0', null, null, '0', null, '000000', '\0', '', '', '0');
INSERT INTO `user_p` VALUES ('ff80808131301abf01313040e6b7003b', '0001003', null, 'zhangyujie', '670b14728ad9902aecba32e22fa4f6bd', null, '', '', null, '0001003', '3', null, '1', null, '0', null, null, '0', null, '000000', '\0', '', '', '0');
INSERT INTO `user_p` VALUES ('ff80808131301abf01313041a034003e', '0001004', null, 'xijun', '670b14728ad9902aecba32e22fa4f6bd', null, '', '', null, '0001004', '3', null, '1', null, '0', null, null, '0', null, '000000', '\0', '', '', '0');
INSERT INTO `user_p` VALUES ('ff80808131301abf0131304334410041', '0001', null, 'yinliru', '670b14728ad9902aecba32e22fa4f6bd', null, '', '', null, '0001', '2', null, '1', null, '0', null, null, '0', null, '000000', '\0', '', '', '0');
INSERT INTO `user_p` VALUES ('ff80808131301abf01313043fd3e0044', '0001', null, 'duyong', '670b14728ad9902aecba32e22fa4f6bd', null, '', '', null, '0001', '2', null, '1', null, null, null, null, '0', null, '000000', '\0', '', '', '0');
INSERT INTO `user_p` VALUES ('ff80808131301abf01313044c2d00047', '0001002', null, 'tianyan', '670b14728ad9902aecba32e22fa4f6bd', null, '', '', null, '0001002', '5', null, '1', null, '0', null, null, '0', null, '000000', '\0', '', '', '0');
INSERT INTO `user_p` VALUES ('ff80808131301abf013130455a7c004a', '0001002', null, 'wumengxi', '670b14728ad9902aecba32e22fa4f6bd', null, '', '', null, '0001002', '2', null, '1', null, null, null, null, '0', null, '000000', '\0', '', '', '0');
INSERT INTO `user_p` VALUES ('ff80808131301abf013130492d100053', '0001002', null, 'shiyuxiu', '670b14728ad9902aecba32e22fa4f6bd', null, '', '', null, '0001002', '5', null, '1', null, '0', null, null, '0', null, '000000', '\0', '', '', '0');
INSERT INTO `user_p` VALUES ('ff80808131301abf0131304ac5060058', '0001003', null, 'dujuanli', '670b14728ad9902aecba32e22fa4f6bd', null, '', '', null, '0001003', '5', null, '1', null, '0', null, null, '0', null, '000000', '\0', '', '', '0');
INSERT INTO `user_p` VALUES ('ff8080813d00613e013d006644a60003', '0001', null, 'show', '670b14728ad9902aecba32e22fa4f6bd', null, '', '', null, '0001', '2', null, '1', null, '0', null, null, '0', null, '000000', '\0', '', '', '0');

-- ----------------------------
-- Procedure structure for insert_big_data
-- ----------------------------
DROP PROCEDURE IF EXISTS `insert_big_data`;
DELIMITER ;;
CREATE DEFINER=`root`@`localhost` PROCEDURE `insert_big_data`(IN START INT(10), IN max_num INT(10))
BEGIN
DECLARE i INT DEFAULT 0;
SET autocommit=0;
REPEAT
SET i=i+1;
INSERT INTO customer 
VALUES((START+i), CONCAT('tony',i),RAND()*90,'');
UNTIL i = max_num
END REPEAT;
COMMIT;
    END
;;
DELIMITER ;

-- ----------------------------
-- Procedure structure for sp_customer
-- ----------------------------
DROP PROCEDURE IF EXISTS `sp_customer`;
DELIMITER ;;
CREATE DEFINER=`root`@`localhost` PROCEDURE `sp_customer`(IN START INT(10), IN max_num INT(10))
BEGIN
DECLARE i INT DEFAULT 0;
SET autocommit=0;
REPEAT
SET i=i+1;
INSERT INTO customer 
VALUES((START+i), CONCAT('tony',i),RAND()*90,'');
UNTIL i = max_num
END REPEAT;
COMMIT;
   
END
;;
DELIMITER ;

-- ----------------------------
-- Procedure structure for sp_del_contract
-- ----------------------------
DROP PROCEDURE IF EXISTS `sp_del_contract`;
DELIMITER ;;
CREATE DEFINER=`root`@`localhost` PROCEDURE `sp_del_contract`(IN p_contract_id VARCHAR(40))
BEGIN
/**/
DELETE FROM ext_cproduct_c WHERE contract_product_id IN (SELECT contract_product_id FROM contract_product_c WHERE contract_id=p_contract_id);
/**/
DELETE FROM contract_product_c WHERE contract_id=p_contract_id;
/**/
DELETE FROM contract_c WHERE contract_id=p_contract_id;
COMMIT;
    
END
;;
DELIMITER ;

-- ----------------------------
-- Procedure structure for sp_del_export
-- ----------------------------
DROP PROCEDURE IF EXISTS `sp_del_export`;
DELIMITER ;;
CREATE DEFINER=`root`@`localhost` PROCEDURE `sp_del_export`(IN p_export_id VARCHAR(40))
BEGIN
/**/
DELETE FROM ext_eproduct_c WHERE export_product_id IN (SELECT export_product_id FROM export_product_c WHERE export_id=p_export_id);
/**/
DELETE FROM export_product_c WHERE export_id=p_export_id;
/**/
DELETE FROM export_c WHERE export_id=p_export_id;
COMMIT;
    
END
;;
DELIMITER ;
DROP TRIGGER IF EXISTS `tri_del_contract_product`;
DELIMITER ;;
CREATE TRIGGER `tri_del_contract_product` BEFORE DELETE ON `contract_c` FOR EACH ROW BEGIN
	DELETE FROM contract_product_c WHERE contract_id=old.contract_id;
    END
;;
DELIMITER ;
DROP TRIGGER IF EXISTS `tri_del_ext_cproduct`;
DELIMITER ;;
CREATE TRIGGER `tri_del_ext_cproduct` BEFORE DELETE ON `contract_product_c` FOR EACH ROW BEGIN
	DELETE FROM ext_cproduct_c WHERE contract_product_id=old.contract_product_id;
    END
;;
DELIMITER ;
